-- phpMyAdmin SQL Dump
-- version 4.4.15.7
-- http://www.phpmyadmin.net
--
-- Хост: localhost
-- Время создания: Сен 08 2016 г., 18:03
-- Версия сервера: 5.5.44-MariaDB
-- Версия PHP: 5.4.16

SET SQL_MODE = "NO_AUTO_VALUE_ON_ZERO";
SET time_zone = "+00:00";


/*!40101 SET @OLD_CHARACTER_SET_CLIENT=@@CHARACTER_SET_CLIENT */;
/*!40101 SET @OLD_CHARACTER_SET_RESULTS=@@CHARACTER_SET_RESULTS */;
/*!40101 SET @OLD_COLLATION_CONNECTION=@@COLLATION_CONNECTION */;
/*!40101 SET NAMES utf8mb4 */;

--
-- База данных: `c1weddingcars`
--

-- --------------------------------------------------------

--
-- Структура таблицы `access_log`
--

CREATE TABLE IF NOT EXISTS `access_log` (
  `id` int(11) NOT NULL,
  `action` varchar(25) NOT NULL,
  `user_id` int(11) NOT NULL,
  `item_id` int(11) NOT NULL,
  `changed` text,
  `attributes` text,
  `model_class` varchar(255) NOT NULL,
  `created_at` int(13) NOT NULL
) ENGINE=InnoDB AUTO_INCREMENT=159 DEFAULT CHARSET=utf8;

--
-- Дамп данных таблицы `access_log`
--

INSERT INTO `access_log` (`id`, `action`, `user_id`, `item_id`, `changed`, `attributes`, `model_class`, `created_at`) VALUES
(24, 'update', 1, 6, '[{"checked":1}]', '[{"checked":"0"}]', 'app\\models\\Auto', 1472202790),
(25, 'update', 1, 6, '[{"checked":0}]', '[{"checked":1}]', 'app\\models\\Auto', 1472202833),
(26, 'update', 1, 6, '[{"checked":1}]', '[{"checked":"0"}]', 'app\\models\\Auto', 1472202855),
(27, 'update', 1, 6, '[{"checked":0}]', '[{"checked":1}]', 'app\\models\\Auto', 1472202859),
(28, 'update', 1, 6, '[{"checked":1}]', '[{"checked":0}]', 'app\\models\\Auto', 1472202924),
(29, 'update', 1, 6, '[{"checked":0}]', '[{"checked":1}]', 'app\\models\\Auto', 1472202925),
(30, 'update', 31, 6, '[{"checked":1}]', '[{"checked":"0"}]', 'app\\models\\Auto', 1472203265),
(31, 'update', 1, 6, '[{"checked":0}]', '[{"checked":1}]', 'app\\models\\Auto', 1472647660),
(32, 'update', 1, 6, '[{"checked":1}]', '[{"checked":0}]', 'app\\models\\Auto', 1472647661),
(33, 'update', 1, 6, '[{"checked":0}]', '[{"checked":1}]', 'app\\models\\Auto', 1472647663),
(34, 'update', 1, 6, '[{"checked":1}]', '[{"checked":0}]', 'app\\models\\Auto', 1472647669),
(35, 'create', 1, 21, NULL, NULL, 'app\\models\\Orders', 1472647979),
(36, 'delete', 1, 37, NULL, '{"id":37,"name":"\\u0412\\u043d\\u0435\\u0434\\u043e\\u0440\\u043e\\u0436\\u043d\\u0438\\u043a\\u0438","picture":"uploads\\/categories\\/jeep_2016-08-01_04:59:53.png"}', 'app\\models\\Categories', 1472719579),
(37, 'delete', 1, 35, NULL, '{"id":35,"name":"\\u041b\\u0438\\u043c\\u0443\\u0437\\u0438\\u043d\\u044b","picture":"uploads\\/categories\\/limousine_2016-07-27_02:56:34.jpg"}', 'app\\models\\Categories', 1472719603),
(38, 'create', 1, 38, NULL, NULL, 'app\\models\\Categories', 1472719639),
(39, 'create', 1, 39, NULL, NULL, 'app\\models\\Categories', 1472719680),
(40, 'create', 1, 40, NULL, NULL, 'app\\models\\Categories', 1472719705),
(41, 'create', 1, 41, NULL, NULL, 'app\\models\\Categories', 1472719732),
(42, 'create', 1, 42, NULL, NULL, 'app\\models\\Categories', 1472719764),
(43, 'create', 1, 43, NULL, NULL, 'app\\models\\Categories', 1472719799),
(44, 'create', 1, 44, NULL, NULL, 'app\\models\\Categories', 1472719820),
(45, 'create', 1, 45, NULL, NULL, 'app\\models\\Categories', 1472719844),
(46, 'update', 1, 7, '[{"category_id":37}]', '[{"category_id":"40"}]', 'app\\models\\Auto', 1472719957),
(47, 'update', 1, 6, '[{"checked":0}]', '[{"checked":1}]', 'app\\models\\Auto', 1472720017),
(48, 'update', 1, 6, '[{"category_id":35}]', '[{"category_id":"38"}]', 'app\\models\\Auto', 1472720031),
(49, 'update', 1, 14, '[{"category_id":37}]', '[{"category_id":"39"}]', 'app\\models\\Auto', 1472720032),
(50, 'update', 1, 7, '[{"category_id":40}]', '[{"category_id":"39"}]', 'app\\models\\Auto', 1472720035),
(51, 'update', 1, 8, '[{"category_id":35}]', '[{"category_id":"40"}]', 'app\\models\\Auto', 1472720039),
(52, 'update', 1, 9, '[{"category_id":35}]', '[{"category_id":"41"}]', 'app\\models\\Auto', 1472720043),
(53, 'update', 1, 10, '[{"category_id":37}]', '[{"category_id":"42"}]', 'app\\models\\Auto', 1472720051),
(54, 'update', 1, 11, '[{"category_id":37}]', '[{"category_id":"43"}]', 'app\\models\\Auto', 1472720055),
(55, 'update', 1, 12, '[{"category_id":37}]', '[{"category_id":"44"}]', 'app\\models\\Auto', 1472720060),
(56, 'update', 1, 13, '[{"category_id":37}]', '[{"category_id":"45"}]', 'app\\models\\Auto', 1472720065),
(57, 'update', 1, 14, '[{"category_id":39}]', '[{"category_id":"44"}]', 'app\\models\\Auto', 1472720069),
(58, 'update', 1, 14, '[{"category_id":44}]', '[{"category_id":"39"}]', 'app\\models\\Auto', 1472720081),
(59, 'create', 1, 22, NULL, NULL, 'app\\models\\Orders', 1472720162),
(60, 'update', 1, 14, '[{"hour_cost":"0.01"}]', '[{"hour_cost":"250"}]', 'app\\models\\Auto', 1472720433),
(61, 'update', 1, 9, '[{"text":"<p>\\u041e \\u043a\\u043e\\u043c\\u043f\\u0430\\u043d\\u0438\\u0438<\\/p>"}]', '[{"text":"<table><colgroup><col><\\/colgroup><tbody><tr><td><p>Weddingcars - \\u044d\\u0442\\u043e \\u043f\\u0435\\u0440\\u0432\\u044b\\u0439 \\u0432 \\u041f\\u043e\\u043b\\u0442\\u0430\\u0432\\u0435 \\u0438 \\u0423\\u043a\\u0440\\u0430\\u0438\\u043d\\u0435 \\u043e\\u0442\\u043a\\u0440\\u044b\\u0442\\u044b\\u0439 \\u0441\\u0435\\u0440\\u0432\\u0438\\u0441 \\u043f\\u043e\\u0438\\u0441\\u043a\\u0430 \\u0441\\u0432\\u0430\\u0434\\u0435\\u0431\\u043d\\u044b\\u0445 \\u0430\\u0432\\u0442\\u043e\\u043c\\u043e\\u0431\\u0438\\u043b\\u0435\\u0439. \\u041c\\u044b \\u0432\\u044b\\u0441\\u0442\\u0443\\u043f\\u0430\\u0435\\u043c \\u0432 \\u043a\\u0430\\u0447\\u0435\\u0441\\u0442\\u0432\\u0435 \\u043f\\u043e\\u0441\\u0440\\u0435\\u0434\\u043d\\u0438\\u043a\\u0430 \\u043c\\u0435\\u0436\\u0434\\u0443 \\u0432\\u043e\\u0434\\u0438\\u0442\\u0435\\u043b\\u044f\\u043c\\u0438 \\u0438 \\u043a\\u043b\\u0438\\u0435\\u043d\\u0442\\u0430\\u043c\\u0438. \\u0412\\u043e\\u0434\\u0438\\u0442\\u0435\\u043b\\u0438, \\u0436\\u0435\\u043b\\u0430\\u044e\\u0449\\u0438\\u0435 \\u043f\\u0440\\u0435\\u0434\\u043e\\u0441\\u0442\\u0430\\u0432\\u043b\\u044f\\u0442\\u044c \\u0443\\u0441\\u043b\\u0443\\u0433\\u0438 \\u0441\\u0432\\u0430\\u0434\\u0435\\u0431\\u043d\\u043e\\u0439 \\u043f\\u0435\\u0440\\u0435\\u0432\\u043e\\u0437\\u043a\\u0438, \\u043f\\u0440\\u043e\\u0445\\u043e\\u0434\\u044f\\u0442 \\u043f\\u0440\\u043e\\u0432\\u0435\\u0440\\u043a\\u0443 \\u0438 \\u0440\\u0435\\u0433\\u0438\\u0441\\u0442\\u0440\\u0438\\u0440\\u0443\\u044e\\u0442\\u0441\\u044f \\u043d\\u0430 \\u043d\\u0430\\u0448\\u0435\\u0439 \\u043e\\u043d\\u043b\\u0430\\u0439\\u043d-\\u043f\\u043b\\u043e\\u0449\\u0430\\u0434\\u043a\\u0435. <\\/p><p>\\u041a\\u043b\\u0438\\u0435\\u043d\\u0442\\u044b, \\u0432 \\u0441\\u0432\\u043e\\u044e \\u043e\\u0447\\u0435\\u0440\\u0435\\u0434\\u044c, \\u0438\\u043c\\u0435\\u044e\\u0442 \\u0432\\u043e\\u0437\\u043c\\u043e\\u0436\\u043d\\u043e\\u0441\\u0442\\u044c \\u0441\\u0430\\u043c\\u043e\\u0441\\u0442\\u043e\\u044f\\u0442\\u0435\\u043b\\u044c\\u043d\\u043e \\u0432\\u044b\\u0431\\u0440\\u0430\\u0442\\u044c \\u0441\\u0432\\u0430\\u0434\\u0435\\u0431\\u043d\\u044b\\u0439 \\u0430\\u0432\\u0442\\u043e\\u043c\\u043e\\u0431\\u0438\\u043b\\u044c \\u043d\\u0430 \\u043b\\u044e\\u0431\\u043e\\u0439 \\u0432\\u043a\\u0443\\u0441 \\u0438 \\u0446\\u0432\\u0435\\u0442 \\u0438\\u0437 \\u043e\\u0431\\u0448\\u0438\\u0440\\u043d\\u043e\\u0433\\u043e \\u043f\\u0435\\u0440\\u0435\\u0447\\u043d\\u044f \\u043f\\u0440\\u0435\\u0434\\u0441\\u0442\\u0430\\u0432\\u043b\\u0435\\u043d\\u043d\\u044b\\u0445 \\u0432\\u0430\\u0440\\u0438\\u0430\\u043d\\u0442\\u043e\\u0432.<\\/p><\\/td><\\/tr><tr><td><p>\\u041e\\u0434\\u043d\\u0438\\u043c \\u0438\\u0437 \\u043d\\u0430\\u0448\\u0438\\u0445 \\u043f\\u0440\\u0435\\u0438\\u043c\\u0443\\u0449\\u0435\\u0441\\u0442\\u0432 \\u044f\\u0432\\u043b\\u044f\\u0435\\u0442\\u0441\\u044f \\u0432\\u043e\\u0437\\u043c\\u043e\\u0436\\u043d\\u043e\\u0441\\u0442\\u044c \\u0432\\u044b\\u0431\\u043e\\u0440\\u0430 \\u0441\\u0440\\u0435\\u0434\\u0438 \\u0431\\u043e\\u043b\\u044c\\u0448\\u043e\\u0433\\u043e \\u043a\\u043e\\u043b\\u0438\\u0447\\u0435\\u0441\\u0442\\u0432\\u0430 \\u043f\\u0440\\u0435\\u0434\\u043b\\u043e\\u0436\\u0435\\u043d\\u0438\\u0439. \\u0412\\u0430\\u0448\\u0435\\u043c\\u0443 \\u0432\\u043d\\u0438\\u043c\\u0430\\u043d\\u0438\\u044e \\u043f\\u0440\\u0435\\u0434\\u043b\\u0430\\u0433\\u0430\\u044e\\u0442\\u0441\\u044f \\u0440\\u0430\\u0437\\u043b\\u0438\\u0447\\u043d\\u044b\\u0435 \\u0432\\u0430\\u0440\\u0438\\u0430\\u043d\\u0442\\u044b \\u043a\\u043e\\u043c\\u043f\\u043b\\u0435\\u043a\\u0442\\u0430\\u0446\\u0438\\u0438 \\u0441\\u0432\\u0430\\u0434\\u0435\\u0431\\u043d\\u043e\\u0433\\u043e \\u043a\\u043e\\u0440\\u0442\\u0435\\u0436\\u0430 - \\u043b\\u0435\\u0433\\u043a\\u043e\\u0432\\u044b\\u0435 \\u0430\\u0432\\u0442\\u043e \\u0438 \\u0432\\u043d\\u0435\\u0434\\u043e\\u0440\\u043e\\u0436\\u043d\\u0438\\u043a\\u0438, \\u0440\\u0435\\u0442\\u0440\\u043e-\\u0430\\u0432\\u0442\\u043e\\u043c\\u043e\\u0431\\u0438\\u043b\\u0438, \\u043a\\u0430\\u0431\\u0440\\u0438\\u043e\\u043b\\u0435\\u0442\\u044b, \\u043b\\u0438\\u043c\\u0443\\u0437\\u0438\\u043d\\u044b \\u0438 \\u043f\\u0440. \\u041d\\u0430 \\u0441\\u0435\\u0440\\u0432\\u0438\\u0441\\u0435 Weddingcars \\u043f\\u0440\\u0435\\u0434\\u0441\\u0442\\u0430\\u0432\\u043b\\u0435\\u043d\\u044b \\u0430\\u0432\\u0442\\u043e \\u043b\\u044e\\u0431\\u043e\\u0439 \\u0446\\u0435\\u043d\\u043e\\u0432\\u043e\\u0439 \\u043a\\u0430\\u0442\\u0435\\u0433\\u043e\\u0440\\u0438\\u0438 \\u2013 \\u043e\\u0442 \\u043c\\u043e\\u0434\\u0435\\u043b\\u0435\\u0439 \\u044d\\u043a\\u043e\\u043d\\u043e\\u043c-\\u043a\\u043b\\u0430\\u0441\\u0441\\u0430 \\u0434\\u043e \\u0430\\u0432\\u0442\\u043e\\u043c\\u0430\\u0448\\u0438\\u043d \\u043a\\u043b\\u0430\\u0441\\u0441\\u0430 \\u043b\\u044e\\u043a\\u0441. \\u0422\\u0430\\u043a\\u0436\\u0435 \\u043c\\u043e\\u0436\\u043d\\u043e \\u043d\\u0430\\u0439\\u0442\\u0438 \\u0438 \\u0437\\u0430\\u043a\\u0430\\u0437\\u0430\\u0442\\u044c \\u043a\\u043e\\u043c\\u0444\\u043e\\u0440\\u0442\\u0430\\u0431\\u0435\\u043b\\u044c\\u043d\\u044b\\u0435 \\u0430\\u0432\\u0442\\u043e\\u0431\\u0443\\u0441\\u044b \\u0438 \\u043c\\u0438\\u043a\\u0440\\u043e\\u0430\\u0432\\u0442\\u043e\\u0431\\u0443\\u0441\\u044b, \\u0447\\u0442\\u043e\\u0431\\u044b \\u043f\\u0440\\u0438\\u0432\\u0435\\u0437\\u0442\\u0438 \\u043d\\u0430 \\u043f\\u0440\\u0430\\u0437\\u0434\\u043d\\u0438\\u043a \\u0432\\u0441\\u0435\\u0445 \\u0432\\u0430\\u0448\\u0438\\u0445 \\u0433\\u043e\\u0441\\u0442\\u0435\\u0439.<\\/p><\\/td><\\/tr><tr><td><br><\\/td><\\/tr><tr><td><p>\\u0410\\u0432\\u0442\\u043e, \\u043f\\u0440\\u0435\\u0434\\u0441\\u0442\\u0430\\u0432\\u043b\\u0435\\u043d\\u043d\\u044b\\u0435 \\u0432 \\u043d\\u0430\\u0448\\u0435\\u043c \\u043a\\u0430\\u0442\\u0430\\u043b\\u043e\\u0433\\u0435, \\u043e\\u0431\\u043b\\u0430\\u0434\\u0430\\u044e\\u0442 \\u0431\\u0435\\u0437\\u0443\\u043f\\u0440\\u0435\\u0447\\u043d\\u044b\\u043c \\u0432\\u043d\\u0435\\u0448\\u043d\\u0438\\u043c \\u0432\\u0438\\u0434\\u043e\\u043c \\u0438 \\u043e\\u0442\\u043b\\u0438\\u0447\\u043d\\u044b\\u043c \\u0442\\u0435\\u0445\\u043d\\u0438\\u0447\\u0435\\u0441\\u043a\\u0438\\u043c \\u0441\\u043e\\u0441\\u0442\\u043e\\u044f\\u043d\\u0438\\u0435\\u043c. \\u0412\\u043e\\u0434\\u0438\\u0442\\u0435\\u043b\\u0438, \\u043a\\u043e\\u0442\\u043e\\u0440\\u044b\\u0435 \\u0440\\u0430\\u0431\\u043e\\u0442\\u0430\\u044e\\u0442 \\u0441 Weddingcars, \\u043f\\u0440\\u043e\\u0445\\u043e\\u0434\\u044f\\u0442 \\u043e\\u0431\\u044f\\u0437\\u0430\\u0442\\u0435\\u043b\\u044c\\u043d\\u0443\\u044e \\u043f\\u0440\\u043e\\u0432\\u0435\\u0440\\u043a\\u0443 \\u0438 \\u043f\\u043e\\u0434\\u043f\\u0438\\u0441\\u044b\\u0432\\u0430\\u044e\\u0442 \\u0434\\u043e\\u0433\\u043e\\u0432\\u043e\\u0440-\\u0441\\u043e\\u0433\\u043b\\u0430\\u0448\\u0435\\u043d\\u0438\\u0435, \\u0441\\u043e\\u0434\\u0435\\u0440\\u0436\\u0430\\u0449\\u0438\\u0439 \\u0443\\u0441\\u043b\\u043e\\u0432\\u0438\\u044f \\u0441\\u043e\\u0442\\u0440\\u0443\\u0434\\u043d\\u0438\\u0447\\u0435\\u0441\\u0442\\u0432\\u0430, \\u0432 \\u0442\\u043e\\u043c \\u0447\\u0438\\u0441\\u043b\\u0435 \\u043a\\u0430\\u0441\\u0430\\u0435\\u043c\\u043e \\u043e\\u043f\\u0440\\u044f\\u0442\\u043d\\u043e\\u0433\\u043e \\u0432\\u043d\\u0435\\u0448\\u043d\\u0435\\u0433\\u043e \\u0432\\u0438\\u0434\\u0430 \\u0432\\u043e\\u0434\\u0438\\u0442\\u0435\\u043b\\u044f \\u0438 \\u0430\\u0432\\u0442\\u043e\\u043c\\u043e\\u0431\\u0438\\u043b\\u044f, \\u0445\\u0438\\u043c\\u0447\\u0438\\u0441\\u0442\\u043a\\u0438 \\u0441\\u0430\\u043b\\u043e\\u043d\\u0430 \\u0438 \\u043f\\u0440.<\\/p><\\/td><\\/tr><tr><td><p>\\u0420\\u0435\\u0439\\u0442\\u0438\\u043d\\u0433 \\u0430\\u0432\\u0442\\u043e\\u043c\\u043e\\u0431\\u0438\\u043b\\u0435\\u0439 \\u0438 \\u0440\\u0435\\u0430\\u043b\\u044c\\u043d\\u044b\\u0435 \\u043e\\u0442\\u0437\\u044b\\u0432\\u044b \\u043f\\u043e\\u0441\\u0435\\u0442\\u0438\\u0442\\u0435\\u043b\\u0435\\u0439 \\u043d\\u0430 \\u0441\\u0430\\u0439\\u0442\\u0435 \\u043f\\u043e\\u043c\\u043e\\u0433\\u0443\\u0442 \\u0432\\u0430\\u043c \\u0441\\u0434\\u0435\\u043b\\u0430\\u0442\\u044c \\u0434\\u0435\\u0439\\u0441\\u0442\\u0432\\u0438\\u0442\\u0435\\u043b\\u044c\\u043d\\u043e \\u043b\\u0443\\u0447\\u0448\\u0438\\u0439 \\u0432\\u044b\\u0431\\u043e\\u0440 \\u0434\\u043b\\u044f \\u0432\\u0430\\u0448\\u0435\\u0433\\u043e \\u043d\\u0435\\u0437\\u0430\\u0431\\u044b\\u0432\\u0430\\u0435\\u043c\\u043e\\u0433\\u043e \\u043f\\u0440\\u0430\\u0437\\u0434\\u043d\\u0438\\u043a\\u0430. \\u041f\\u043e\\u044d\\u0442\\u043e\\u043c\\u0443, \\u0435\\u0441\\u043b\\u0438 \\u0432\\u044b \\u0440\\u0435\\u0448\\u0438\\u043b\\u0438 \\u0441\\u0434\\u0435\\u043b\\u0430\\u0442\\u044c \\u0412\\u0430\\u0448\\u0443 \\u0441\\u0432\\u0430\\u0434\\u044c\\u0431\\u0443 \\u0434\\u0435\\u0439\\u0441\\u0442\\u0432\\u0438\\u0442\\u0435\\u043b\\u044c\\u043d\\u043e \\u044f\\u0440\\u043a\\u043e\\u0439 \\u0438 \\u043d\\u0435\\u0437\\u0430\\u0431\\u044b\\u0432\\u0430\\u0435\\u043c\\u043e\\u0439 \\u0438 \\u043f\\u043e\\u043b\\u0443\\u0447\\u0438\\u0442\\u044c \\u0438\\u0441\\u043a\\u043b\\u044e\\u0447\\u0438\\u0442\\u0435\\u043b\\u044c\\u043d\\u043e \\u043f\\u043e\\u043b\\u043e\\u0436\\u0438\\u0442\\u0435\\u043b\\u044c\\u043d\\u044b\\u0435 \\u0432\\u043f\\u0435\\u0447\\u0430\\u0442\\u043b\\u0435\\u043d\\u0438\\u044f, \\u0432\\u043e\\u0441\\u043f\\u043e\\u043b\\u044c\\u0437\\u0443\\u0439\\u0442\\u0435\\u0441\\u044c \\u0443\\u0441\\u043b\\u0443\\u0433\\u0430\\u043c\\u0438 \\u0441\\u0435\\u0440\\u0432\\u0438\\u0441\\u0430 Weddingcars!<\\/p><\\/td><\\/tr><\\/tbody><\\/table>"}]', 'app\\models\\Pages', 1472720576),
(62, 'update', 1, 9, '[{"text":"<table><colgroup><col><\\/colgroup><tbody><tr><td><p>Weddingcars - \\u044d\\u0442\\u043e \\u043f\\u0435\\u0440\\u0432\\u044b\\u0439 \\u0432 \\u041f\\u043e\\u043b\\u0442\\u0430\\u0432\\u0435 \\u0438 \\u0423\\u043a\\u0440\\u0430\\u0438\\u043d\\u0435 \\u043e\\u0442\\u043a\\u0440\\u044b\\u0442\\u044b\\u0439 \\u0441\\u0435\\u0440\\u0432\\u0438\\u0441 \\u043f\\u043e\\u0438\\u0441\\u043a\\u0430 \\u0441\\u0432\\u0430\\u0434\\u0435\\u0431\\u043d\\u044b\\u0445 \\u0430\\u0432\\u0442\\u043e\\u043c\\u043e\\u0431\\u0438\\u043b\\u0435\\u0439. \\u041c\\u044b \\u0432\\u044b\\u0441\\u0442\\u0443\\u043f\\u0430\\u0435\\u043c \\u0432 \\u043a\\u0430\\u0447\\u0435\\u0441\\u0442\\u0432\\u0435 \\u043f\\u043e\\u0441\\u0440\\u0435\\u0434\\u043d\\u0438\\u043a\\u0430 \\u043c\\u0435\\u0436\\u0434\\u0443 \\u0432\\u043e\\u0434\\u0438\\u0442\\u0435\\u043b\\u044f\\u043c\\u0438 \\u0438 \\u043a\\u043b\\u0438\\u0435\\u043d\\u0442\\u0430\\u043c\\u0438. \\u0412\\u043e\\u0434\\u0438\\u0442\\u0435\\u043b\\u0438, \\u0436\\u0435\\u043b\\u0430\\u044e\\u0449\\u0438\\u0435 \\u043f\\u0440\\u0435\\u0434\\u043e\\u0441\\u0442\\u0430\\u0432\\u043b\\u044f\\u0442\\u044c \\u0443\\u0441\\u043b\\u0443\\u0433\\u0438 \\u0441\\u0432\\u0430\\u0434\\u0435\\u0431\\u043d\\u043e\\u0439 \\u043f\\u0435\\u0440\\u0435\\u0432\\u043e\\u0437\\u043a\\u0438, \\u043f\\u0440\\u043e\\u0445\\u043e\\u0434\\u044f\\u0442 \\u043f\\u0440\\u043e\\u0432\\u0435\\u0440\\u043a\\u0443 \\u0438 \\u0440\\u0435\\u0433\\u0438\\u0441\\u0442\\u0440\\u0438\\u0440\\u0443\\u044e\\u0442\\u0441\\u044f \\u043d\\u0430 \\u043d\\u0430\\u0448\\u0435\\u0439 \\u043e\\u043d\\u043b\\u0430\\u0439\\u043d-\\u043f\\u043b\\u043e\\u0449\\u0430\\u0434\\u043a\\u0435. <\\/p><p>\\u041a\\u043b\\u0438\\u0435\\u043d\\u0442\\u044b, \\u0432 \\u0441\\u0432\\u043e\\u044e \\u043e\\u0447\\u0435\\u0440\\u0435\\u0434\\u044c, \\u0438\\u043c\\u0435\\u044e\\u0442 \\u0432\\u043e\\u0437\\u043c\\u043e\\u0436\\u043d\\u043e\\u0441\\u0442\\u044c \\u0441\\u0430\\u043c\\u043e\\u0441\\u0442\\u043e\\u044f\\u0442\\u0435\\u043b\\u044c\\u043d\\u043e \\u0432\\u044b\\u0431\\u0440\\u0430\\u0442\\u044c \\u0441\\u0432\\u0430\\u0434\\u0435\\u0431\\u043d\\u044b\\u0439 \\u0430\\u0432\\u0442\\u043e\\u043c\\u043e\\u0431\\u0438\\u043b\\u044c \\u043d\\u0430 \\u043b\\u044e\\u0431\\u043e\\u0439 \\u0432\\u043a\\u0443\\u0441 \\u0438 \\u0446\\u0432\\u0435\\u0442 \\u0438\\u0437 \\u043e\\u0431\\u0448\\u0438\\u0440\\u043d\\u043e\\u0433\\u043e \\u043f\\u0435\\u0440\\u0435\\u0447\\u043d\\u044f \\u043f\\u0440\\u0435\\u0434\\u0441\\u0442\\u0430\\u0432\\u043b\\u0435\\u043d\\u043d\\u044b\\u0445 \\u0432\\u0430\\u0440\\u0438\\u0430\\u043d\\u0442\\u043e\\u0432.<\\/p><\\/td><\\/tr><tr><td><p>\\u041e\\u0434\\u043d\\u0438\\u043c \\u0438\\u0437 \\u043d\\u0430\\u0448\\u0438\\u0445 \\u043f\\u0440\\u0435\\u0438\\u043c\\u0443\\u0449\\u0435\\u0441\\u0442\\u0432 \\u044f\\u0432\\u043b\\u044f\\u0435\\u0442\\u0441\\u044f \\u0432\\u043e\\u0437\\u043c\\u043e\\u0436\\u043d\\u043e\\u0441\\u0442\\u044c \\u0432\\u044b\\u0431\\u043e\\u0440\\u0430 \\u0441\\u0440\\u0435\\u0434\\u0438 \\u0431\\u043e\\u043b\\u044c\\u0448\\u043e\\u0433\\u043e \\u043a\\u043e\\u043b\\u0438\\u0447\\u0435\\u0441\\u0442\\u0432\\u0430 \\u043f\\u0440\\u0435\\u0434\\u043b\\u043e\\u0436\\u0435\\u043d\\u0438\\u0439. \\u0412\\u0430\\u0448\\u0435\\u043c\\u0443 \\u0432\\u043d\\u0438\\u043c\\u0430\\u043d\\u0438\\u044e \\u043f\\u0440\\u0435\\u0434\\u043b\\u0430\\u0433\\u0430\\u044e\\u0442\\u0441\\u044f \\u0440\\u0430\\u0437\\u043b\\u0438\\u0447\\u043d\\u044b\\u0435 \\u0432\\u0430\\u0440\\u0438\\u0430\\u043d\\u0442\\u044b \\u043a\\u043e\\u043c\\u043f\\u043b\\u0435\\u043a\\u0442\\u0430\\u0446\\u0438\\u0438 \\u0441\\u0432\\u0430\\u0434\\u0435\\u0431\\u043d\\u043e\\u0433\\u043e \\u043a\\u043e\\u0440\\u0442\\u0435\\u0436\\u0430 - \\u043b\\u0435\\u0433\\u043a\\u043e\\u0432\\u044b\\u0435 \\u0430\\u0432\\u0442\\u043e \\u0438 \\u0432\\u043d\\u0435\\u0434\\u043e\\u0440\\u043e\\u0436\\u043d\\u0438\\u043a\\u0438, \\u0440\\u0435\\u0442\\u0440\\u043e-\\u0430\\u0432\\u0442\\u043e\\u043c\\u043e\\u0431\\u0438\\u043b\\u0438, \\u043a\\u0430\\u0431\\u0440\\u0438\\u043e\\u043b\\u0435\\u0442\\u044b, \\u043b\\u0438\\u043c\\u0443\\u0437\\u0438\\u043d\\u044b \\u0438 \\u043f\\u0440. \\u041d\\u0430 \\u0441\\u0435\\u0440\\u0432\\u0438\\u0441\\u0435 Weddingcars \\u043f\\u0440\\u0435\\u0434\\u0441\\u0442\\u0430\\u0432\\u043b\\u0435\\u043d\\u044b \\u0430\\u0432\\u0442\\u043e \\u043b\\u044e\\u0431\\u043e\\u0439 \\u0446\\u0435\\u043d\\u043e\\u0432\\u043e\\u0439 \\u043a\\u0430\\u0442\\u0435\\u0433\\u043e\\u0440\\u0438\\u0438 \\u2013 \\u043e\\u0442 \\u043c\\u043e\\u0434\\u0435\\u043b\\u0435\\u0439 \\u044d\\u043a\\u043e\\u043d\\u043e\\u043c-\\u043a\\u043b\\u0430\\u0441\\u0441\\u0430 \\u0434\\u043e \\u0430\\u0432\\u0442\\u043e\\u043c\\u0430\\u0448\\u0438\\u043d \\u043a\\u043b\\u0430\\u0441\\u0441\\u0430 \\u043b\\u044e\\u043a\\u0441. \\u0422\\u0430\\u043a\\u0436\\u0435 \\u043c\\u043e\\u0436\\u043d\\u043e \\u043d\\u0430\\u0439\\u0442\\u0438 \\u0438 \\u0437\\u0430\\u043a\\u0430\\u0437\\u0430\\u0442\\u044c \\u043a\\u043e\\u043c\\u0444\\u043e\\u0440\\u0442\\u0430\\u0431\\u0435\\u043b\\u044c\\u043d\\u044b\\u0435 \\u0430\\u0432\\u0442\\u043e\\u0431\\u0443\\u0441\\u044b \\u0438 \\u043c\\u0438\\u043a\\u0440\\u043e\\u0430\\u0432\\u0442\\u043e\\u0431\\u0443\\u0441\\u044b, \\u0447\\u0442\\u043e\\u0431\\u044b \\u043f\\u0440\\u0438\\u0432\\u0435\\u0437\\u0442\\u0438 \\u043d\\u0430 \\u043f\\u0440\\u0430\\u0437\\u0434\\u043d\\u0438\\u043a \\u0432\\u0441\\u0435\\u0445 \\u0432\\u0430\\u0448\\u0438\\u0445 \\u0433\\u043e\\u0441\\u0442\\u0435\\u0439.<\\/p><\\/td><\\/tr><tr><td><br><\\/td><\\/tr><tr><td><p>\\u0410\\u0432\\u0442\\u043e, \\u043f\\u0440\\u0435\\u0434\\u0441\\u0442\\u0430\\u0432\\u043b\\u0435\\u043d\\u043d\\u044b\\u0435 \\u0432 \\u043d\\u0430\\u0448\\u0435\\u043c \\u043a\\u0430\\u0442\\u0430\\u043b\\u043e\\u0433\\u0435, \\u043e\\u0431\\u043b\\u0430\\u0434\\u0430\\u044e\\u0442 \\u0431\\u0435\\u0437\\u0443\\u043f\\u0440\\u0435\\u0447\\u043d\\u044b\\u043c \\u0432\\u043d\\u0435\\u0448\\u043d\\u0438\\u043c \\u0432\\u0438\\u0434\\u043e\\u043c \\u0438 \\u043e\\u0442\\u043b\\u0438\\u0447\\u043d\\u044b\\u043c \\u0442\\u0435\\u0445\\u043d\\u0438\\u0447\\u0435\\u0441\\u043a\\u0438\\u043c \\u0441\\u043e\\u0441\\u0442\\u043e\\u044f\\u043d\\u0438\\u0435\\u043c. \\u0412\\u043e\\u0434\\u0438\\u0442\\u0435\\u043b\\u0438, \\u043a\\u043e\\u0442\\u043e\\u0440\\u044b\\u0435 \\u0440\\u0430\\u0431\\u043e\\u0442\\u0430\\u044e\\u0442 \\u0441 Weddingcars, \\u043f\\u0440\\u043e\\u0445\\u043e\\u0434\\u044f\\u0442 \\u043e\\u0431\\u044f\\u0437\\u0430\\u0442\\u0435\\u043b\\u044c\\u043d\\u0443\\u044e \\u043f\\u0440\\u043e\\u0432\\u0435\\u0440\\u043a\\u0443 \\u0438 \\u043f\\u043e\\u0434\\u043f\\u0438\\u0441\\u044b\\u0432\\u0430\\u044e\\u0442 \\u0434\\u043e\\u0433\\u043e\\u0432\\u043e\\u0440-\\u0441\\u043e\\u0433\\u043b\\u0430\\u0448\\u0435\\u043d\\u0438\\u0435, \\u0441\\u043e\\u0434\\u0435\\u0440\\u0436\\u0430\\u0449\\u0438\\u0439 \\u0443\\u0441\\u043b\\u043e\\u0432\\u0438\\u044f \\u0441\\u043e\\u0442\\u0440\\u0443\\u0434\\u043d\\u0438\\u0447\\u0435\\u0441\\u0442\\u0432\\u0430, \\u0432 \\u0442\\u043e\\u043c \\u0447\\u0438\\u0441\\u043b\\u0435 \\u043a\\u0430\\u0441\\u0430\\u0435\\u043c\\u043e \\u043e\\u043f\\u0440\\u044f\\u0442\\u043d\\u043e\\u0433\\u043e \\u0432\\u043d\\u0435\\u0448\\u043d\\u0435\\u0433\\u043e \\u0432\\u0438\\u0434\\u0430 \\u0432\\u043e\\u0434\\u0438\\u0442\\u0435\\u043b\\u044f \\u0438 \\u0430\\u0432\\u0442\\u043e\\u043c\\u043e\\u0431\\u0438\\u043b\\u044f, \\u0445\\u0438\\u043c\\u0447\\u0438\\u0441\\u0442\\u043a\\u0438 \\u0441\\u0430\\u043b\\u043e\\u043d\\u0430 \\u0438 \\u043f\\u0440.<\\/p><\\/td><\\/tr><tr><td><p>\\u0420\\u0435\\u0439\\u0442\\u0438\\u043d\\u0433 \\u0430\\u0432\\u0442\\u043e\\u043c\\u043e\\u0431\\u0438\\u043b\\u0435\\u0439 \\u0438 \\u0440\\u0435\\u0430\\u043b\\u044c\\u043d\\u044b\\u0435 \\u043e\\u0442\\u0437\\u044b\\u0432\\u044b \\u043f\\u043e\\u0441\\u0435\\u0442\\u0438\\u0442\\u0435\\u043b\\u0435\\u0439 \\u043d\\u0430 \\u0441\\u0430\\u0439\\u0442\\u0435 \\u043f\\u043e\\u043c\\u043e\\u0433\\u0443\\u0442 \\u0432\\u0430\\u043c \\u0441\\u0434\\u0435\\u043b\\u0430\\u0442\\u044c \\u0434\\u0435\\u0439\\u0441\\u0442\\u0432\\u0438\\u0442\\u0435\\u043b\\u044c\\u043d\\u043e \\u043b\\u0443\\u0447\\u0448\\u0438\\u0439 \\u0432\\u044b\\u0431\\u043e\\u0440 \\u0434\\u043b\\u044f \\u0432\\u0430\\u0448\\u0435\\u0433\\u043e \\u043d\\u0435\\u0437\\u0430\\u0431\\u044b\\u0432\\u0430\\u0435\\u043c\\u043e\\u0433\\u043e \\u043f\\u0440\\u0430\\u0437\\u0434\\u043d\\u0438\\u043a\\u0430. \\u041f\\u043e\\u044d\\u0442\\u043e\\u043c\\u0443, \\u0435\\u0441\\u043b\\u0438 \\u0432\\u044b \\u0440\\u0435\\u0448\\u0438\\u043b\\u0438 \\u0441\\u0434\\u0435\\u043b\\u0430\\u0442\\u044c \\u0412\\u0430\\u0448\\u0443 \\u0441\\u0432\\u0430\\u0434\\u044c\\u0431\\u0443 \\u0434\\u0435\\u0439\\u0441\\u0442\\u0432\\u0438\\u0442\\u0435\\u043b\\u044c\\u043d\\u043e \\u044f\\u0440\\u043a\\u043e\\u0439 \\u0438 \\u043d\\u0435\\u0437\\u0430\\u0431\\u044b\\u0432\\u0430\\u0435\\u043c\\u043e\\u0439 \\u0438 \\u043f\\u043e\\u043b\\u0443\\u0447\\u0438\\u0442\\u044c \\u0438\\u0441\\u043a\\u043b\\u044e\\u0447\\u0438\\u0442\\u0435\\u043b\\u044c\\u043d\\u043e \\u043f\\u043e\\u043b\\u043e\\u0436\\u0438\\u0442\\u0435\\u043b\\u044c\\u043d\\u044b\\u0435 \\u0432\\u043f\\u0435\\u0447\\u0430\\u0442\\u043b\\u0435\\u043d\\u0438\\u044f, \\u0432\\u043e\\u0441\\u043f\\u043e\\u043b\\u044c\\u0437\\u0443\\u0439\\u0442\\u0435\\u0441\\u044c \\u0443\\u0441\\u043b\\u0443\\u0433\\u0430\\u043c\\u0438 \\u0441\\u0435\\u0440\\u0432\\u0438\\u0441\\u0430 Weddingcars!<\\/p><\\/td><\\/tr><\\/tbody><\\/table>"}]', '[{"text":"<table><colgroup><col><\\/colgroup><tbody><tr><td><p>     Weddingcars - \\u044d\\u0442\\u043e \\u043f\\u0435\\u0440\\u0432\\u044b\\u0439 \\u0432 \\u041f\\u043e\\u043b\\u0442\\u0430\\u0432\\u0435 \\u0438 \\u0423\\u043a\\u0440\\u0430\\u0438\\u043d\\u0435 \\u043e\\u0442\\u043a\\u0440\\u044b\\u0442\\u044b\\u0439 \\u0441\\u0435\\u0440\\u0432\\u0438\\u0441 \\u043f\\u043e\\u0438\\u0441\\u043a\\u0430 \\u0441\\u0432\\u0430\\u0434\\u0435\\u0431\\u043d\\u044b\\u0445 \\u0430\\u0432\\u0442\\u043e\\u043c\\u043e\\u0431\\u0438\\u043b\\u0435\\u0439. \\u041c\\u044b \\u0432\\u044b\\u0441\\u0442\\u0443\\u043f\\u0430\\u0435\\u043c \\u0432 \\u043a\\u0430\\u0447\\u0435\\u0441\\u0442\\u0432\\u0435 \\u043f\\u043e\\u0441\\u0440\\u0435\\u0434\\u043d\\u0438\\u043a\\u0430 \\u043c\\u0435\\u0436\\u0434\\u0443 \\u0432\\u043e\\u0434\\u0438\\u0442\\u0435\\u043b\\u044f\\u043c\\u0438 \\u0438 \\u043a\\u043b\\u0438\\u0435\\u043d\\u0442\\u0430\\u043c\\u0438. \\u0412\\u043e\\u0434\\u0438\\u0442\\u0435\\u043b\\u0438, \\u0436\\u0435\\u043b\\u0430\\u044e\\u0449\\u0438\\u0435 \\u043f\\u0440\\u0435\\u0434\\u043e\\u0441\\u0442\\u0430\\u0432\\u043b\\u044f\\u0442\\u044c \\u0443\\u0441\\u043b\\u0443\\u0433\\u0438 \\u0441\\u0432\\u0430\\u0434\\u0435\\u0431\\u043d\\u043e\\u0439 \\u043f\\u0435\\u0440\\u0435\\u0432\\u043e\\u0437\\u043a\\u0438, \\u043f\\u0440\\u043e\\u0445\\u043e\\u0434\\u044f\\u0442 \\u043f\\u0440\\u043e\\u0432\\u0435\\u0440\\u043a\\u0443 \\u0438 \\u0440\\u0435\\u0433\\u0438\\u0441\\u0442\\u0440\\u0438\\u0440\\u0443\\u044e\\u0442\\u0441\\u044f \\u043d\\u0430 \\u043d\\u0430\\u0448\\u0435\\u0439 \\u043e\\u043d\\u043b\\u0430\\u0439\\u043d-\\u043f\\u043b\\u043e\\u0449\\u0430\\u0434\\u043a\\u0435. <\\/p><p>     \\u041a\\u043b\\u0438\\u0435\\u043d\\u0442\\u044b, \\u0432 \\u0441\\u0432\\u043e\\u044e \\u043e\\u0447\\u0435\\u0440\\u0435\\u0434\\u044c, \\u0438\\u043c\\u0435\\u044e\\u0442 \\u0432\\u043e\\u0437\\u043c\\u043e\\u0436\\u043d\\u043e\\u0441\\u0442\\u044c \\u0441\\u0430\\u043c\\u043e\\u0441\\u0442\\u043e\\u044f\\u0442\\u0435\\u043b\\u044c\\u043d\\u043e \\u0432\\u044b\\u0431\\u0440\\u0430\\u0442\\u044c \\u0441\\u0432\\u0430\\u0434\\u0435\\u0431\\u043d\\u044b\\u0439 \\u0430\\u0432\\u0442\\u043e\\u043c\\u043e\\u0431\\u0438\\u043b\\u044c \\u043d\\u0430 \\u043b\\u044e\\u0431\\u043e\\u0439 \\u0432\\u043a\\u0443\\u0441 \\u0438 \\u0446\\u0432\\u0435\\u0442 \\u0438\\u0437 \\u043e\\u0431\\u0448\\u0438\\u0440\\u043d\\u043e\\u0433\\u043e \\u043f\\u0435\\u0440\\u0435\\u0447\\u043d\\u044f \\u043f\\u0440\\u0435\\u0434\\u0441\\u0442\\u0430\\u0432\\u043b\\u0435\\u043d\\u043d\\u044b\\u0445 \\u0432\\u0430\\u0440\\u0438\\u0430\\u043d\\u0442\\u043e\\u0432.<\\/p><\\/td><\\/tr><tr><td><p>     \\u041e\\u0434\\u043d\\u0438\\u043c \\u0438\\u0437 \\u043d\\u0430\\u0448\\u0438\\u0445 \\u043f\\u0440\\u0435\\u0438\\u043c\\u0443\\u0449\\u0435\\u0441\\u0442\\u0432 \\u044f\\u0432\\u043b\\u044f\\u0435\\u0442\\u0441\\u044f \\u0432\\u043e\\u0437\\u043c\\u043e\\u0436\\u043d\\u043e\\u0441\\u0442\\u044c \\u0432\\u044b\\u0431\\u043e\\u0440\\u0430 \\u0441\\u0440\\u0435\\u0434\\u0438 \\u0431\\u043e\\u043b\\u044c\\u0448\\u043e\\u0433\\u043e \\u043a\\u043e\\u043b\\u0438\\u0447\\u0435\\u0441\\u0442\\u0432\\u0430 \\u043f\\u0440\\u0435\\u0434\\u043b\\u043e\\u0436\\u0435\\u043d\\u0438\\u0439. \\u0412\\u0430\\u0448\\u0435\\u043c\\u0443 \\u0432\\u043d\\u0438\\u043c\\u0430\\u043d\\u0438\\u044e \\u043f\\u0440\\u0435\\u0434\\u043b\\u0430\\u0433\\u0430\\u044e\\u0442\\u0441\\u044f \\u0440\\u0430\\u0437\\u043b\\u0438\\u0447\\u043d\\u044b\\u0435 \\u0432\\u0430\\u0440\\u0438\\u0430\\u043d\\u0442\\u044b \\u043a\\u043e\\u043c\\u043f\\u043b\\u0435\\u043a\\u0442\\u0430\\u0446\\u0438\\u0438 \\u0441\\u0432\\u0430\\u0434\\u0435\\u0431\\u043d\\u043e\\u0433\\u043e \\u043a\\u043e\\u0440\\u0442\\u0435\\u0436\\u0430 - \\u043b\\u0435\\u0433\\u043a\\u043e\\u0432\\u044b\\u0435 \\u0430\\u0432\\u0442\\u043e \\u0438 \\u0432\\u043d\\u0435\\u0434\\u043e\\u0440\\u043e\\u0436\\u043d\\u0438\\u043a\\u0438, \\u0440\\u0435\\u0442\\u0440\\u043e-\\u0430\\u0432\\u0442\\u043e\\u043c\\u043e\\u0431\\u0438\\u043b\\u0438, \\u043a\\u0430\\u0431\\u0440\\u0438\\u043e\\u043b\\u0435\\u0442\\u044b, \\u043b\\u0438\\u043c\\u0443\\u0437\\u0438\\u043d\\u044b \\u0438 \\u043f\\u0440. \\u041d\\u0430 \\u0441\\u0435\\u0440\\u0432\\u0438\\u0441\\u0435 Weddingcars \\u043f\\u0440\\u0435\\u0434\\u0441\\u0442\\u0430\\u0432\\u043b\\u0435\\u043d\\u044b \\u0430\\u0432\\u0442\\u043e \\u043b\\u044e\\u0431\\u043e\\u0439 \\u0446\\u0435\\u043d\\u043e\\u0432\\u043e\\u0439 \\u043a\\u0430\\u0442\\u0435\\u0433\\u043e\\u0440\\u0438\\u0438 \\u2013 \\u043e\\u0442 \\u043c\\u043e\\u0434\\u0435\\u043b\\u0435\\u0439 \\u044d\\u043a\\u043e\\u043d\\u043e\\u043c-\\u043a\\u043b\\u0430\\u0441\\u0441\\u0430 \\u0434\\u043e \\u0430\\u0432\\u0442\\u043e\\u043c\\u0430\\u0448\\u0438\\u043d \\u043a\\u043b\\u0430\\u0441\\u0441\\u0430 \\u043b\\u044e\\u043a\\u0441. \\u0422\\u0430\\u043a\\u0436\\u0435 \\u043c\\u043e\\u0436\\u043d\\u043e \\u043d\\u0430\\u0439\\u0442\\u0438 \\u0438 \\u0437\\u0430\\u043a\\u0430\\u0437\\u0430\\u0442\\u044c \\u043a\\u043e\\u043c\\u0444\\u043e\\u0440\\u0442\\u0430\\u0431\\u0435\\u043b\\u044c\\u043d\\u044b\\u0435 \\u0430\\u0432\\u0442\\u043e\\u0431\\u0443\\u0441\\u044b \\u0438 \\u043c\\u0438\\u043a\\u0440\\u043e\\u0430\\u0432\\u0442\\u043e\\u0431\\u0443\\u0441\\u044b, \\u0447\\u0442\\u043e\\u0431\\u044b \\u043f\\u0440\\u0438\\u0432\\u0435\\u0437\\u0442\\u0438 \\u043d\\u0430 \\u043f\\u0440\\u0430\\u0437\\u0434\\u043d\\u0438\\u043a \\u0432\\u0441\\u0435\\u0445 \\u0432\\u0430\\u0448\\u0438\\u0445 \\u0433\\u043e\\u0441\\u0442\\u0435\\u0439.<\\/p><\\/td><\\/tr><tr><td><br><\\/td><\\/tr><tr><td><p>     \\u0410\\u0432\\u0442\\u043e, \\u043f\\u0440\\u0435\\u0434\\u0441\\u0442\\u0430\\u0432\\u043b\\u0435\\u043d\\u043d\\u044b\\u0435 \\u0432 \\u043d\\u0430\\u0448\\u0435\\u043c \\u043a\\u0430\\u0442\\u0430\\u043b\\u043e\\u0433\\u0435, \\u043e\\u0431\\u043b\\u0430\\u0434\\u0430\\u044e\\u0442 \\u0431\\u0435\\u0437\\u0443\\u043f\\u0440\\u0435\\u0447\\u043d\\u044b\\u043c \\u0432\\u043d\\u0435\\u0448\\u043d\\u0438\\u043c \\u0432\\u0438\\u0434\\u043e\\u043c \\u0438 \\u043e\\u0442\\u043b\\u0438\\u0447\\u043d\\u044b\\u043c \\u0442\\u0435\\u0445\\u043d\\u0438\\u0447\\u0435\\u0441\\u043a\\u0438\\u043c \\u0441\\u043e\\u0441\\u0442\\u043e\\u044f\\u043d\\u0438\\u0435\\u043c. \\u0412\\u043e\\u0434\\u0438\\u0442\\u0435\\u043b\\u0438, \\u043a\\u043e\\u0442\\u043e\\u0440\\u044b\\u0435 \\u0440\\u0430\\u0431\\u043e\\u0442\\u0430\\u044e\\u0442 \\u0441 Weddingcars, \\u043f\\u0440\\u043e\\u0445\\u043e\\u0434\\u044f\\u0442 \\u043e\\u0431\\u044f\\u0437\\u0430\\u0442\\u0435\\u043b\\u044c\\u043d\\u0443\\u044e \\u043f\\u0440\\u043e\\u0432\\u0435\\u0440\\u043a\\u0443 \\u0438 \\u043f\\u043e\\u0434\\u043f\\u0438\\u0441\\u044b\\u0432\\u0430\\u044e\\u0442 \\u0434\\u043e\\u0433\\u043e\\u0432\\u043e\\u0440-\\u0441\\u043e\\u0433\\u043b\\u0430\\u0448\\u0435\\u043d\\u0438\\u0435, \\u0441\\u043e\\u0434\\u0435\\u0440\\u0436\\u0430\\u0449\\u0438\\u0439 \\u0443\\u0441\\u043b\\u043e\\u0432\\u0438\\u044f \\u0441\\u043e\\u0442\\u0440\\u0443\\u0434\\u043d\\u0438\\u0447\\u0435\\u0441\\u0442\\u0432\\u0430, \\u0432 \\u0442\\u043e\\u043c \\u0447\\u0438\\u0441\\u043b\\u0435 \\u043a\\u0430\\u0441\\u0430\\u0435\\u043c\\u043e \\u043e\\u043f\\u0440\\u044f\\u0442\\u043d\\u043e\\u0433\\u043e \\u0432\\u043d\\u0435\\u0448\\u043d\\u0435\\u0433\\u043e \\u0432\\u0438\\u0434\\u0430 \\u0432\\u043e\\u0434\\u0438\\u0442\\u0435\\u043b\\u044f \\u0438 \\u0430\\u0432\\u0442\\u043e\\u043c\\u043e\\u0431\\u0438\\u043b\\u044f, \\u0445\\u0438\\u043c\\u0447\\u0438\\u0441\\u0442\\u043a\\u0438 \\u0441\\u0430\\u043b\\u043e\\u043d\\u0430 \\u0438 \\u043f\\u0440.<\\/p><\\/td><\\/tr><tr><td><p>     \\u0420\\u0435\\u0439\\u0442\\u0438\\u043d\\u0433 \\u0430\\u0432\\u0442\\u043e\\u043c\\u043e\\u0431\\u0438\\u043b\\u0435\\u0439 \\u0438 \\u0440\\u0435\\u0430\\u043b\\u044c\\u043d\\u044b\\u0435 \\u043e\\u0442\\u0437\\u044b\\u0432\\u044b \\u043f\\u043e\\u0441\\u0435\\u0442\\u0438\\u0442\\u0435\\u043b\\u0435\\u0439 \\u043d\\u0430 \\u0441\\u0430\\u0439\\u0442\\u0435 \\u043f\\u043e\\u043c\\u043e\\u0433\\u0443\\u0442 \\u0432\\u0430\\u043c \\u0441\\u0434\\u0435\\u043b\\u0430\\u0442\\u044c \\u0434\\u0435\\u0439\\u0441\\u0442\\u0432\\u0438\\u0442\\u0435\\u043b\\u044c\\u043d\\u043e \\u043b\\u0443\\u0447\\u0448\\u0438\\u0439 \\u0432\\u044b\\u0431\\u043e\\u0440 \\u0434\\u043b\\u044f \\u0432\\u0430\\u0448\\u0435\\u0433\\u043e \\u043d\\u0435\\u0437\\u0430\\u0431\\u044b\\u0432\\u0430\\u0435\\u043c\\u043e\\u0433\\u043e \\u043f\\u0440\\u0430\\u0437\\u0434\\u043d\\u0438\\u043a\\u0430. \\u041f\\u043e\\u044d\\u0442\\u043e\\u043c\\u0443, \\u0435\\u0441\\u043b\\u0438 \\u0432\\u044b \\u0440\\u0435\\u0448\\u0438\\u043b\\u0438 \\u0441\\u0434\\u0435\\u043b\\u0430\\u0442\\u044c \\u0412\\u0430\\u0448\\u0443 \\u0441\\u0432\\u0430\\u0434\\u044c\\u0431\\u0443 \\u0434\\u0435\\u0439\\u0441\\u0442\\u0432\\u0438\\u0442\\u0435\\u043b\\u044c\\u043d\\u043e \\u044f\\u0440\\u043a\\u043e\\u0439 \\u0438 \\u043d\\u0435\\u0437\\u0430\\u0431\\u044b\\u0432\\u0430\\u0435\\u043c\\u043e\\u0439 \\u0438 \\u043f\\u043e\\u043b\\u0443\\u0447\\u0438\\u0442\\u044c \\u0438\\u0441\\u043a\\u043b\\u044e\\u0447\\u0438\\u0442\\u0435\\u043b\\u044c\\u043d\\u043e \\u043f\\u043e\\u043b\\u043e\\u0436\\u0438\\u0442\\u0435\\u043b\\u044c\\u043d\\u044b\\u0435 \\u0432\\u043f\\u0435\\u0447\\u0430\\u0442\\u043b\\u0435\\u043d\\u0438\\u044f, \\u0432\\u043e\\u0441\\u043f\\u043e\\u043b\\u044c\\u0437\\u0443\\u0439\\u0442\\u0435\\u0441\\u044c \\u0443\\u0441\\u043b\\u0443\\u0433\\u0430\\u043c\\u0438 \\u0441\\u0435\\u0440\\u0432\\u0438\\u0441\\u0430 Weddingcars!<\\/p><\\/td><\\/tr><\\/tbody><\\/table>"}]', 'app\\models\\Pages', 1472720623),
(63, 'update', 1, 6, '[{"checked":1}]', '[{"checked":0}]', 'app\\models\\Auto', 1472721266),
(64, 'update', 1, 6, '[{"checked":0}]', '[{"checked":1}]', 'app\\models\\Auto', 1472721266);
INSERT INTO `access_log` (`id`, `action`, `user_id`, `item_id`, `changed`, `attributes`, `model_class`, `created_at`) VALUES
(65, 'update', 1, 9, '[{"text":"<table><colgroup><col><\\/colgroup><tbody><tr><td><p>     Weddingcars - \\u044d\\u0442\\u043e \\u043f\\u0435\\u0440\\u0432\\u044b\\u0439 \\u0432 \\u041f\\u043e\\u043b\\u0442\\u0430\\u0432\\u0435 \\u0438 \\u0423\\u043a\\u0440\\u0430\\u0438\\u043d\\u0435 \\u043e\\u0442\\u043a\\u0440\\u044b\\u0442\\u044b\\u0439 \\u0441\\u0435\\u0440\\u0432\\u0438\\u0441 \\u043f\\u043e\\u0438\\u0441\\u043a\\u0430 \\u0441\\u0432\\u0430\\u0434\\u0435\\u0431\\u043d\\u044b\\u0445 \\u0430\\u0432\\u0442\\u043e\\u043c\\u043e\\u0431\\u0438\\u043b\\u0435\\u0439. \\u041c\\u044b \\u0432\\u044b\\u0441\\u0442\\u0443\\u043f\\u0430\\u0435\\u043c \\u0432 \\u043a\\u0430\\u0447\\u0435\\u0441\\u0442\\u0432\\u0435 \\u043f\\u043e\\u0441\\u0440\\u0435\\u0434\\u043d\\u0438\\u043a\\u0430 \\u043c\\u0435\\u0436\\u0434\\u0443 \\u0432\\u043e\\u0434\\u0438\\u0442\\u0435\\u043b\\u044f\\u043c\\u0438 \\u0438 \\u043a\\u043b\\u0438\\u0435\\u043d\\u0442\\u0430\\u043c\\u0438. \\u0412\\u043e\\u0434\\u0438\\u0442\\u0435\\u043b\\u0438, \\u0436\\u0435\\u043b\\u0430\\u044e\\u0449\\u0438\\u0435 \\u043f\\u0440\\u0435\\u0434\\u043e\\u0441\\u0442\\u0430\\u0432\\u043b\\u044f\\u0442\\u044c \\u0443\\u0441\\u043b\\u0443\\u0433\\u0438 \\u0441\\u0432\\u0430\\u0434\\u0435\\u0431\\u043d\\u043e\\u0439 \\u043f\\u0435\\u0440\\u0435\\u0432\\u043e\\u0437\\u043a\\u0438, \\u043f\\u0440\\u043e\\u0445\\u043e\\u0434\\u044f\\u0442 \\u043f\\u0440\\u043e\\u0432\\u0435\\u0440\\u043a\\u0443 \\u0438 \\u0440\\u0435\\u0433\\u0438\\u0441\\u0442\\u0440\\u0438\\u0440\\u0443\\u044e\\u0442\\u0441\\u044f \\u043d\\u0430 \\u043d\\u0430\\u0448\\u0435\\u0439 \\u043e\\u043d\\u043b\\u0430\\u0439\\u043d-\\u043f\\u043b\\u043e\\u0449\\u0430\\u0434\\u043a\\u0435. <\\/p><p>     \\u041a\\u043b\\u0438\\u0435\\u043d\\u0442\\u044b, \\u0432 \\u0441\\u0432\\u043e\\u044e \\u043e\\u0447\\u0435\\u0440\\u0435\\u0434\\u044c, \\u0438\\u043c\\u0435\\u044e\\u0442 \\u0432\\u043e\\u0437\\u043c\\u043e\\u0436\\u043d\\u043e\\u0441\\u0442\\u044c \\u0441\\u0430\\u043c\\u043e\\u0441\\u0442\\u043e\\u044f\\u0442\\u0435\\u043b\\u044c\\u043d\\u043e \\u0432\\u044b\\u0431\\u0440\\u0430\\u0442\\u044c \\u0441\\u0432\\u0430\\u0434\\u0435\\u0431\\u043d\\u044b\\u0439 \\u0430\\u0432\\u0442\\u043e\\u043c\\u043e\\u0431\\u0438\\u043b\\u044c \\u043d\\u0430 \\u043b\\u044e\\u0431\\u043e\\u0439 \\u0432\\u043a\\u0443\\u0441 \\u0438 \\u0446\\u0432\\u0435\\u0442 \\u0438\\u0437 \\u043e\\u0431\\u0448\\u0438\\u0440\\u043d\\u043e\\u0433\\u043e \\u043f\\u0435\\u0440\\u0435\\u0447\\u043d\\u044f \\u043f\\u0440\\u0435\\u0434\\u0441\\u0442\\u0430\\u0432\\u043b\\u0435\\u043d\\u043d\\u044b\\u0445 \\u0432\\u0430\\u0440\\u0438\\u0430\\u043d\\u0442\\u043e\\u0432.<\\/p><\\/td><\\/tr><tr><td><p>     \\u041e\\u0434\\u043d\\u0438\\u043c \\u0438\\u0437 \\u043d\\u0430\\u0448\\u0438\\u0445 \\u043f\\u0440\\u0435\\u0438\\u043c\\u0443\\u0449\\u0435\\u0441\\u0442\\u0432 \\u044f\\u0432\\u043b\\u044f\\u0435\\u0442\\u0441\\u044f \\u0432\\u043e\\u0437\\u043c\\u043e\\u0436\\u043d\\u043e\\u0441\\u0442\\u044c \\u0432\\u044b\\u0431\\u043e\\u0440\\u0430 \\u0441\\u0440\\u0435\\u0434\\u0438 \\u0431\\u043e\\u043b\\u044c\\u0448\\u043e\\u0433\\u043e \\u043a\\u043e\\u043b\\u0438\\u0447\\u0435\\u0441\\u0442\\u0432\\u0430 \\u043f\\u0440\\u0435\\u0434\\u043b\\u043e\\u0436\\u0435\\u043d\\u0438\\u0439. \\u0412\\u0430\\u0448\\u0435\\u043c\\u0443 \\u0432\\u043d\\u0438\\u043c\\u0430\\u043d\\u0438\\u044e \\u043f\\u0440\\u0435\\u0434\\u043b\\u0430\\u0433\\u0430\\u044e\\u0442\\u0441\\u044f \\u0440\\u0430\\u0437\\u043b\\u0438\\u0447\\u043d\\u044b\\u0435 \\u0432\\u0430\\u0440\\u0438\\u0430\\u043d\\u0442\\u044b \\u043a\\u043e\\u043c\\u043f\\u043b\\u0435\\u043a\\u0442\\u0430\\u0446\\u0438\\u0438 \\u0441\\u0432\\u0430\\u0434\\u0435\\u0431\\u043d\\u043e\\u0433\\u043e \\u043a\\u043e\\u0440\\u0442\\u0435\\u0436\\u0430 - \\u043b\\u0435\\u0433\\u043a\\u043e\\u0432\\u044b\\u0435 \\u0430\\u0432\\u0442\\u043e \\u0438 \\u0432\\u043d\\u0435\\u0434\\u043e\\u0440\\u043e\\u0436\\u043d\\u0438\\u043a\\u0438, \\u0440\\u0435\\u0442\\u0440\\u043e-\\u0430\\u0432\\u0442\\u043e\\u043c\\u043e\\u0431\\u0438\\u043b\\u0438, \\u043a\\u0430\\u0431\\u0440\\u0438\\u043e\\u043b\\u0435\\u0442\\u044b, \\u043b\\u0438\\u043c\\u0443\\u0437\\u0438\\u043d\\u044b \\u0438 \\u043f\\u0440. \\u041d\\u0430 \\u0441\\u0435\\u0440\\u0432\\u0438\\u0441\\u0435 Weddingcars \\u043f\\u0440\\u0435\\u0434\\u0441\\u0442\\u0430\\u0432\\u043b\\u0435\\u043d\\u044b \\u0430\\u0432\\u0442\\u043e \\u043b\\u044e\\u0431\\u043e\\u0439 \\u0446\\u0435\\u043d\\u043e\\u0432\\u043e\\u0439 \\u043a\\u0430\\u0442\\u0435\\u0433\\u043e\\u0440\\u0438\\u0438 \\u2013 \\u043e\\u0442 \\u043c\\u043e\\u0434\\u0435\\u043b\\u0435\\u0439 \\u044d\\u043a\\u043e\\u043d\\u043e\\u043c-\\u043a\\u043b\\u0430\\u0441\\u0441\\u0430 \\u0434\\u043e \\u0430\\u0432\\u0442\\u043e\\u043c\\u0430\\u0448\\u0438\\u043d \\u043a\\u043b\\u0430\\u0441\\u0441\\u0430 \\u043b\\u044e\\u043a\\u0441. \\u0422\\u0430\\u043a\\u0436\\u0435 \\u043c\\u043e\\u0436\\u043d\\u043e \\u043d\\u0430\\u0439\\u0442\\u0438 \\u0438 \\u0437\\u0430\\u043a\\u0430\\u0437\\u0430\\u0442\\u044c \\u043a\\u043e\\u043c\\u0444\\u043e\\u0440\\u0442\\u0430\\u0431\\u0435\\u043b\\u044c\\u043d\\u044b\\u0435 \\u0430\\u0432\\u0442\\u043e\\u0431\\u0443\\u0441\\u044b \\u0438 \\u043c\\u0438\\u043a\\u0440\\u043e\\u0430\\u0432\\u0442\\u043e\\u0431\\u0443\\u0441\\u044b, \\u0447\\u0442\\u043e\\u0431\\u044b \\u043f\\u0440\\u0438\\u0432\\u0435\\u0437\\u0442\\u0438 \\u043d\\u0430 \\u043f\\u0440\\u0430\\u0437\\u0434\\u043d\\u0438\\u043a \\u0432\\u0441\\u0435\\u0445 \\u0432\\u0430\\u0448\\u0438\\u0445 \\u0433\\u043e\\u0441\\u0442\\u0435\\u0439.<\\/p><\\/td><\\/tr><tr><td><br><\\/td><\\/tr><tr><td><p>     \\u0410\\u0432\\u0442\\u043e, \\u043f\\u0440\\u0435\\u0434\\u0441\\u0442\\u0430\\u0432\\u043b\\u0435\\u043d\\u043d\\u044b\\u0435 \\u0432 \\u043d\\u0430\\u0448\\u0435\\u043c \\u043a\\u0430\\u0442\\u0430\\u043b\\u043e\\u0433\\u0435, \\u043e\\u0431\\u043b\\u0430\\u0434\\u0430\\u044e\\u0442 \\u0431\\u0435\\u0437\\u0443\\u043f\\u0440\\u0435\\u0447\\u043d\\u044b\\u043c \\u0432\\u043d\\u0435\\u0448\\u043d\\u0438\\u043c \\u0432\\u0438\\u0434\\u043e\\u043c \\u0438 \\u043e\\u0442\\u043b\\u0438\\u0447\\u043d\\u044b\\u043c \\u0442\\u0435\\u0445\\u043d\\u0438\\u0447\\u0435\\u0441\\u043a\\u0438\\u043c \\u0441\\u043e\\u0441\\u0442\\u043e\\u044f\\u043d\\u0438\\u0435\\u043c. \\u0412\\u043e\\u0434\\u0438\\u0442\\u0435\\u043b\\u0438, \\u043a\\u043e\\u0442\\u043e\\u0440\\u044b\\u0435 \\u0440\\u0430\\u0431\\u043e\\u0442\\u0430\\u044e\\u0442 \\u0441 Weddingcars, \\u043f\\u0440\\u043e\\u0445\\u043e\\u0434\\u044f\\u0442 \\u043e\\u0431\\u044f\\u0437\\u0430\\u0442\\u0435\\u043b\\u044c\\u043d\\u0443\\u044e \\u043f\\u0440\\u043e\\u0432\\u0435\\u0440\\u043a\\u0443 \\u0438 \\u043f\\u043e\\u0434\\u043f\\u0438\\u0441\\u044b\\u0432\\u0430\\u044e\\u0442 \\u0434\\u043e\\u0433\\u043e\\u0432\\u043e\\u0440-\\u0441\\u043e\\u0433\\u043b\\u0430\\u0448\\u0435\\u043d\\u0438\\u0435, \\u0441\\u043e\\u0434\\u0435\\u0440\\u0436\\u0430\\u0449\\u0438\\u0439 \\u0443\\u0441\\u043b\\u043e\\u0432\\u0438\\u044f \\u0441\\u043e\\u0442\\u0440\\u0443\\u0434\\u043d\\u0438\\u0447\\u0435\\u0441\\u0442\\u0432\\u0430, \\u0432 \\u0442\\u043e\\u043c \\u0447\\u0438\\u0441\\u043b\\u0435 \\u043a\\u0430\\u0441\\u0430\\u0435\\u043c\\u043e \\u043e\\u043f\\u0440\\u044f\\u0442\\u043d\\u043e\\u0433\\u043e \\u0432\\u043d\\u0435\\u0448\\u043d\\u0435\\u0433\\u043e \\u0432\\u0438\\u0434\\u0430 \\u0432\\u043e\\u0434\\u0438\\u0442\\u0435\\u043b\\u044f \\u0438 \\u0430\\u0432\\u0442\\u043e\\u043c\\u043e\\u0431\\u0438\\u043b\\u044f, \\u0445\\u0438\\u043c\\u0447\\u0438\\u0441\\u0442\\u043a\\u0438 \\u0441\\u0430\\u043b\\u043e\\u043d\\u0430 \\u0438 \\u043f\\u0440.<\\/p><\\/td><\\/tr><tr><td><p>     \\u0420\\u0435\\u0439\\u0442\\u0438\\u043d\\u0433 \\u0430\\u0432\\u0442\\u043e\\u043c\\u043e\\u0431\\u0438\\u043b\\u0435\\u0439 \\u0438 \\u0440\\u0435\\u0430\\u043b\\u044c\\u043d\\u044b\\u0435 \\u043e\\u0442\\u0437\\u044b\\u0432\\u044b \\u043f\\u043e\\u0441\\u0435\\u0442\\u0438\\u0442\\u0435\\u043b\\u0435\\u0439 \\u043d\\u0430 \\u0441\\u0430\\u0439\\u0442\\u0435 \\u043f\\u043e\\u043c\\u043e\\u0433\\u0443\\u0442 \\u0432\\u0430\\u043c \\u0441\\u0434\\u0435\\u043b\\u0430\\u0442\\u044c \\u0434\\u0435\\u0439\\u0441\\u0442\\u0432\\u0438\\u0442\\u0435\\u043b\\u044c\\u043d\\u043e \\u043b\\u0443\\u0447\\u0448\\u0438\\u0439 \\u0432\\u044b\\u0431\\u043e\\u0440 \\u0434\\u043b\\u044f \\u0432\\u0430\\u0448\\u0435\\u0433\\u043e \\u043d\\u0435\\u0437\\u0430\\u0431\\u044b\\u0432\\u0430\\u0435\\u043c\\u043e\\u0433\\u043e \\u043f\\u0440\\u0430\\u0437\\u0434\\u043d\\u0438\\u043a\\u0430. \\u041f\\u043e\\u044d\\u0442\\u043e\\u043c\\u0443, \\u0435\\u0441\\u043b\\u0438 \\u0432\\u044b \\u0440\\u0435\\u0448\\u0438\\u043b\\u0438 \\u0441\\u0434\\u0435\\u043b\\u0430\\u0442\\u044c \\u0412\\u0430\\u0448\\u0443 \\u0441\\u0432\\u0430\\u0434\\u044c\\u0431\\u0443 \\u0434\\u0435\\u0439\\u0441\\u0442\\u0432\\u0438\\u0442\\u0435\\u043b\\u044c\\u043d\\u043e \\u044f\\u0440\\u043a\\u043e\\u0439 \\u0438 \\u043d\\u0435\\u0437\\u0430\\u0431\\u044b\\u0432\\u0430\\u0435\\u043c\\u043e\\u0439 \\u0438 \\u043f\\u043e\\u043b\\u0443\\u0447\\u0438\\u0442\\u044c \\u0438\\u0441\\u043a\\u043b\\u044e\\u0447\\u0438\\u0442\\u0435\\u043b\\u044c\\u043d\\u043e \\u043f\\u043e\\u043b\\u043e\\u0436\\u0438\\u0442\\u0435\\u043b\\u044c\\u043d\\u044b\\u0435 \\u0432\\u043f\\u0435\\u0447\\u0430\\u0442\\u043b\\u0435\\u043d\\u0438\\u044f, \\u0432\\u043e\\u0441\\u043f\\u043e\\u043b\\u044c\\u0437\\u0443\\u0439\\u0442\\u0435\\u0441\\u044c \\u0443\\u0441\\u043b\\u0443\\u0433\\u0430\\u043c\\u0438 \\u0441\\u0435\\u0440\\u0432\\u0438\\u0441\\u0430 Weddingcars!<\\/p><\\/td><\\/tr><\\/tbody><\\/table>"}]', '[{"text":"<p>\\r\\nWeddingcars\\r\\n- \\u044d\\u0442\\u043e \\u043f\\u0435\\u0440\\u0432\\u044b\\u0439 \\u0432 \\u041f\\u043e\\u043b\\u0442\\u0430\\u0432\\u0435 \\u0438 \\u0423\\u043a\\u0440\\u0430\\u0438\\u043d\\u0435 \\u043e\\u0442\\u043a\\u0440\\u044b\\u0442\\u044b\\u0439\\r\\n\\u0441\\u0435\\u0440\\u0432\\u0438\\u0441 \\u043f\\u043e\\u0438\\u0441\\u043a\\u0430 \\u0441\\u0432\\u0430\\u0434\\u0435\\u0431\\u043d\\u044b\\u0445 \\u0430\\u0432\\u0442\\u043e\\u043c\\u043e\\u0431\\u0438\\u043b\\u0435\\u0439.\\r\\n\\u041c\\u044b \\u0432\\u044b\\u0441\\u0442\\u0443\\u043f\\u0430\\u0435\\u043c \\u0432 \\u043a\\u0430\\u0447\\u0435\\u0441\\u0442\\u0432\\u0435 \\u043f\\u043e\\u0441\\u0440\\u0435\\u0434\\u043d\\u0438\\u043a\\u0430\\r\\n\\u043c\\u0435\\u0436\\u0434\\u0443 \\u0432\\u043e\\u0434\\u0438\\u0442\\u0435\\u043b\\u044f\\u043c\\u0438 \\u0438 \\u043a\\u043b\\u0438\\u0435\\u043d\\u0442\\u0430\\u043c\\u0438. \\u0412\\u043e\\u0434\\u0438\\u0442\\u0435\\u043b\\u0438,\\r\\n\\u0436\\u0435\\u043b\\u0430\\u044e\\u0449\\u0438\\u0435 \\u043f\\u0440\\u0435\\u0434\\u043e\\u0441\\u0442\\u0430\\u0432\\u043b\\u044f\\u0442\\u044c \\u0443\\u0441\\u043b\\u0443\\u0433\\u0438 \\u0441\\u0432\\u0430\\u0434\\u0435\\u0431\\u043d\\u043e\\u0439\\r\\n\\u043f\\u0435\\u0440\\u0435\\u0432\\u043e\\u0437\\u043a\\u0438, \\u043f\\u0440\\u043e\\u0445\\u043e\\u0434\\u044f\\u0442 \\u043f\\u0440\\u043e\\u0432\\u0435\\u0440\\u043a\\u0443 \\u0438\\r\\n\\u0440\\u0435\\u0433\\u0438\\u0441\\u0442\\u0440\\u0438\\u0440\\u0443\\u044e\\u0442\\u0441\\u044f \\u043d\\u0430 \\u043d\\u0430\\u0448\\u0435\\u0439 \\u043e\\u043d\\u043b\\u0430\\u0439\\u043d-\\u043f\\u043b\\u043e\\u0449\\u0430\\u0434\\u043a\\u0435.\\r\\n\\r\\n<\\/p><p>\\r\\n\\t\\u041a\\u043b\\u0438\\u0435\\u043d\\u0442\\u044b,\\r\\n\\u0432 \\u0441\\u0432\\u043e\\u044e \\u043e\\u0447\\u0435\\u0440\\u0435\\u0434\\u044c, \\u0438\\u043c\\u0435\\u044e\\u0442 \\u0432\\u043e\\u0437\\u043c\\u043e\\u0436\\u043d\\u043e\\u0441\\u0442\\u044c\\r\\n\\u0441\\u0430\\u043c\\u043e\\u0441\\u0442\\u043e\\u044f\\u0442\\u0435\\u043b\\u044c\\u043d\\u043e \\u0432\\u044b\\u0431\\u0440\\u0430\\u0442\\u044c \\u0441\\u0432\\u0430\\u0434\\u0435\\u0431\\u043d\\u044b\\u0439\\r\\n\\u0430\\u0432\\u0442\\u043e\\u043c\\u043e\\u0431\\u0438\\u043b\\u044c \\u043d\\u0430 \\u043b\\u044e\\u0431\\u043e\\u0439 \\u0432\\u043a\\u0443\\u0441 \\u0438 \\u0446\\u0432\\u0435\\u0442 \\u0438\\u0437\\r\\n\\u043e\\u0431\\u0448\\u0438\\u0440\\u043d\\u043e\\u0433\\u043e \\u043f\\u0435\\u0440\\u0435\\u0447\\u043d\\u044f \\u043f\\u0440\\u0435\\u0434\\u0441\\u0442\\u0430\\u0432\\u043b\\u0435\\u043d\\u043d\\u044b\\u0445\\r\\n\\u0432\\u0430\\u0440\\u0438\\u0430\\u043d\\u0442\\u043e\\u0432.<\\/p><p>\\r\\n\\t\\u041e\\u0434\\u043d\\u0438\\u043c\\r\\n\\u0438\\u0437 \\u043d\\u0430\\u0448\\u0438\\u0445 \\u043f\\u0440\\u0435\\u0438\\u043c\\u0443\\u0449\\u0435\\u0441\\u0442\\u0432 \\u044f\\u0432\\u043b\\u044f\\u0435\\u0442\\u0441\\u044f \\u0432\\u043e\\u0437\\u043c\\u043e\\u0436\\u043d\\u043e\\u0441\\u0442\\u044c\\r\\n\\u0432\\u044b\\u0431\\u043e\\u0440\\u0430 \\u0441\\u0440\\u0435\\u0434\\u0438 \\u0431\\u043e\\u043b\\u044c\\u0448\\u043e\\u0433\\u043e \\u043a\\u043e\\u043b\\u0438\\u0447\\u0435\\u0441\\u0442\\u0432\\u0430\\r\\n\\u043f\\u0440\\u0435\\u0434\\u043b\\u043e\\u0436\\u0435\\u043d\\u0438\\u0439. \\u0412\\u0430\\u0448\\u0435\\u043c\\u0443 \\u0432\\u043d\\u0438\\u043c\\u0430\\u043d\\u0438\\u044e \\u043f\\u0440\\u0435\\u0434\\u043b\\u0430\\u0433\\u0430\\u044e\\u0442\\u0441\\u044f\\r\\n\\u0440\\u0430\\u0437\\u043b\\u0438\\u0447\\u043d\\u044b\\u0435 \\u0432\\u0430\\u0440\\u0438\\u0430\\u043d\\u0442\\u044b \\u043a\\u043e\\u043c\\u043f\\u043b\\u0435\\u043a\\u0442\\u0430\\u0446\\u0438\\u0438\\r\\n\\u0441\\u0432\\u0430\\u0434\\u0435\\u0431\\u043d\\u043e\\u0433\\u043e \\u043a\\u043e\\u0440\\u0442\\u0435\\u0436\\u0430 - \\u043b\\u0435\\u0433\\u043a\\u043e\\u0432\\u044b\\u0435 \\u0430\\u0432\\u0442\\u043e \\u0438\\r\\n\\u0432\\u043d\\u0435\\u0434\\u043e\\u0440\\u043e\\u0436\\u043d\\u0438\\u043a\\u0438, \\u0440\\u0435\\u0442\\u0440\\u043e-\\u0430\\u0432\\u0442\\u043e\\u043c\\u043e\\u0431\\u0438\\u043b\\u0438,\\r\\n\\u043a\\u0430\\u0431\\u0440\\u0438\\u043e\\u043b\\u0435\\u0442\\u044b, \\u043b\\u0438\\u043c\\u0443\\u0437\\u0438\\u043d\\u044b \\u0438 \\u043f\\u0440. \\u041d\\u0430 \\u0441\\u0435\\u0440\\u0432\\u0438\\u0441\\u0435\\r\\nWeddingcars \\u043f\\u0440\\u0435\\u0434\\u0441\\u0442\\u0430\\u0432\\u043b\\u0435\\u043d\\u044b \\u0430\\u0432\\u0442\\u043e \\u043b\\u044e\\u0431\\u043e\\u0439 \\u0446\\u0435\\u043d\\u043e\\u0432\\u043e\\u0439\\r\\n\\u043a\\u0430\\u0442\\u0435\\u0433\\u043e\\u0440\\u0438\\u0438 \\u2013 \\u043e\\u0442 \\u043c\\u043e\\u0434\\u0435\\u043b\\u0435\\u0439 \\u044d\\u043a\\u043e\\u043d\\u043e\\u043c-\\u043a\\u043b\\u0430\\u0441\\u0441\\u0430\\r\\n\\u0434\\u043e \\u0430\\u0432\\u0442\\u043e\\u043c\\u0430\\u0448\\u0438\\u043d \\u043a\\u043b\\u0430\\u0441\\u0441\\u0430 \\u043b\\u044e\\u043a\\u0441. \\u0422\\u0430\\u043a\\u0436\\u0435 \\u043c\\u043e\\u0436\\u043d\\u043e\\r\\n\\u043d\\u0430\\u0439\\u0442\\u0438 \\u0438 \\u0437\\u0430\\u043a\\u0430\\u0437\\u0430\\u0442\\u044c \\u043a\\u043e\\u043c\\u0444\\u043e\\u0440\\u0442\\u0430\\u0431\\u0435\\u043b\\u044c\\u043d\\u044b\\u0435\\r\\n\\u0430\\u0432\\u0442\\u043e\\u0431\\u0443\\u0441\\u044b \\u0438 \\u043c\\u0438\\u043a\\u0440\\u043e\\u0430\\u0432\\u0442\\u043e\\u0431\\u0443\\u0441\\u044b, \\u0447\\u0442\\u043e\\u0431\\u044b \\u043f\\u0440\\u0438\\u0432\\u0435\\u0437\\u0442\\u0438\\r\\n\\u043d\\u0430 \\u043f\\u0440\\u0430\\u0437\\u0434\\u043d\\u0438\\u043a \\u0432\\u0441\\u0435\\u0445 \\u0432\\u0430\\u0448\\u0438\\u0445 \\u0433\\u043e\\u0441\\u0442\\u0435\\u0439.<\\/p><p>\\r\\n\\t\\u0410\\u0432\\u0442\\u043e,\\r\\n\\u043f\\u0440\\u0435\\u0434\\u0441\\u0442\\u0430\\u0432\\u043b\\u0435\\u043d\\u043d\\u044b\\u0435 \\u0432 \\u043d\\u0430\\u0448\\u0435\\u043c \\u043a\\u0430\\u0442\\u0430\\u043b\\u043e\\u0433\\u0435, \\u043e\\u0431\\u043b\\u0430\\u0434\\u0430\\u044e\\u0442\\r\\n\\u0431\\u0435\\u0437\\u0443\\u043f\\u0440\\u0435\\u0447\\u043d\\u044b\\u043c \\u0432\\u043d\\u0435\\u0448\\u043d\\u0438\\u043c \\u0432\\u0438\\u0434\\u043e\\u043c \\u0438 \\u043e\\u0442\\u043b\\u0438\\u0447\\u043d\\u044b\\u043c\\r\\n\\u0442\\u0435\\u0445\\u043d\\u0438\\u0447\\u0435\\u0441\\u043a\\u0438\\u043c \\u0441\\u043e\\u0441\\u0442\\u043e\\u044f\\u043d\\u0438\\u0435\\u043c. \\u0412\\u043e\\u0434\\u0438\\u0442\\u0435\\u043b\\u0438,\\r\\n\\u043a\\u043e\\u0442\\u043e\\u0440\\u044b\\u0435 \\u0440\\u0430\\u0431\\u043e\\u0442\\u0430\\u044e\\u0442 \\u0441 Weddingcars, \\u043f\\u0440\\u043e\\u0445\\u043e\\u0434\\u044f\\u0442\\r\\n\\u043e\\u0431\\u044f\\u0437\\u0430\\u0442\\u0435\\u043b\\u044c\\u043d\\u0443\\u044e \\u043f\\u0440\\u043e\\u0432\\u0435\\u0440\\u043a\\u0443 \\u0438 \\u043f\\u043e\\u0434\\u043f\\u0438\\u0441\\u044b\\u0432\\u0430\\u044e\\u0442\\r\\n\\u0434\\u043e\\u0433\\u043e\\u0432\\u043e\\u0440-\\u0441\\u043e\\u0433\\u043b\\u0430\\u0448\\u0435\\u043d\\u0438\\u0435, \\u0441\\u043e\\u0434\\u0435\\u0440\\u0436\\u0430\\u0449\\u0438\\u0439 \\u0443\\u0441\\u043b\\u043e\\u0432\\u0438\\u044f\\r\\n\\u0441\\u043e\\u0442\\u0440\\u0443\\u0434\\u043d\\u0438\\u0447\\u0435\\u0441\\u0442\\u0432\\u0430, \\u0432 \\u0442\\u043e\\u043c \\u0447\\u0438\\u0441\\u043b\\u0435 \\u043a\\u0430\\u0441\\u0430\\u0435\\u043c\\u043e\\r\\n\\u043e\\u043f\\u0440\\u044f\\u0442\\u043d\\u043e\\u0433\\u043e \\u0432\\u043d\\u0435\\u0448\\u043d\\u0435\\u0433\\u043e \\u0432\\u0438\\u0434\\u0430 \\u0432\\u043e\\u0434\\u0438\\u0442\\u0435\\u043b\\u044f \\u0438\\r\\n\\u0430\\u0432\\u0442\\u043e\\u043c\\u043e\\u0431\\u0438\\u043b\\u044f, \\u0445\\u0438\\u043c\\u0447\\u0438\\u0441\\u0442\\u043a\\u0438 \\u0441\\u0430\\u043b\\u043e\\u043d\\u0430 \\u0438 \\u043f\\u0440.<\\/p><p>\\u0420\\u0435\\u0439\\u0442\\u0438\\u043d\\u0433\\r\\n\\u0430\\u0432\\u0442\\u043e\\u043c\\u043e\\u0431\\u0438\\u043b\\u0435\\u0439 \\u0438 \\u0440\\u0435\\u0430\\u043b\\u044c\\u043d\\u044b\\u0435 \\u043e\\u0442\\u0437\\u044b\\u0432\\u044b \\u043f\\u043e\\u0441\\u0435\\u0442\\u0438\\u0442\\u0435\\u043b\\u0435\\u0439\\r\\n\\u043d\\u0430 \\u0441\\u0430\\u0439\\u0442\\u0435 \\u043f\\u043e\\u043c\\u043e\\u0433\\u0443\\u0442 \\u0432\\u0430\\u043c \\u0441\\u0434\\u0435\\u043b\\u0430\\u0442\\u044c \\u0434\\u0435\\u0439\\u0441\\u0442\\u0432\\u0438\\u0442\\u0435\\u043b\\u044c\\u043d\\u043e\\r\\n\\u043b\\u0443\\u0447\\u0448\\u0438\\u0439 \\u0432\\u044b\\u0431\\u043e\\u0440 \\u0434\\u043b\\u044f \\u0432\\u0430\\u0448\\u0435\\u0433\\u043e \\u043d\\u0435\\u0437\\u0430\\u0431\\u044b\\u0432\\u0430\\u0435\\u043c\\u043e\\u0433\\u043e\\r\\n\\u043f\\u0440\\u0430\\u0437\\u0434\\u043d\\u0438\\u043a\\u0430. \\u041f\\u043e\\u044d\\u0442\\u043e\\u043c\\u0443, \\u0435\\u0441\\u043b\\u0438 \\u0432\\u044b \\u0440\\u0435\\u0448\\u0438\\u043b\\u0438\\r\\n\\u0441\\u0434\\u0435\\u043b\\u0430\\u0442\\u044c \\u0412\\u0430\\u0448\\u0443 \\u0441\\u0432\\u0430\\u0434\\u044c\\u0431\\u0443 \\u0434\\u0435\\u0439\\u0441\\u0442\\u0432\\u0438\\u0442\\u0435\\u043b\\u044c\\u043d\\u043e\\r\\n\\u044f\\u0440\\u043a\\u043e\\u0439 \\u0438 \\u043d\\u0435\\u0437\\u0430\\u0431\\u044b\\u0432\\u0430\\u0435\\u043c\\u043e\\u0439 \\u0438 \\u043f\\u043e\\u043b\\u0443\\u0447\\u0438\\u0442\\u044c\\r\\n\\u0438\\u0441\\u043a\\u043b\\u044e\\u0447\\u0438\\u0442\\u0435\\u043b\\u044c\\u043d\\u043e \\u043f\\u043e\\u043b\\u043e\\u0436\\u0438\\u0442\\u0435\\u043b\\u044c\\u043d\\u044b\\u0435 \\u0432\\u043f\\u0435\\u0447\\u0430\\u0442\\u043b\\u0435\\u043d\\u0438\\u044f,\\r\\n\\u0432\\u043e\\u0441\\u043f\\u043e\\u043b\\u044c\\u0437\\u0443\\u0439\\u0442\\u0435\\u0441\\u044c \\u0443\\u0441\\u043b\\u0443\\u0433\\u0430\\u043c\\u0438 \\u0441\\u0435\\u0440\\u0432\\u0438\\u0441\\u0430\\r\\nWeddingcars!<\\/p>"}]', 'app\\models\\Pages', 1472721403),
(66, 'update', 1, 4, '[{"text":"<p>\\u041a\\u0430\\u043a \\u0437\\u0430\\u043a\\u0430\\u0437\\u0430\\u0442\\u044c<\\/p>"}]', '[{"text":"<p>\\r\\n\\u0417\\u0430\\u043a\\u0430\\u0437\\u0430\\u0442\\u044c\\r\\n\\u0443 \\u043d\\u0430\\u0441 \\u0430\\u0432\\u0442\\u043e \\u043d\\u0435\\u0432\\u0435\\u0440\\u043e\\u044f\\u0442\\u043d\\u043e \\u043f\\u0440\\u043e\\u0441\\u0442\\u043e. \\u041f\\u0440\\u0435\\u0436\\u0434\\u0435\\r\\n\\u0432\\u0441\\u0435\\u0433\\u043e, \\u043f\\u0440\\u043e\\u0441\\u043c\\u043e\\u0442\\u0440\\u0438\\u0442\\u0435 \\u0441 \\u0412\\u0430\\u0448\\u0435\\u0439 \\u201c\\u0432\\u0442\\u043e\\u0440\\u043e\\u0439\\r\\n\\u043f\\u043e\\u043b\\u043e\\u0432\\u0438\\u043d\\u043a\\u043e\\u0439\\u201d \\u043d\\u0430\\u0448 \\u043e\\u0431\\u0448\\u0438\\u0440\\u043d\\u044b\\u0439 \\u043a\\u0430\\u0442\\u0430\\u043b\\u043e\\u0433\\r\\n\\u0441\\u0432\\u0430\\u0434\\u0435\\u0431\\u043d\\u044b\\u0445 \\u0430\\u0432\\u0442\\u043e\\u043c\\u043e\\u0431\\u0438\\u043b\\u0435\\u0439 \\u0438 \\u0432\\u044b\\u0431\\u0435\\u0440\\u0438\\u0442\\u0435\\r\\n\\u0438\\u043d\\u0442\\u0435\\u0440\\u0435\\u0441\\u0443\\u044e\\u0449\\u0438\\u0439 \\u0432\\u0430\\u0441 \\u0432\\u0430\\u0440\\u0438\\u0430\\u043d\\u0442. \\r\\n<\\/p><p>\\r\\n\\u0417\\u0430\\u0442\\u0435\\u043c\\r\\n\\u043e\\u0444\\u043e\\u0440\\u043c\\u0438\\u0442\\u0435 \\u043e\\u043d\\u043b\\u0430\\u0439\\u043d-\\u0437\\u0430\\u044f\\u0432\\u043a\\u0443, \\u0437\\u0430\\u043f\\u043e\\u043b\\u043d\\u0438\\u0432 \\u0432\\u0441\\u0435\\r\\n\\u043d\\u0435\\u043e\\u0431\\u0445\\u043e\\u0434\\u0438\\u043c\\u044b\\u0435 \\u043f\\u043e\\u043b\\u044f. <br>\\u041f\\u043e\\u043b\\u0443\\u0447\\u0438\\u0432 \\u0437\\u0430\\u044f\\u0432\\u043a\\u0443,\\r\\n\\u0432\\u043e\\u0434\\u0438\\u0442\\u0435\\u043b\\u044c \\u043e\\u0442\\u043f\\u0440\\u0430\\u0432\\u0438\\u0442 \\u0432\\u0430\\u043c \\u043f\\u043e\\u0434\\u0442\\u0432\\u0435\\u0440\\u0436\\u0434\\u0435\\u043d\\u0438\\u0435\\r\\n\\u0431\\u0440\\u043e\\u043d\\u0438 \\u043d\\u0430 \\u0432\\u0430\\u0448\\u0443 \\u0434\\u0430\\u0442\\u0443. \\u0421\\u043b\\u0435\\u0434\\u0443\\u044e\\u0449\\u0438\\u0439 \\u0448\\u0430\\u0433 \\u2013\\r\\n\\u0432\\u043d\\u0435\\u0441\\u0435\\u043d\\u0438\\u0435 \\u043d\\u0435\\u043e\\u0431\\u0445\\u043e\\u0434\\u0438\\u043c\\u043e\\u0439 \\u0441\\u0443\\u043c\\u043c\\u044b \\u043f\\u0440\\u0435\\u0434\\u043e\\u043f\\u043b\\u0430\\u0442\\u044b.<\\/p><p>\\r\\n\\u0418,\\r\\n\\u043d\\u0430\\u043a\\u043e\\u043d\\u0435\\u0446, \\u0432 \\u0434\\u0435\\u043d\\u044c \\u0441\\u0432\\u0430\\u0434\\u044c\\u0431\\u044b \\u0432\\u044b \\u043f\\u043e\\u043b\\u0443\\u0447\\u0430\\u0435\\u0442\\u0435\\r\\n\\u0438\\u043c\\u0435\\u043d\\u043d\\u043e \\u0442\\u043e\\u0442 \\u0430\\u0432\\u0442\\u043e\\u043c\\u043e\\u0431\\u0438\\u043b\\u044c, \\u0432 \\u043a\\u043e\\u0442\\u043e\\u0440\\u043e\\u043c \\u0432\\u044b\\r\\n\\u043c\\u0435\\u0447\\u0442\\u0430\\u043b\\u0438 \\u043f\\u0440\\u0438\\u0435\\u0445\\u0430\\u0442\\u044c \\u043d\\u0430 \\u0441\\u0430\\u043c\\u044b\\u0439 \\u044f\\u0440\\u043a\\u0438\\u0439 \\u043f\\u0440\\u0430\\u0437\\u0434\\u043d\\u0438\\u043a\\r\\n\\u0412\\u0430\\u0448\\u0435\\u0439 \\u0436\\u0438\\u0437\\u043d\\u0438.<\\/p><p>\\r\\n\\u0421\\r\\n\\u043f\\u043e\\u043c\\u043e\\u0449\\u044c\\u044e \\u0441\\u0435\\u0440\\u0432\\u0438\\u0441\\u0430 Weddingcars \\u0432\\u044b \\u043c\\u043e\\u0436\\u0435\\u0442\\u0435 \\u0441\\u043e\\u0441\\u0442\\u0430\\u0432\\u0438\\u0442\\u044c\\r\\n\\u0446\\u0435\\u043b\\u044b\\u0439 \\u0441\\u0432\\u0430\\u0434\\u0435\\u0431\\u043d\\u044b\\u0439 \\u043a\\u043e\\u0440\\u0442\\u0435\\u0436. \\u0410 \\u0442\\u0430\\u043a\\u0436\\u0435 \\u043f\\u0440\\u043e\\u0441\\u043b\\u0435\\u0434\\u0438\\u0442\\u044c\\r\\n\\u0437\\u0430 \\u0442\\u0435\\u043c, \\u0447\\u0442\\u043e\\u0431\\u044b \\u043e\\u043d \\u0431\\u044b\\u043b \\u0432\\u044b\\u0434\\u0435\\u0440\\u0436\\u0430\\u043d \\u0432 \\u0435\\u0434\\u0438\\u043d\\u043e\\u043c\\r\\n\\u0441\\u0442\\u0438\\u043b\\u0435, \\u0438\\u0437 \\u0430\\u0432\\u0442\\u043e\\u043c\\u043e\\u0431\\u0438\\u043b\\u0435\\u0439 \\u043e\\u0434\\u043d\\u043e\\u0439 \\u043c\\u0430\\u0440\\u043a\\u0438 \\u0438\\r\\n\\u0446\\u0432\\u0435\\u0442\\u0430.<\\/p><p>\\r\\n\\u0423\\u0441\\u043b\\u0443\\u0433\\u0438,\\r\\n\\u043f\\u0440\\u0435\\u0434\\u043e\\u0441\\u0442\\u0430\\u0432\\u043b\\u044f\\u0435\\u043c\\u044b\\u0435 \\u0432\\u043e\\u0434\\u0438\\u0442\\u0435\\u043b\\u044f\\u043c\\u0438,\\r\\n\\u0437\\u0430\\u0440\\u0435\\u0433\\u0438\\u0441\\u0442\\u0440\\u0438\\u0440\\u043e\\u0432\\u0430\\u043d\\u043d\\u044b\\u043c\\u0438 \\u043d\\u0430 Weddingcars, \\u043d\\u0435\\r\\n\\u043e\\u0433\\u0440\\u0430\\u043d\\u0438\\u0447\\u0438\\u0432\\u0430\\u044e\\u0442\\u0441\\u044f \\u0441\\u0432\\u0430\\u0434\\u0435\\u0431\\u043d\\u043e\\u0439 \\u043f\\u0435\\u0440\\u0435\\u0432\\u043e\\u0437\\u043a\\u043e\\u0439.\\r\\n\\u0412\\u044b \\u043c\\u043e\\u0436\\u0435\\u0442\\u0435 \\u043d\\u0430\\u0439\\u0442\\u0438 \\u0438 \\u0437\\u0430\\u043a\\u0430\\u0437\\u0430\\u0442\\u044c \\u0430\\u0432\\u0442\\u043e\\u043c\\u043e\\u0431\\u0438\\u043b\\u044c\\r\\n\\u0434\\u043b\\u044f \\u043e\\u0440\\u0433\\u0430\\u043d\\u0438\\u0437\\u0430\\u0446\\u0438\\u0438 \\u043f\\u043e\\u0435\\u0437\\u0434\\u043e\\u043a, \\u0441\\u0432\\u044f\\u0437\\u0430\\u043d\\u043d\\u044b\\u0445 \\u0441\\r\\n\\u043f\\u0440\\u043e\\u0432\\u0435\\u0434\\u0435\\u043d\\u0438\\u0435\\u043c \\u0432\\u0441\\u0435\\u0432\\u043e\\u0437\\u043c\\u043e\\u0436\\u043d\\u044b\\u0445 \\u043f\\u0440\\u0430\\u0437\\u0434\\u043d\\u0438\\u043a\\u043e\\u0432\\r\\n\\u0438 \\u043c\\u0435\\u0440\\u043e\\u043f\\u0440\\u0438\\u044f\\u0442\\u0438\\u0439:<\\/p><p>\\r\\n-\\r\\n\\u0442\\u0440\\u0430\\u043d\\u0441\\u0444\\u0435\\u0440 \\u0438\\u0437 \\u0432\\u043e\\u043a\\u0437\\u0430\\u043b\\u0430, \\u043e\\u0442\\u0435\\u043b\\u044f;<\\/p><p>\\r\\n-\\r\\n\\u0442\\u0443\\u0440\\u0438\\u0441\\u0442\\u0438\\u0447\\u0435\\u0441\\u043a\\u0438\\u0435 \\u0438 \\u044d\\u043a\\u0441\\u043a\\u0443\\u0440\\u0441\\u0438\\u043e\\u043d\\u043d\\u044b\\u0435 \\u043f\\u043e\\u0435\\u0437\\u0434\\u043a\\u0438;<\\/p><p>\\r\\n-\\r\\n\\u0434\\u0435\\u0432\\u0438\\u0447\\u043d\\u0438\\u043a\\u0438 \\u0438 \\u043c\\u0430\\u043b\\u044c\\u0447\\u0438\\u0448\\u043d\\u0438\\u043a\\u0438, \\u0441\\u0432\\u0438\\u0434\\u0430\\u043d\\u0438\\u044f;<\\/p><p>\\r\\n-\\r\\n\\u0444\\u043e\\u0442\\u043e-\\u0441\\u0435\\u0441\\u0441\\u0438\\u0438, \\u0432\\u044b\\u043f\\u0438\\u0441\\u043a\\u0430 \\u0438\\u0437 \\u0440\\u043e\\u0434\\u0434\\u043e\\u043c\\u0430;<\\/p><p>\\r\\n-\\r\\n\\u043e\\u0431\\u0441\\u043b\\u0443\\u0436\\u0438\\u0432\\u0430\\u043d\\u0438\\u0435 \\u043f\\u0438\\u043a\\u043d\\u0438\\u043a\\u043e\\u0432, \\u0432\\u0435\\u0447\\u0435\\u0440\\u0438\\u043d\\u043e\\u043a,\\r\\n\\u0433\\u043e\\u0440\\u043e\\u0434\\u0441\\u043a\\u0438\\u0445 \\u0438 \\u0437\\u0430\\u0433\\u043e\\u0440\\u043e\\u0434\\u043d\\u044b\\u0445 \\u043c\\u0435\\u0440\\u043e\\u043f\\u0440\\u0438\\u044f\\u0442\\u0438\\u0439,\\r\\n\\u043f\\u0440\\u0430\\u0437\\u0434\\u043d\\u0438\\u043a\\u043e\\u0432 (\\u0434\\u043d\\u0438 \\u0440\\u043e\\u0436\\u0434\\u0435\\u043d\\u0438\\u044f, \\u0432\\u044b\\u043f\\u0443\\u0441\\u043a\\u043d\\u043e\\u0439\\r\\n\\u0432\\u0435\\u0447\\u0435\\u0440, \\u043a\\u043e\\u0440\\u043f\\u043e\\u0440\\u0430\\u0442\\u0438\\u0432\\u043d\\u044b\\u0435 \\u0432\\u0435\\u0447\\u0435\\u0440\\u0438\\u043d\\u043a\\u0438,\\r\\n\\u043f\\u0440\\u0435\\u0437\\u0435\\u043d\\u0442\\u0430\\u0446\\u0438\\u0438 \\u0438 \\u043c\\u043d\\u043e\\u0433\\u043e\\u0435 \\u0434\\u0440\\u0443\\u0433\\u043e\\u0435).<\\/p>"}]', 'app\\models\\Pages', 1472721511),
(67, 'delete', 1, 32, NULL, '{"id":32,"username":"vasiya","fio":"\\u0412\\u0430\\u0441\\u0438\\u043b\\u044c\\u0435\\u0432 \\u0412\\u0430\\u0441\\u0438\\u043b\\u0438\\u0439 \\u0412\\u0430\\u0441\\u0438\\u043b\\u044c\\u0435\\u0432\\u0438\\u0447","phone":"+380559955155","type":"driver","partner":0,"score":"0.00","email":"vasiya@mail.ru","password_hash":"$2y$10$\\/IZdiN1OufDGLETrnRE2oOiGtSmgPIZw9MVbCgjPmlkGEEF5.4eiu","auth_key":"uTl2azuFfp6N2LL2c6-lUmu5nY5z-JMF","confirmed_at":null,"unconfirmed_email":null,"blocked_at":null,"registration_ip":"93.78.238.18","created_at":0,"updated_at":0,"flags":0}', 'app\\models\\user\\User', 1472816506),
(68, 'create', 0, 33, NULL, NULL, 'app\\models\\user\\User', 1472816560),
(69, 'delete', 1, 33, NULL, '{"id":33,"username":"vasiya","fio":"\\u0412\\u0430\\u0441\\u044f \\u0412\\u0430\\u0441\\u044f \\u0412\\u0430\\u0441\\u044f","phone":"+380000000000","type":"driver","partner":0,"score":"0.00","email":"vasiya@mail.ru","password_hash":"$2y$10$2cJgHRwf\\/EwEJIkSj.kLS.GWn.z7BQl1kbeOdu7UhK6b0oPBi.lLC","auth_key":"umquJpwqiasV775KtoQdU1YvgtpyXdLV","confirmed_at":null,"unconfirmed_email":null,"blocked_at":null,"registration_ip":"93.78.238.18","created_at":0,"updated_at":0,"flags":0}', 'app\\models\\user\\User', 1472816969),
(70, 'create', 0, 34, NULL, NULL, 'app\\models\\user\\User', 1472817000),
(71, 'delete', 1, 34, NULL, '{"id":34,"username":"vasiya","fio":"\\u0412\\u0430\\u0441\\u044f \\u0412\\u0430\\u0441\\u044f \\u0412\\u0430\\u0441\\u044f","phone":"+380000000000","type":"client","partner":0,"score":"0.00","email":"vasiya@mail.ru","password_hash":"$2y$10$9vE8IsRPi8zhzN4lk\\/ZXD.TtRgeTb0z22z0WCkavuAI9hVDTK7bja","auth_key":"77Az2TV_8eUPrzHa7tu1fGH6dfhnGqm4","confirmed_at":null,"unconfirmed_email":null,"blocked_at":null,"registration_ip":"93.78.238.18","created_at":0,"updated_at":0,"flags":0}', 'app\\models\\user\\User', 1472817321),
(72, 'create', 0, 35, NULL, NULL, 'app\\models\\user\\User', 1472817348),
(73, 'delete', 1, 35, NULL, '{"id":35,"username":"vasiya","fio":"\\u0412\\u0430\\u0441\\u044f \\u0412\\u0430\\u0441\\u044f \\u0412\\u0430\\u0441\\u044f","phone":"+380000000000","type":"driver","partner":0,"score":"0.00","email":"vasiya@mail.ru","password_hash":"$2y$10$A1zawE7KaowM.jBJ8CnIFuB4wlAY4jNdBJ4dR7rtvJai\\/p.rKX79y","auth_key":"M0LsWNNQnIUGQIVSfzSQ0Ea4tL6yJFtz","confirmed_at":null,"unconfirmed_email":null,"blocked_at":null,"registration_ip":"93.78.238.18","created_at":0,"updated_at":0,"flags":0}', 'app\\models\\user\\User', 1472817421),
(74, 'create', 0, 36, NULL, NULL, 'app\\models\\user\\User', 1472817447),
(75, 'delete', 1, 36, NULL, '{"id":36,"username":"vasiya","fio":"\\u0412\\u0430\\u0441\\u044f \\u0412\\u0430\\u0441\\u044f \\u0412\\u0430\\u0441\\u044f","phone":"+380000000000","type":"client","partner":0,"score":"0.00","email":"vasiya@mail.ru","password_hash":"$2y$10$sHvC5Nz177X\\/flQmsVtoweE6uVKQG7M9VUf4Dabvf7fgNywiGPjoi","auth_key":"HYVWvAO5PDKsySPFWAnynPSJRaI5XLHx","confirmed_at":null,"unconfirmed_email":null,"blocked_at":null,"registration_ip":"93.78.238.18","created_at":0,"updated_at":0,"flags":0}', 'app\\models\\user\\User', 1472817462),
(76, 'create', 0, 37, NULL, NULL, 'app\\models\\user\\User', 1472817482),
(77, 'delete', 1, 37, NULL, '{"id":37,"username":"vasiya","fio":"\\u0412\\u0430\\u0441\\u044f \\u0412\\u0430\\u0441\\u044f \\u0412\\u0430\\u0441\\u044f","phone":"+380000000000","type":"driver","partner":0,"score":"0.00","email":"vasiya@mail.ru","password_hash":"$2y$10$eoEy9RHvvSWZeWvtUm\\/z.uDHz0R7lyriwNWfvuD\\/zXPvXa6XR4SXu","auth_key":"EtmiYd9Gc5vBxskAfWqfguBdtiUL9vAj","confirmed_at":null,"unconfirmed_email":null,"blocked_at":null,"registration_ip":"93.78.238.18","created_at":0,"updated_at":0,"flags":0}', 'app\\models\\user\\User', 1472819207),
(78, 'create', 0, 38, NULL, NULL, 'app\\models\\user\\User', 1472819263),
(79, 'delete', 1, 38, NULL, '{"id":38,"username":"vasiya","fio":"\\u0412\\u0430\\u0441\\u044f \\u0412\\u0430\\u0441\\u044f \\u0412\\u0430\\u0441\\u044f","phone":"+380000000000","type":"driver","partner":0,"score":"0.00","email":"vasiya@mail.ru","password_hash":"$2y$10$s.FjtcZyfcKICJTcbku5YuhIDIiDhB0CZsDPEmQH1\\/cIBkYnmbQOK","auth_key":"oyIhfHpQtx63pRGTflBGc7d0gicVX3Iw","confirmed_at":null,"unconfirmed_email":null,"blocked_at":null,"registration_ip":"93.78.238.18","created_at":0,"updated_at":0,"flags":0}', 'app\\models\\user\\User', 1472819303),
(80, 'create', 0, 39, NULL, NULL, 'app\\models\\user\\User', 1472819335),
(81, 'delete', 1, 39, NULL, '{"id":39,"username":"vasiya","fio":"\\u0412\\u0438\\u0442\\u0440\\u0435\\u043d\\u043a\\u043e \\u0412\\u044f\\u0447\\u0435\\u0441\\u043b\\u0430\\u0432 \\u0414\\u043c\\u0438\\u0442\\u0440\\u0438\\u0435\\u0432\\u0438\\u0447","phone":"+380000000000","type":"driver","partner":0,"score":"0.00","email":"vasiya@mail.ru","password_hash":"$2y$10$6Uorw6S8S.QCkSA6sw47P.zRFax\\/MS9whajoXFC\\/gVdNq\\/4XmKThO","auth_key":"hSEi4YmPheiKnd4LnPkhTSHmvxZWgN8i","confirmed_at":null,"unconfirmed_email":null,"blocked_at":null,"registration_ip":"93.78.238.18","created_at":0,"updated_at":0,"flags":0}', 'app\\models\\user\\User', 1472819483),
(82, 'create', 0, 40, NULL, NULL, 'app\\models\\user\\User', 1472819535),
(83, 'delete', 1, 40, NULL, '{"id":40,"username":"vasiya","fio":"\\u0412\\u0430\\u0441\\u044f \\u0412\\u0430\\u0441\\u044f \\u0432\\u0430\\u0441\\u044f","phone":"+380000000000","type":"driver","partner":0,"score":"0.00","email":"vasiya@mail.ru","password_hash":"$2y$10$nvfQs.PtrI1PyaDstxCSVuW.tPRvULRy1P\\/YM60jtJRnJGkU5wGre","auth_key":"0ceG2Ben8XWp9LTrHLJsddfnEBO9GmK6","confirmed_at":1472819555,"unconfirmed_email":null,"blocked_at":null,"registration_ip":"93.78.238.18","created_at":0,"updated_at":0,"flags":0}', 'app\\models\\user\\User', 1472819681),
(84, 'create', 0, 41, NULL, NULL, 'app\\models\\user\\User', 1472819966),
(85, 'delete', 1, 41, NULL, '{"id":41,"username":"vasiya","fio":"\\u0412\\u0430\\u0441\\u044f \\u0412\\u0430\\u0441\\u044f \\u0412\\u0430\\u0441\\u044f","phone":"+380000000000","type":"driver","partner":0,"score":"0.00","email":"vasiya@mail.ru","password_hash":"$2y$10$G9n5u9OeqN0ynhwgcccNpeFEKLxNZwtIOPxZIOvmA1w0foFCPsISe","auth_key":"PzqhtD7Aqdq1xM7wc3SXkXQUmtsO7o4o","confirmed_at":1472819966,"unconfirmed_email":null,"blocked_at":null,"registration_ip":"93.78.238.18","created_at":0,"updated_at":0,"flags":0}', 'app\\models\\user\\User', 1472820020),
(86, 'update', 1, 28, '[{"type":"driver"}]', '[{"type":"client"}]', 'app\\models\\user\\User', 1472820056),
(87, 'update', 1, 28, '[{"type":"client"}]', '[{"type":"driver"}]', 'app\\models\\user\\User', 1472820059),
(88, 'update', 1, 28, '[{"partner":0}]', '[{"partner":"1"}]', 'app\\models\\user\\User', 1472820067),
(89, 'update', 1, 28, '[{"type":"driver"},{"partner":1}]', '[{"type":"client"},{"partner":"0"}]', 'app\\models\\user\\User', 1472820070),
(90, 'create', 1, 42, NULL, NULL, 'app\\models\\user\\User', 1473083839),
(91, 'delete', 1, 42, NULL, '{"id":42,"username":"mxuser","fio":"\\u0412\\u0438\\u0442\\u0440\\u0435\\u043d\\u043a\\u043e \\u0412\\u044f\\u0447\\u0435\\u0441\\u043b\\u0430\\u0432 \\u0414\\u043c\\u0438\\u0442\\u0440\\u0438\\u0435\\u0432\\u0438\\u0447","phone":"+380000000000","type":"driver","partner":1,"score":"0.00","email":"mxuser@ya.ru1","password_hash":"$2y$10$Cf4uve7ayfdehX9NgmNy\\/.q9hqcBwa8ALwy9NMTV93FXh3m0OP7pK","auth_key":"itWhQy1BPt10qo5c6RmOAH7-hvRCbDft","confirmed_at":1473083839,"unconfirmed_email":null,"blocked_at":null,"registration_ip":"93.78.238.18","created_at":0,"updated_at":0,"flags":0}', 'app\\models\\user\\User', 1473083848),
(92, 'create', 1, 43, NULL, NULL, 'app\\models\\user\\User', 1473084537),
(93, 'create', 0, 44, NULL, NULL, 'app\\models\\user\\User', 1473086706),
(94, 'create', 44, 23, NULL, NULL, 'app\\models\\Orders', 1473086707),
(95, 'delete', 1, 23, NULL, '{"id":23,"cost":"500.00","partner_percent":null,"user_id":44,"car_id":6,"city":8,"datetime":"2016-09-06 17:00","hours":45,"city_out":1,"km":67,"route":"\\u041f\\u043e \\u0441\\u0435\\u043b\\u0443 \\u043f\\u043e\\u043a\\u0430\\u0442\\u0430\\u0442\\u044c\\u0441\\u044f","description":"","paid":"not","confirmed":0,"created_at":1473086706,"order_id":"VlYEtbB8ESuBGe7xdNVQPYG0nRzRug8rr5HMr5eQ76aWldEvmaTGFGcAQC7i0ZT2z2nL40glyP98ngI-YNIa1kMp5xeAhENJgQys","archive":0}', 'app\\models\\Orders', 1473086746),
(96, 'delete', 1, 22, NULL, '{"id":22,"cost":"550.00","partner_percent":null,"user_id":1,"car_id":7,"city":5,"datetime":"2016-10-05 05:45","hours":45,"city_out":1,"km":67,"route":"5ry75","description":"","paid":"not","confirmed":0,"created_at":1472720162,"order_id":"yyMYefCQOIt15pj57u-TmdzK_39IINBwMYp6sXlCt4fVCn14PrqxK5HXQEHMH-m0NuQ2fA3pX5-bddNnsYqezuuNmUHf5w1zO1i-","archive":0}', 'app\\models\\Orders', 1473086752),
(97, 'delete', 1, 21, NULL, '{"id":21,"cost":"550.00","partner_percent":null,"user_id":1,"car_id":7,"city":6,"datetime":"2016-08-31 22:00","hours":45,"city_out":1,"km":67,"route":"\\u041f\\u043e \\u0441\\u0435\\u043b\\u0443 \\u043f\\u043e\\u043a\\u0430\\u0442\\u0430\\u0442\\u044c\\u0441\\u044f","description":"","paid":"not","confirmed":0,"created_at":1472647979,"order_id":"yyNfmyV9ctTXxrwXP5utlVe5m5OH6urQmQBlpXGrzZy33U1eqjYkffrN5MI4xcwvS5kzM3Ebb76Za7k4bSen2grpltixoCecRQAf","archive":0}', 'app\\models\\Orders', 1473086755),
(98, 'delete', 1, 19, NULL, '{"id":19,"cost":"200.00","partner_percent":null,"user_id":28,"car_id":13,"city":8,"datetime":"2016-08-19 11:00","hours":7,"city_out":0,"km":45,"route":"\\u043f\\u043e \\u0433\\u043e\\u0440\\u043e\\u0434\\u0443","description":"","paid":"not","confirmed":0,"created_at":1471422703,"order_id":"17ILr6BNq7sgDgEcQyRe61HukIA05MPlDZgH6WlovwqHat8z0SXwIlQGPxu7Z9uoB7s2rjlpnodvVzfqPzXgbw_iOkYZMLw_-lt9","archive":0}', 'app\\models\\Orders', 1473086756),
(99, 'delete', 1, 13, NULL, '{"id":13,"cost":"500.00","partner_percent":null,"user_id":1,"car_id":6,"city":6,"datetime":"2016-08-12 22:30","hours":46,"city_out":1,"km":12,"route":"\\u041f\\u043e \\u0433\\u043e\\u0440\\u043e\\u0434\\u0443","description":"","paid":"not","confirmed":0,"created_at":1471016480,"order_id":"NUZ_fZB-ftYZAW1RV_iVNK0bhTX835Mh7gEpDdAwfa3R_WjT-JR9pU3PtGj7539UZRRcI8NYjSUQVfdig2Rrpm0kr0iLsh_mbSqF","archive":0}', 'app\\models\\Orders', 1473086759),
(100, 'delete', 1, 9, NULL, '{"id":9,"cost":"500.00","partner_percent":null,"user_id":13,"car_id":6,"city":5,"datetime":"2016-08-10 09:00","hours":3,"city_out":1,"km":67,"route":"\\u041f\\u043e \\u0441\\u0435\\u043b\\u0443 \\u043f\\u043e\\u043a\\u0430\\u0442\\u0430\\u0442\\u044c\\u0441\\u044f","description":"","paid":"not","confirmed":0,"created_at":1470666756,"order_id":"cmVrZzRqT1snIR_w_i3kmrC-AFe38B3aBWkdxlNQ8XwD7Th_V-BhdmcZsECkQLO6AEJ5Z5dbobdupBWnnnjbX4srrriQEj6WEZ1H","archive":0}', 'app\\models\\Orders', 1473086760),
(101, 'delete', 1, 44, NULL, '{"id":44,"username":"mxuser","fio":"\\u0412\\u0438\\u0442\\u0440\\u0435\\u043d\\u043a\\u043e \\u0412\\u044f\\u0447\\u0435\\u0441\\u043b\\u0430\\u0432 \\u0414\\u043c\\u0438\\u0442\\u0440\\u0438\\u0435\\u0432\\u0438\\u0447","phone":"+380555555555","type":"client","partner":0,"score":"0.00","email":"mxuser@ya.ru1","password_hash":"$2y$10$avUZKM5VMK2KCIq0KWAlNOp2xb..JgUp3k7537BRtIQcO.dx9OaeW","auth_key":"C8ujOTEJetzSH4PBmmJTstukfV4CfpDe","confirmed_at":1473086706,"unconfirmed_email":null,"blocked_at":null,"registration_ip":"93.78.238.18","created_at":0,"updated_at":0,"flags":0}', 'app\\models\\user\\User', 1473086812),
(102, 'create', 0, 45, NULL, NULL, 'app\\models\\user\\User', 1473086903),
(103, 'create', 45, 15, NULL, NULL, 'app\\models\\Auto', 1473086904),
(104, 'delete', 1, 15, NULL, '{"id":15,"user_id":45,"name":"","type":null,"category_id":39,"brand":"3","model":"39","year":"1991","color":"black","body":null,"retro":1,"bus_type":null,"decor":0,"client_decor":0,"pass_count":6,"description":"","hour_cost":"15.00","few_hours_cost":"500.00","outside_cost":"150.00","checked":0,"popularity":0}', 'app\\models\\Auto', 1473086920),
(105, 'delete', 1, 45, NULL, '{"id":45,"username":"mxuser","fio":"\\u0412\\u0438\\u0442\\u0440\\u0435\\u043d\\u043a\\u043e \\u0412\\u044f\\u0447\\u0435\\u0441\\u043b\\u0430\\u0432 \\u0414\\u043c\\u0438\\u0442\\u0440\\u0438\\u0435\\u0432\\u0438\\u0447","phone":"+380555555555","type":"driver","partner":0,"score":"0.00","email":"mxuser@ya.ru1","password_hash":"$2y$10$9coPcm5.GJph9zI8zIeDBOTyHuV2dkSuwQIHoUgAtLuse9Peyzq86","auth_key":"OktjgJI7mhvQBUt00nVB1VmDQ4dcWSdw","confirmed_at":1473086902,"unconfirmed_email":null,"blocked_at":null,"registration_ip":"93.78.238.18","created_at":0,"updated_at":0,"flags":0}', 'app\\models\\user\\User', 1473086942),
(106, 'create', 0, 46, NULL, NULL, 'app\\models\\user\\User', 1473143609),
(107, 'create', 46, 16, NULL, NULL, 'app\\models\\Auto', 1473143611),
(108, 'update', 1, 16, '[{"checked":0}]', '[{"checked":1}]', 'app\\models\\Auto', 1473144085),
(109, 'update', 1, 16, '[{"checked":1}]', '[{"checked":0}]', 'app\\models\\Auto', 1473144086),
(110, 'update', 1, 16, '[{"checked":0}]', '[{"checked":1}]', 'app\\models\\Auto', 1473144086),
(111, 'update', 1, 16, '[{"checked":1}]', '[{"checked":0}]', 'app\\models\\Auto', 1473144087),
(112, 'update', 1, 16, '[{"checked":0}]', '[{"checked":1}]', 'app\\models\\Auto', 1473144087),
(113, 'update', 1, 16, '[{"checked":1}]', '[{"checked":0}]', 'app\\models\\Auto', 1473144088),
(114, 'update', 1, 13, '[{"checked":1}]', '[{"checked":0}]', 'app\\models\\Auto', 1473144284),
(115, 'update', 1, 13, '[{"checked":0}]', '[{"checked":1}]', 'app\\models\\Auto', 1473144286),
(116, 'update', 1, 8, '[{"checked":1}]', '[{"checked":0}]', 'app\\models\\Auto', 1473144393),
(117, 'update', 1, 8, '[{"checked":0}]', '[{"checked":1}]', 'app\\models\\Auto', 1473144394),
(118, 'delete', 1, 10, NULL, '{"id":10,"title":"\\u0412\\u043e\\u0434\\u0438\\u0442\\u0435\\u043b\\u044f\\u043c","text":"<p>\\u042d\\u0442\\u043e \\u0441\\u0442\\u0440\\u0430\\u043d\\u0438\\u0446\\u0430 \\"\\u0412\\u043e\\u0434\\u0438\\u0442\\u0435\\u043b\\u044f\\u043c\\"<\\/p>","active":1}', 'app\\models\\Pages', 1473148591),
(119, 'create', 0, 47, NULL, NULL, 'app\\models\\user\\User', 1473149747),
(120, 'create', 47, 17, NULL, NULL, 'app\\models\\Auto', 1473149880),
(121, 'update', 1, 6, '[{"checked":1}]', '[{"checked":0}]', 'app\\models\\Auto', 1473152781);
INSERT INTO `access_log` (`id`, `action`, `user_id`, `item_id`, `changed`, `attributes`, `model_class`, `created_at`) VALUES
(122, 'delete', 1, 9, NULL, '{"id":9,"title":"\\u041e \\u043a\\u043e\\u043c\\u043f\\u0430\\u043d\\u0438\\u0438","text":"<p>\\r\\nWeddingcars\\r\\n- \\u044d\\u0442\\u043e \\u043f\\u0435\\u0440\\u0432\\u044b\\u0439 \\u0432 \\u041f\\u043e\\u043b\\u0442\\u0430\\u0432\\u0435 \\u0438 \\u0423\\u043a\\u0440\\u0430\\u0438\\u043d\\u0435 \\u043e\\u0442\\u043a\\u0440\\u044b\\u0442\\u044b\\u0439\\r\\n\\u0441\\u0435\\u0440\\u0432\\u0438\\u0441 \\u043f\\u043e\\u0438\\u0441\\u043a\\u0430 \\u0441\\u0432\\u0430\\u0434\\u0435\\u0431\\u043d\\u044b\\u0445 \\u0430\\u0432\\u0442\\u043e\\u043c\\u043e\\u0431\\u0438\\u043b\\u0435\\u0439.\\r\\n\\u041c\\u044b \\u0432\\u044b\\u0441\\u0442\\u0443\\u043f\\u0430\\u0435\\u043c \\u0432 \\u043a\\u0430\\u0447\\u0435\\u0441\\u0442\\u0432\\u0435 \\u043f\\u043e\\u0441\\u0440\\u0435\\u0434\\u043d\\u0438\\u043a\\u0430\\r\\n\\u043c\\u0435\\u0436\\u0434\\u0443 \\u0432\\u043e\\u0434\\u0438\\u0442\\u0435\\u043b\\u044f\\u043c\\u0438 \\u0438 \\u043a\\u043b\\u0438\\u0435\\u043d\\u0442\\u0430\\u043c\\u0438. \\u0412\\u043e\\u0434\\u0438\\u0442\\u0435\\u043b\\u0438,\\r\\n\\u0436\\u0435\\u043b\\u0430\\u044e\\u0449\\u0438\\u0435 \\u043f\\u0440\\u0435\\u0434\\u043e\\u0441\\u0442\\u0430\\u0432\\u043b\\u044f\\u0442\\u044c \\u0443\\u0441\\u043b\\u0443\\u0433\\u0438 \\u0441\\u0432\\u0430\\u0434\\u0435\\u0431\\u043d\\u043e\\u0439\\r\\n\\u043f\\u0435\\u0440\\u0435\\u0432\\u043e\\u0437\\u043a\\u0438, \\u043f\\u0440\\u043e\\u0445\\u043e\\u0434\\u044f\\u0442 \\u043f\\u0440\\u043e\\u0432\\u0435\\u0440\\u043a\\u0443 \\u0438\\r\\n\\u0440\\u0435\\u0433\\u0438\\u0441\\u0442\\u0440\\u0438\\u0440\\u0443\\u044e\\u0442\\u0441\\u044f \\u043d\\u0430 \\u043d\\u0430\\u0448\\u0435\\u0439 \\u043e\\u043d\\u043b\\u0430\\u0439\\u043d-\\u043f\\u043b\\u043e\\u0449\\u0430\\u0434\\u043a\\u0435.\\r\\n\\r\\n<\\/p><p>\\r\\n\\t\\u041a\\u043b\\u0438\\u0435\\u043d\\u0442\\u044b,\\r\\n\\u0432 \\u0441\\u0432\\u043e\\u044e \\u043e\\u0447\\u0435\\u0440\\u0435\\u0434\\u044c, \\u0438\\u043c\\u0435\\u044e\\u0442 \\u0432\\u043e\\u0437\\u043c\\u043e\\u0436\\u043d\\u043e\\u0441\\u0442\\u044c\\r\\n\\u0441\\u0430\\u043c\\u043e\\u0441\\u0442\\u043e\\u044f\\u0442\\u0435\\u043b\\u044c\\u043d\\u043e \\u0432\\u044b\\u0431\\u0440\\u0430\\u0442\\u044c \\u0441\\u0432\\u0430\\u0434\\u0435\\u0431\\u043d\\u044b\\u0439\\r\\n\\u0430\\u0432\\u0442\\u043e\\u043c\\u043e\\u0431\\u0438\\u043b\\u044c \\u043d\\u0430 \\u043b\\u044e\\u0431\\u043e\\u0439 \\u0432\\u043a\\u0443\\u0441 \\u0438 \\u0446\\u0432\\u0435\\u0442 \\u0438\\u0437\\r\\n\\u043e\\u0431\\u0448\\u0438\\u0440\\u043d\\u043e\\u0433\\u043e \\u043f\\u0435\\u0440\\u0435\\u0447\\u043d\\u044f \\u043f\\u0440\\u0435\\u0434\\u0441\\u0442\\u0430\\u0432\\u043b\\u0435\\u043d\\u043d\\u044b\\u0445\\r\\n\\u0432\\u0430\\u0440\\u0438\\u0430\\u043d\\u0442\\u043e\\u0432.<\\/p><p>\\r\\n\\t\\u041e\\u0434\\u043d\\u0438\\u043c\\r\\n\\u0438\\u0437 \\u043d\\u0430\\u0448\\u0438\\u0445 \\u043f\\u0440\\u0435\\u0438\\u043c\\u0443\\u0449\\u0435\\u0441\\u0442\\u0432 \\u044f\\u0432\\u043b\\u044f\\u0435\\u0442\\u0441\\u044f \\u0432\\u043e\\u0437\\u043c\\u043e\\u0436\\u043d\\u043e\\u0441\\u0442\\u044c\\r\\n\\u0432\\u044b\\u0431\\u043e\\u0440\\u0430 \\u0441\\u0440\\u0435\\u0434\\u0438 \\u0431\\u043e\\u043b\\u044c\\u0448\\u043e\\u0433\\u043e \\u043a\\u043e\\u043b\\u0438\\u0447\\u0435\\u0441\\u0442\\u0432\\u0430\\r\\n\\u043f\\u0440\\u0435\\u0434\\u043b\\u043e\\u0436\\u0435\\u043d\\u0438\\u0439. \\u0412\\u0430\\u0448\\u0435\\u043c\\u0443 \\u0432\\u043d\\u0438\\u043c\\u0430\\u043d\\u0438\\u044e \\u043f\\u0440\\u0435\\u0434\\u043b\\u0430\\u0433\\u0430\\u044e\\u0442\\u0441\\u044f\\r\\n\\u0440\\u0430\\u0437\\u043b\\u0438\\u0447\\u043d\\u044b\\u0435 \\u0432\\u0430\\u0440\\u0438\\u0430\\u043d\\u0442\\u044b \\u043a\\u043e\\u043c\\u043f\\u043b\\u0435\\u043a\\u0442\\u0430\\u0446\\u0438\\u0438\\r\\n\\u0441\\u0432\\u0430\\u0434\\u0435\\u0431\\u043d\\u043e\\u0433\\u043e \\u043a\\u043e\\u0440\\u0442\\u0435\\u0436\\u0430 - \\u043b\\u0435\\u0433\\u043a\\u043e\\u0432\\u044b\\u0435 \\u0430\\u0432\\u0442\\u043e \\u0438\\r\\n\\u0432\\u043d\\u0435\\u0434\\u043e\\u0440\\u043e\\u0436\\u043d\\u0438\\u043a\\u0438, \\u0440\\u0435\\u0442\\u0440\\u043e-\\u0430\\u0432\\u0442\\u043e\\u043c\\u043e\\u0431\\u0438\\u043b\\u0438,\\r\\n\\u043a\\u0430\\u0431\\u0440\\u0438\\u043e\\u043b\\u0435\\u0442\\u044b, \\u043b\\u0438\\u043c\\u0443\\u0437\\u0438\\u043d\\u044b \\u0438 \\u043f\\u0440. \\u041d\\u0430 \\u0441\\u0435\\u0440\\u0432\\u0438\\u0441\\u0435\\r\\nWeddingcars \\u043f\\u0440\\u0435\\u0434\\u0441\\u0442\\u0430\\u0432\\u043b\\u0435\\u043d\\u044b \\u0430\\u0432\\u0442\\u043e \\u043b\\u044e\\u0431\\u043e\\u0439 \\u0446\\u0435\\u043d\\u043e\\u0432\\u043e\\u0439\\r\\n\\u043a\\u0430\\u0442\\u0435\\u0433\\u043e\\u0440\\u0438\\u0438 \\u2013 \\u043e\\u0442 \\u043c\\u043e\\u0434\\u0435\\u043b\\u0435\\u0439 \\u044d\\u043a\\u043e\\u043d\\u043e\\u043c-\\u043a\\u043b\\u0430\\u0441\\u0441\\u0430\\r\\n\\u0434\\u043e \\u0430\\u0432\\u0442\\u043e\\u043c\\u0430\\u0448\\u0438\\u043d \\u043a\\u043b\\u0430\\u0441\\u0441\\u0430 \\u043b\\u044e\\u043a\\u0441. \\u0422\\u0430\\u043a\\u0436\\u0435 \\u043c\\u043e\\u0436\\u043d\\u043e\\r\\n\\u043d\\u0430\\u0439\\u0442\\u0438 \\u0438 \\u0437\\u0430\\u043a\\u0430\\u0437\\u0430\\u0442\\u044c \\u043a\\u043e\\u043c\\u0444\\u043e\\u0440\\u0442\\u0430\\u0431\\u0435\\u043b\\u044c\\u043d\\u044b\\u0435\\r\\n\\u0430\\u0432\\u0442\\u043e\\u0431\\u0443\\u0441\\u044b \\u0438 \\u043c\\u0438\\u043a\\u0440\\u043e\\u0430\\u0432\\u0442\\u043e\\u0431\\u0443\\u0441\\u044b, \\u0447\\u0442\\u043e\\u0431\\u044b \\u043f\\u0440\\u0438\\u0432\\u0435\\u0437\\u0442\\u0438\\r\\n\\u043d\\u0430 \\u043f\\u0440\\u0430\\u0437\\u0434\\u043d\\u0438\\u043a \\u0432\\u0441\\u0435\\u0445 \\u0432\\u0430\\u0448\\u0438\\u0445 \\u0433\\u043e\\u0441\\u0442\\u0435\\u0439.<\\/p><p>\\r\\n\\t\\u0410\\u0432\\u0442\\u043e,\\r\\n\\u043f\\u0440\\u0435\\u0434\\u0441\\u0442\\u0430\\u0432\\u043b\\u0435\\u043d\\u043d\\u044b\\u0435 \\u0432 \\u043d\\u0430\\u0448\\u0435\\u043c \\u043a\\u0430\\u0442\\u0430\\u043b\\u043e\\u0433\\u0435, \\u043e\\u0431\\u043b\\u0430\\u0434\\u0430\\u044e\\u0442\\r\\n\\u0431\\u0435\\u0437\\u0443\\u043f\\u0440\\u0435\\u0447\\u043d\\u044b\\u043c \\u0432\\u043d\\u0435\\u0448\\u043d\\u0438\\u043c \\u0432\\u0438\\u0434\\u043e\\u043c \\u0438 \\u043e\\u0442\\u043b\\u0438\\u0447\\u043d\\u044b\\u043c\\r\\n\\u0442\\u0435\\u0445\\u043d\\u0438\\u0447\\u0435\\u0441\\u043a\\u0438\\u043c \\u0441\\u043e\\u0441\\u0442\\u043e\\u044f\\u043d\\u0438\\u0435\\u043c. \\u0412\\u043e\\u0434\\u0438\\u0442\\u0435\\u043b\\u0438,\\r\\n\\u043a\\u043e\\u0442\\u043e\\u0440\\u044b\\u0435 \\u0440\\u0430\\u0431\\u043e\\u0442\\u0430\\u044e\\u0442 \\u0441 Weddingcars, \\u043f\\u0440\\u043e\\u0445\\u043e\\u0434\\u044f\\u0442\\r\\n\\u043e\\u0431\\u044f\\u0437\\u0430\\u0442\\u0435\\u043b\\u044c\\u043d\\u0443\\u044e \\u043f\\u0440\\u043e\\u0432\\u0435\\u0440\\u043a\\u0443 \\u0438 \\u043f\\u043e\\u0434\\u043f\\u0438\\u0441\\u044b\\u0432\\u0430\\u044e\\u0442\\r\\n\\u0434\\u043e\\u0433\\u043e\\u0432\\u043e\\u0440-\\u0441\\u043e\\u0433\\u043b\\u0430\\u0448\\u0435\\u043d\\u0438\\u0435, \\u0441\\u043e\\u0434\\u0435\\u0440\\u0436\\u0430\\u0449\\u0438\\u0439 \\u0443\\u0441\\u043b\\u043e\\u0432\\u0438\\u044f\\r\\n\\u0441\\u043e\\u0442\\u0440\\u0443\\u0434\\u043d\\u0438\\u0447\\u0435\\u0441\\u0442\\u0432\\u0430, \\u0432 \\u0442\\u043e\\u043c \\u0447\\u0438\\u0441\\u043b\\u0435 \\u043a\\u0430\\u0441\\u0430\\u0435\\u043c\\u043e\\r\\n\\u043e\\u043f\\u0440\\u044f\\u0442\\u043d\\u043e\\u0433\\u043e \\u0432\\u043d\\u0435\\u0448\\u043d\\u0435\\u0433\\u043e \\u0432\\u0438\\u0434\\u0430 \\u0432\\u043e\\u0434\\u0438\\u0442\\u0435\\u043b\\u044f \\u0438\\r\\n\\u0430\\u0432\\u0442\\u043e\\u043c\\u043e\\u0431\\u0438\\u043b\\u044f, \\u0445\\u0438\\u043c\\u0447\\u0438\\u0441\\u0442\\u043a\\u0438 \\u0441\\u0430\\u043b\\u043e\\u043d\\u0430 \\u0438 \\u043f\\u0440.<\\/p><p>\\u0420\\u0435\\u0439\\u0442\\u0438\\u043d\\u0433\\r\\n\\u0430\\u0432\\u0442\\u043e\\u043c\\u043e\\u0431\\u0438\\u043b\\u0435\\u0439 \\u0438 \\u0440\\u0435\\u0430\\u043b\\u044c\\u043d\\u044b\\u0435 \\u043e\\u0442\\u0437\\u044b\\u0432\\u044b \\u043f\\u043e\\u0441\\u0435\\u0442\\u0438\\u0442\\u0435\\u043b\\u0435\\u0439\\r\\n\\u043d\\u0430 \\u0441\\u0430\\u0439\\u0442\\u0435 \\u043f\\u043e\\u043c\\u043e\\u0433\\u0443\\u0442 \\u0432\\u0430\\u043c \\u0441\\u0434\\u0435\\u043b\\u0430\\u0442\\u044c \\u0434\\u0435\\u0439\\u0441\\u0442\\u0432\\u0438\\u0442\\u0435\\u043b\\u044c\\u043d\\u043e\\r\\n\\u043b\\u0443\\u0447\\u0448\\u0438\\u0439 \\u0432\\u044b\\u0431\\u043e\\u0440 \\u0434\\u043b\\u044f \\u0432\\u0430\\u0448\\u0435\\u0433\\u043e \\u043d\\u0435\\u0437\\u0430\\u0431\\u044b\\u0432\\u0430\\u0435\\u043c\\u043e\\u0433\\u043e\\r\\n\\u043f\\u0440\\u0430\\u0437\\u0434\\u043d\\u0438\\u043a\\u0430. \\u041f\\u043e\\u044d\\u0442\\u043e\\u043c\\u0443, \\u0435\\u0441\\u043b\\u0438 \\u0432\\u044b \\u0440\\u0435\\u0448\\u0438\\u043b\\u0438\\r\\n\\u0441\\u0434\\u0435\\u043b\\u0430\\u0442\\u044c \\u0412\\u0430\\u0448\\u0443 \\u0441\\u0432\\u0430\\u0434\\u044c\\u0431\\u0443 \\u0434\\u0435\\u0439\\u0441\\u0442\\u0432\\u0438\\u0442\\u0435\\u043b\\u044c\\u043d\\u043e\\r\\n\\u044f\\u0440\\u043a\\u043e\\u0439 \\u0438 \\u043d\\u0435\\u0437\\u0430\\u0431\\u044b\\u0432\\u0430\\u0435\\u043c\\u043e\\u0439 \\u0438 \\u043f\\u043e\\u043b\\u0443\\u0447\\u0438\\u0442\\u044c\\r\\n\\u0438\\u0441\\u043a\\u043b\\u044e\\u0447\\u0438\\u0442\\u0435\\u043b\\u044c\\u043d\\u043e \\u043f\\u043e\\u043b\\u043e\\u0436\\u0438\\u0442\\u0435\\u043b\\u044c\\u043d\\u044b\\u0435 \\u0432\\u043f\\u0435\\u0447\\u0430\\u0442\\u043b\\u0435\\u043d\\u0438\\u044f,\\r\\n\\u0432\\u043e\\u0441\\u043f\\u043e\\u043b\\u044c\\u0437\\u0443\\u0439\\u0442\\u0435\\u0441\\u044c \\u0443\\u0441\\u043b\\u0443\\u0433\\u0430\\u043c\\u0438 \\u0441\\u0435\\u0440\\u0432\\u0438\\u0441\\u0430\\r\\nWeddingcars!<\\/p>","active":1}', 'app\\models\\Pages', 1473153011),
(123, 'create', 1, 11, NULL, NULL, 'app\\models\\Pages', 1473153329),
(124, 'update', 1, 11, '[{"text":"\\r\\nWeddingcars - \\u044d\\u0442\\u043e \\u043f\\u0435\\u0440\\u0432\\u044b\\u0439 \\u0432 \\u041f\\u043e\\u043b\\u0442\\u0430\\u0432\\u0435 \\u0438 \\u0423\\u043a\\u0440\\u0430\\u0438\\u043d\\u0435 \\u043e\\u0442\\u043a\\u0440\\u044b\\u0442\\u044b\\u0439 \\u0441\\u0435\\u0440\\u0432\\u0438\\u0441 \\u043f\\u043e\\u0438\\u0441\\u043a\\u0430 \\u0441\\u0432\\u0430\\u0434\\u0435\\u0431\\u043d\\u044b\\u0445 \\u0430\\u0432\\u0442\\u043e\\u043c\\u043e\\u0431\\u0438\\u043b\\u0435\\u0439. \\u041c\\u044b \\u0432\\u044b\\u0441\\u0442\\u0443\\u043f\\u0430\\u0435\\u043c \\u0432 \\u043a\\u0430\\u0447\\u0435\\u0441\\u0442\\u0432\\u0435 \\u043f\\u043e\\u0441\\u0440\\u0435\\u0434\\u043d\\u0438\\u043a\\u0430 \\u043c\\u0435\\u0436\\u0434\\u0443 \\u0432\\u043e\\u0434\\u0438\\u0442\\u0435\\u043b\\u044f\\u043c\\u0438 \\u0438 \\u043a\\u043b\\u0438\\u0435\\u043d\\u0442\\u0430\\u043c\\u0438. \\u0412\\u043e\\u0434\\u0438\\u0442\\u0435\\u043b\\u0438, \\u0436\\u0435\\u043b\\u0430\\u044e\\u0449\\u0438\\u0435 \\u043f\\u0440\\u0435\\u0434\\u043e\\u0441\\u0442\\u0430\\u0432\\u043b\\u044f\\u0442\\u044c \\u0443\\u0441\\u043b\\u0443\\u0433\\u0438 \\u0441\\u0432\\u0430\\u0434\\u0435\\u0431\\u043d\\u043e\\u0439 \\u043f\\u0435\\u0440\\u0435\\u0432\\u043e\\u0437\\u043a\\u0438, \\u043f\\u0440\\u043e\\u0445\\u043e\\u0434\\u044f\\u0442 \\u043f\\u0440\\u043e\\u0432\\u0435\\u0440\\u043a\\u0443 \\u0438 \\u0440\\u0435\\u0433\\u0438\\u0441\\u0442\\u0440\\u0438\\u0440\\u0443\\u044e\\u0442\\u0441\\u044f \\u043d\\u0430 \\u043d\\u0430\\u0448\\u0435\\u0439 \\u043e\\u043d\\u043b\\u0430\\u0439\\u043d-\\u043f\\u043b\\u043e\\u0449\\u0430\\u0434\\u043a\\u0435. \\r\\n\\u041a\\u043b\\u0438\\u0435\\u043d\\u0442\\u044b, \\u0432 \\u0441\\u0432\\u043e\\u044e \\u043e\\u0447\\u0435\\u0440\\u0435\\u0434\\u044c, \\u0438\\u043c\\u0435\\u044e\\u0442 \\u0432\\u043e\\u0437\\u043c\\u043e\\u0436\\u043d\\u043e\\u0441\\u0442\\u044c \\u0441\\u0430\\u043c\\u043e\\u0441\\u0442\\u043e\\u044f\\u0442\\u0435\\u043b\\u044c\\u043d\\u043e \\u0432\\u044b\\u0431\\u0440\\u0430\\u0442\\u044c \\u0441\\u0432\\u0430\\u0434\\u0435\\u0431\\u043d\\u044b\\u0439 \\u0430\\u0432\\u0442\\u043e\\u043c\\u043e\\u0431\\u0438\\u043b\\u044c \\u043d\\u0430 \\u043b\\u044e\\u0431\\u043e\\u0439 \\u0432\\u043a\\u0443\\u0441 \\u0438 \\u0446\\u0432\\u0435\\u0442 \\u0438\\u0437 \\u043e\\u0431\\u0448\\u0438\\u0440\\u043d\\u043e\\u0433\\u043e \\u043f\\u0435\\u0440\\u0435\\u0447\\u043d\\u044f \\u043f\\u0440\\u0435\\u0434\\u0441\\u0442\\u0430\\u0432\\u043b\\u0435\\u043d\\u043d\\u044b\\u0445 \\u0432\\u0430\\u0440\\u0438\\u0430\\u043d\\u0442\\u043e\\u0432.\\r\\n\\u041e\\u0434\\u043d\\u0438\\u043c \\u0438\\u0437 \\u043d\\u0430\\u0448\\u0438\\u0445 \\u043f\\u0440\\u0435\\u0438\\u043c\\u0443\\u0449\\u0435\\u0441\\u0442\\u0432 \\u044f\\u0432\\u043b\\u044f\\u0435\\u0442\\u0441\\u044f \\u0432\\u043e\\u0437\\u043c\\u043e\\u0436\\u043d\\u043e\\u0441\\u0442\\u044c \\u0432\\u044b\\u0431\\u043e\\u0440\\u0430 \\u0441\\u0440\\u0435\\u0434\\u0438 \\u0431\\u043e\\u043b\\u044c\\u0448\\u043e\\u0433\\u043e \\u043a\\u043e\\u043b\\u0438\\u0447\\u0435\\u0441\\u0442\\u0432\\u0430 \\u043f\\u0440\\u0435\\u0434\\u043b\\u043e\\u0436\\u0435\\u043d\\u0438\\u0439. \\u0412\\u0430\\u0448\\u0435\\u043c\\u0443 \\u0432\\u043d\\u0438\\u043c\\u0430\\u043d\\u0438\\u044e \\u043f\\u0440\\u0435\\u0434\\u043b\\u0430\\u0433\\u0430\\u044e\\u0442\\u0441\\u044f \\u0440\\u0430\\u0437\\u043b\\u0438\\u0447\\u043d\\u044b\\u0435 \\u0432\\u0430\\u0440\\u0438\\u0430\\u043d\\u0442\\u044b \\u043a\\u043e\\u043c\\u043f\\u043b\\u0435\\u043a\\u0442\\u0430\\u0446\\u0438\\u0438 \\u0441\\u0432\\u0430\\u0434\\u0435\\u0431\\u043d\\u043e\\u0433\\u043e \\u043a\\u043e\\u0440\\u0442\\u0435\\u0436\\u0430 - \\u043b\\u0435\\u0433\\u043a\\u043e\\u0432\\u044b\\u0435 \\u0430\\u0432\\u0442\\u043e \\u0438 \\u0432\\u043d\\u0435\\u0434\\u043e\\u0440\\u043e\\u0436\\u043d\\u0438\\u043a\\u0438, \\u0440\\u0435\\u0442\\u0440\\u043e-\\u0430\\u0432\\u0442\\u043e\\u043c\\u043e\\u0431\\u0438\\u043b\\u0438, \\u043a\\u0430\\u0431\\u0440\\u0438\\u043e\\u043b\\u0435\\u0442\\u044b, \\u043b\\u0438\\u043c\\u0443\\u0437\\u0438\\u043d\\u044b \\u0438 \\u043f\\u0440. \\u041d\\u0430 \\u0441\\u0435\\u0440\\u0432\\u0438\\u0441\\u0435 Weddingcars \\u043f\\u0440\\u0435\\u0434\\u0441\\u0442\\u0430\\u0432\\u043b\\u0435\\u043d\\u044b \\u0430\\u0432\\u0442\\u043e \\u043b\\u044e\\u0431\\u043e\\u0439 \\u0446\\u0435\\u043d\\u043e\\u0432\\u043e\\u0439 \\u043a\\u0430\\u0442\\u0435\\u0433\\u043e\\u0440\\u0438\\u0438 \\u2013 \\u043e\\u0442 \\u043c\\u043e\\u0434\\u0435\\u043b\\u0435\\u0439 \\u044d\\u043a\\u043e\\u043d\\u043e\\u043c-\\u043a\\u043b\\u0430\\u0441\\u0441\\u0430 \\u0434\\u043e \\u0430\\u0432\\u0442\\u043e\\u043c\\u0430\\u0448\\u0438\\u043d \\u043a\\u043b\\u0430\\u0441\\u0441\\u0430 \\u043b\\u044e\\u043a\\u0441. \\u0422\\u0430\\u043a\\u0436\\u0435 \\u043c\\u043e\\u0436\\u043d\\u043e \\u043d\\u0430\\u0439\\u0442\\u0438 \\u0438 \\u0437\\u0430\\u043a\\u0430\\u0437\\u0430\\u0442\\u044c \\u043a\\u043e\\u043c\\u0444\\u043e\\u0440\\u0442\\u0430\\u0431\\u0435\\u043b\\u044c\\u043d\\u044b\\u0435 \\u0430\\u0432\\u0442\\u043e\\u0431\\u0443\\u0441\\u044b \\u0438 \\u043c\\u0438\\u043a\\u0440\\u043e\\u0430\\u0432\\u0442\\u043e\\u0431\\u0443\\u0441\\u044b, \\u0447\\u0442\\u043e\\u0431\\u044b \\u043f\\u0440\\u0438\\u0432\\u0435\\u0437\\u0442\\u0438 \\u043d\\u0430 \\u043f\\u0440\\u0430\\u0437\\u0434\\u043d\\u0438\\u043a \\u0432\\u0441\\u0435\\u0445 \\u0432\\u0430\\u0448\\u0438\\u0445 \\u0433\\u043e\\u0441\\u0442\\u0435\\u0439.\\r\\n\\r\\n\\r\\n\\u0410\\u0432\\u0442\\u043e, \\u043f\\u0440\\u0435\\u0434\\u0441\\u0442\\u0430\\u0432\\u043b\\u0435\\u043d\\u043d\\u044b\\u0435 \\u0432 \\u043d\\u0430\\u0448\\u0435\\u043c \\u043a\\u0430\\u0442\\u0430\\u043b\\u043e\\u0433\\u0435, \\u043e\\u0431\\u043b\\u0430\\u0434\\u0430\\u044e\\u0442 \\u0431\\u0435\\u0437\\u0443\\u043f\\u0440\\u0435\\u0447\\u043d\\u044b\\u043c \\u0432\\u043d\\u0435\\u0448\\u043d\\u0438\\u043c \\u0432\\u0438\\u0434\\u043e\\u043c \\u0438 \\u043e\\u0442\\u043b\\u0438\\u0447\\u043d\\u044b\\u043c \\u0442\\u0435\\u0445\\u043d\\u0438\\u0447\\u0435\\u0441\\u043a\\u0438\\u043c \\u0441\\u043e\\u0441\\u0442\\u043e\\u044f\\u043d\\u0438\\u0435\\u043c. \\u0412\\u043e\\u0434\\u0438\\u0442\\u0435\\u043b\\u0438, \\u043a\\u043e\\u0442\\u043e\\u0440\\u044b\\u0435 \\u0440\\u0430\\u0431\\u043e\\u0442\\u0430\\u044e\\u0442 \\u0441 Weddingcars, \\u043f\\u0440\\u043e\\u0445\\u043e\\u0434\\u044f\\u0442 \\u043e\\u0431\\u044f\\u0437\\u0430\\u0442\\u0435\\u043b\\u044c\\u043d\\u0443\\u044e \\u043f\\u0440\\u043e\\u0432\\u0435\\u0440\\u043a\\u0443 \\u0438 \\u043f\\u043e\\u0434\\u043f\\u0438\\u0441\\u044b\\u0432\\u0430\\u044e\\u0442 \\u0434\\u043e\\u0433\\u043e\\u0432\\u043e\\u0440-\\u0441\\u043e\\u0433\\u043b\\u0430\\u0448\\u0435\\u043d\\u0438\\u0435, \\u0441\\u043e\\u0434\\u0435\\u0440\\u0436\\u0430\\u0449\\u0438\\u0439 \\u0443\\u0441\\u043b\\u043e\\u0432\\u0438\\u044f \\u0441\\u043e\\u0442\\u0440\\u0443\\u0434\\u043d\\u0438\\u0447\\u0435\\u0441\\u0442\\u0432\\u0430, \\u0432 \\u0442\\u043e\\u043c \\u0447\\u0438\\u0441\\u043b\\u0435 \\u043a\\u0430\\u0441\\u0430\\u0435\\u043c\\u043e \\u043e\\u043f\\u0440\\u044f\\u0442\\u043d\\u043e\\u0433\\u043e \\u0432\\u043d\\u0435\\u0448\\u043d\\u0435\\u0433\\u043e \\u0432\\u0438\\u0434\\u0430 \\u0432\\u043e\\u0434\\u0438\\u0442\\u0435\\u043b\\u044f \\u0438 \\u0430\\u0432\\u0442\\u043e\\u043c\\u043e\\u0431\\u0438\\u043b\\u044f, \\u0445\\u0438\\u043c\\u0447\\u0438\\u0441\\u0442\\u043a\\u0438 \\u0441\\u0430\\u043b\\u043e\\u043d\\u0430 \\u0438 \\u043f\\u0440.\\r\\n\\u0420\\u0435\\u0439\\u0442\\u0438\\u043d\\u0433 \\u0430\\u0432\\u0442\\u043e\\u043c\\u043e\\u0431\\u0438\\u043b\\u0435\\u0439 \\u0438 \\u0440\\u0435\\u0430\\u043b\\u044c\\u043d\\u044b\\u0435 \\u043e\\u0442\\u0437\\u044b\\u0432\\u044b \\u043f\\u043e\\u0441\\u0435\\u0442\\u0438\\u0442\\u0435\\u043b\\u0435\\u0439 \\u043d\\u0430 \\u0441\\u0430\\u0439\\u0442\\u0435 \\u043f\\u043e\\u043c\\u043e\\u0433\\u0443\\u0442 \\u0432\\u0430\\u043c \\u0441\\u0434\\u0435\\u043b\\u0430\\u0442\\u044c \\u0434\\u0435\\u0439\\u0441\\u0442\\u0432\\u0438\\u0442\\u0435\\u043b\\u044c\\u043d\\u043e \\u043b\\u0443\\u0447\\u0448\\u0438\\u0439 \\u0432\\u044b\\u0431\\u043e\\u0440 \\u0434\\u043b\\u044f \\u0432\\u0430\\u0448\\u0435\\u0433\\u043e \\u043d\\u0435\\u0437\\u0430\\u0431\\u044b\\u0432\\u0430\\u0435\\u043c\\u043e\\u0433\\u043e \\u043f\\u0440\\u0430\\u0437\\u0434\\u043d\\u0438\\u043a\\u0430. \\u041f\\u043e\\u044d\\u0442\\u043e\\u043c\\u0443, \\u0435\\u0441\\u043b\\u0438 \\u0432\\u044b \\u0440\\u0435\\u0448\\u0438\\u043b\\u0438 \\u0441\\u0434\\u0435\\u043b\\u0430\\u0442\\u044c \\u0412\\u0430\\u0448\\u0443 \\u0441\\u0432\\u0430\\u0434\\u044c\\u0431\\u0443 \\u0434\\u0435\\u0439\\u0441\\u0442\\u0432\\u0438\\u0442\\u0435\\u043b\\u044c\\u043d\\u043e \\u044f\\u0440\\u043a\\u043e\\u0439 \\u0438 \\u043d\\u0435\\u0437\\u0430\\u0431\\u044b\\u0432\\u0430\\u0435\\u043c\\u043e\\u0439 \\u0438 \\u043f\\u043e\\u043b\\u0443\\u0447\\u0438\\u0442\\u044c \\u0438\\u0441\\u043a\\u043b\\u044e\\u0447\\u0438\\u0442\\u0435\\u043b\\u044c\\u043d\\u043e \\u043f\\u043e\\u043b\\u043e\\u0436\\u0438\\u0442\\u0435\\u043b\\u044c\\u043d\\u044b\\u0435 \\u0432\\u043f\\u0435\\u0447\\u0430\\u0442\\u043b\\u0435\\u043d\\u0438\\u044f, \\u0432\\u043e\\u0441\\u043f\\u043e\\u043b\\u044c\\u0437\\u0443\\u0439\\u0442\\u0435\\u0441\\u044c \\u0443\\u0441\\u043b\\u0443\\u0433\\u0430\\u043c\\u0438 \\u0441\\u0435\\u0440\\u0432\\u0438\\u0441\\u0430 Weddingcars!\\r\\n"}]', '[{"text":"<p style=\\"text-align: center;\\"><strong>Weddingcars<\\/strong> - \\u044d\\u0442\\u043e \\u043f\\u0435\\u0440\\u0432\\u044b\\u0439 \\u0432 \\u041f\\u043e\\u043b\\u0442\\u0430\\u0432\\u0435 \\u0438 \\u0423\\u043a\\u0440\\u0430\\u0438\\u043d\\u0435 \\u043e\\u0442\\u043a\\u0440\\u044b\\u0442\\u044b\\u0439 \\u0441\\u0435\\u0440\\u0432\\u0438\\u0441 \\u043f\\u043e\\u0438\\u0441\\u043a\\u0430 \\u0441\\u0432\\u0430\\u0434\\u0435\\u0431\\u043d\\u044b\\u0445 \\u0430\\u0432\\u0442\\u043e\\u043c\\u043e\\u0431\\u0438\\u043b\\u0435\\u0439. \\u041c\\u044b \\u0432\\u044b\\u0441\\u0442\\u0443\\u043f\\u0430\\u0435\\u043c \\u0432 \\u043a\\u0430\\u0447\\u0435\\u0441\\u0442\\u0432\\u0435 \\u043f\\u043e\\u0441\\u0440\\u0435\\u0434\\u043d\\u0438\\u043a\\u0430 \\u043c\\u0435\\u0436\\u0434\\u0443 \\u0432\\u043e\\u0434\\u0438\\u0442\\u0435\\u043b\\u044f\\u043c\\u0438 \\u0438 \\u043a\\u043b\\u0438\\u0435\\u043d\\u0442\\u0430\\u043c\\u0438. \\u0412\\u043e\\u0434\\u0438\\u0442\\u0435\\u043b\\u0438, \\u0436\\u0435\\u043b\\u0430\\u044e\\u0449\\u0438\\u0435 \\u043f\\u0440\\u0435\\u0434\\u043e\\u0441\\u0442\\u0430\\u0432\\u043b\\u044f\\u0442\\u044c \\u0443\\u0441\\u043b\\u0443\\u0433\\u0438 \\u0441\\u0432\\u0430\\u0434\\u0435\\u0431\\u043d\\u043e\\u0439 \\u043f\\u0435\\u0440\\u0435\\u0432\\u043e\\u0437\\u043a\\u0438, \\u043f\\u0440\\u043e\\u0445\\u043e\\u0434\\u044f\\u0442 \\u043f\\u0440\\u043e\\u0432\\u0435\\u0440\\u043a\\u0443 \\u0438 \\u0440\\u0435\\u0433\\u0438\\u0441\\u0442\\u0440\\u0438\\u0440\\u0443\\u044e\\u0442\\u0441\\u044f \\u043d\\u0430 \\u043d\\u0430\\u0448\\u0435\\u0439 \\u043e\\u043d\\u043b\\u0430\\u0439\\u043d-\\u043f\\u043b\\u043e\\u0449\\u0430\\u0434\\u043a\\u0435. <\\/p><p style=\\"text-align: justify;\\">\\u041a\\u043b\\u0438\\u0435\\u043d\\u0442\\u044b, \\u0432 \\u0441\\u0432\\u043e\\u044e \\u043e\\u0447\\u0435\\u0440\\u0435\\u0434\\u044c, \\u0438\\u043c\\u0435\\u044e\\u0442 \\u0432\\u043e\\u0437\\u043c\\u043e\\u0436\\u043d\\u043e\\u0441\\u0442\\u044c \\u0441\\u0430\\u043c\\u043e\\u0441\\u0442\\u043e\\u044f\\u0442\\u0435\\u043b\\u044c\\u043d\\u043e \\u0432\\u044b\\u0431\\u0440\\u0430\\u0442\\u044c \\u0441\\u0432\\u0430\\u0434\\u0435\\u0431\\u043d\\u044b\\u0439 \\u0430\\u0432\\u0442\\u043e\\u043c\\u043e\\u0431\\u0438\\u043b\\u044c \\u043d\\u0430 \\u043b\\u044e\\u0431\\u043e\\u0439 \\u0432\\u043a\\u0443\\u0441 \\u0438 \\u0446\\u0432\\u0435\\u0442 \\u0438\\u0437 \\u043e\\u0431\\u0448\\u0438\\u0440\\u043d\\u043e\\u0433\\u043e \\u043f\\u0435\\u0440\\u0435\\u0447\\u043d\\u044f \\u043f\\u0440\\u0435\\u0434\\u0441\\u0442\\u0430\\u0432\\u043b\\u0435\\u043d\\u043d\\u044b\\u0445 \\u0432\\u0430\\u0440\\u0438\\u0430\\u043d\\u0442\\u043e\\u0432.<\\/p><p style=\\"text-align: justify;\\">\\u041e\\u0434\\u043d\\u0438\\u043c \\u0438\\u0437 \\u043d\\u0430\\u0448\\u0438\\u0445 \\u043f\\u0440\\u0435\\u0438\\u043c\\u0443\\u0449\\u0435\\u0441\\u0442\\u0432 \\u044f\\u0432\\u043b\\u044f\\u0435\\u0442\\u0441\\u044f \\u0432\\u043e\\u0437\\u043c\\u043e\\u0436\\u043d\\u043e\\u0441\\u0442\\u044c \\u0432\\u044b\\u0431\\u043e\\u0440\\u0430 \\u0441\\u0440\\u0435\\u0434\\u0438 \\u0431\\u043e\\u043b\\u044c\\u0448\\u043e\\u0433\\u043e \\u043a\\u043e\\u043b\\u0438\\u0447\\u0435\\u0441\\u0442\\u0432\\u0430 \\u043f\\u0440\\u0435\\u0434\\u043b\\u043e\\u0436\\u0435\\u043d\\u0438\\u0439. \\u0412\\u0430\\u0448\\u0435\\u043c\\u0443 \\u0432\\u043d\\u0438\\u043c\\u0430\\u043d\\u0438\\u044e \\u043f\\u0440\\u0435\\u0434\\u043b\\u0430\\u0433\\u0430\\u044e\\u0442\\u0441\\u044f \\u0440\\u0430\\u0437\\u043b\\u0438\\u0447\\u043d\\u044b\\u0435 \\u0432\\u0430\\u0440\\u0438\\u0430\\u043d\\u0442\\u044b \\u043a\\u043e\\u043c\\u043f\\u043b\\u0435\\u043a\\u0442\\u0430\\u0446\\u0438\\u0438 \\u0441\\u0432\\u0430\\u0434\\u0435\\u0431\\u043d\\u043e\\u0433\\u043e \\u043a\\u043e\\u0440\\u0442\\u0435\\u0436\\u0430 - \\u043b\\u0435\\u0433\\u043a\\u043e\\u0432\\u044b\\u0435 \\u0430\\u0432\\u0442\\u043e \\u0438 \\u0432\\u043d\\u0435\\u0434\\u043e\\u0440\\u043e\\u0436\\u043d\\u0438\\u043a\\u0438, \\u0440\\u0435\\u0442\\u0440\\u043e-\\u0430\\u0432\\u0442\\u043e\\u043c\\u043e\\u0431\\u0438\\u043b\\u0438, \\u043a\\u0430\\u0431\\u0440\\u0438\\u043e\\u043b\\u0435\\u0442\\u044b, \\u043b\\u0438\\u043c\\u0443\\u0437\\u0438\\u043d\\u044b \\u0438 \\u043f\\u0440. \\u041d\\u0430 \\u0441\\u0435\\u0440\\u0432\\u0438\\u0441\\u0435 Weddingcars \\u043f\\u0440\\u0435\\u0434\\u0441\\u0442\\u0430\\u0432\\u043b\\u0435\\u043d\\u044b \\u0430\\u0432\\u0442\\u043e \\u043b\\u044e\\u0431\\u043e\\u0439 \\u0446\\u0435\\u043d\\u043e\\u0432\\u043e\\u0439 \\u043a\\u0430\\u0442\\u0435\\u0433\\u043e\\u0440\\u0438\\u0438 \\u2013 \\u043e\\u0442 \\u043c\\u043e\\u0434\\u0435\\u043b\\u0435\\u0439 \\u044d\\u043a\\u043e\\u043d\\u043e\\u043c-\\u043a\\u043b\\u0430\\u0441\\u0441\\u0430 \\u0434\\u043e \\u0430\\u0432\\u0442\\u043e\\u043c\\u0430\\u0448\\u0438\\u043d \\u043a\\u043b\\u0430\\u0441\\u0441\\u0430 \\u043b\\u044e\\u043a\\u0441. \\u0422\\u0430\\u043a\\u0436\\u0435 \\u043c\\u043e\\u0436\\u043d\\u043e \\u043d\\u0430\\u0439\\u0442\\u0438 \\u0438 \\u0437\\u0430\\u043a\\u0430\\u0437\\u0430\\u0442\\u044c \\u043a\\u043e\\u043c\\u0444\\u043e\\u0440\\u0442\\u0430\\u0431\\u0435\\u043b\\u044c\\u043d\\u044b\\u0435 \\u0430\\u0432\\u0442\\u043e\\u0431\\u0443\\u0441\\u044b \\u0438 \\u043c\\u0438\\u043a\\u0440\\u043e\\u0430\\u0432\\u0442\\u043e\\u0431\\u0443\\u0441\\u044b, \\u0447\\u0442\\u043e\\u0431\\u044b \\u043f\\u0440\\u0438\\u0432\\u0435\\u0437\\u0442\\u0438 \\u043d\\u0430 \\u043f\\u0440\\u0430\\u0437\\u0434\\u043d\\u0438\\u043a \\u0432\\u0441\\u0435\\u0445 \\u0432\\u0430\\u0448\\u0438\\u0445 \\u0433\\u043e\\u0441\\u0442\\u0435\\u0439.<\\/p><p style=\\"text-align: justify;\\">\\u0410\\u0432\\u0442\\u043e, \\u043f\\u0440\\u0435\\u0434\\u0441\\u0442\\u0430\\u0432\\u043b\\u0435\\u043d\\u043d\\u044b\\u0435 \\u0432 \\u043d\\u0430\\u0448\\u0435\\u043c \\u043a\\u0430\\u0442\\u0430\\u043b\\u043e\\u0433\\u0435, \\u043e\\u0431\\u043b\\u0430\\u0434\\u0430\\u044e\\u0442 \\u0431\\u0435\\u0437\\u0443\\u043f\\u0440\\u0435\\u0447\\u043d\\u044b\\u043c \\u0432\\u043d\\u0435\\u0448\\u043d\\u0438\\u043c \\u0432\\u0438\\u0434\\u043e\\u043c \\u0438 \\u043e\\u0442\\u043b\\u0438\\u0447\\u043d\\u044b\\u043c \\u0442\\u0435\\u0445\\u043d\\u0438\\u0447\\u0435\\u0441\\u043a\\u0438\\u043c \\u0441\\u043e\\u0441\\u0442\\u043e\\u044f\\u043d\\u0438\\u0435\\u043c. \\u0412\\u043e\\u0434\\u0438\\u0442\\u0435\\u043b\\u0438, \\u043a\\u043e\\u0442\\u043e\\u0440\\u044b\\u0435 \\u0440\\u0430\\u0431\\u043e\\u0442\\u0430\\u044e\\u0442 \\u0441 Weddingcars, \\u043f\\u0440\\u043e\\u0445\\u043e\\u0434\\u044f\\u0442 \\u043e\\u0431\\u044f\\u0437\\u0430\\u0442\\u0435\\u043b\\u044c\\u043d\\u0443\\u044e \\u043f\\u0440\\u043e\\u0432\\u0435\\u0440\\u043a\\u0443 \\u0438 \\u043f\\u043e\\u0434\\u043f\\u0438\\u0441\\u044b\\u0432\\u0430\\u044e\\u0442 \\u0434\\u043e\\u0433\\u043e\\u0432\\u043e\\u0440-\\u0441\\u043e\\u0433\\u043b\\u0430\\u0448\\u0435\\u043d\\u0438\\u0435, \\u0441\\u043e\\u0434\\u0435\\u0440\\u0436\\u0430\\u0449\\u0438\\u0439 \\u0443\\u0441\\u043b\\u043e\\u0432\\u0438\\u044f \\u0441\\u043e\\u0442\\u0440\\u0443\\u0434\\u043d\\u0438\\u0447\\u0435\\u0441\\u0442\\u0432\\u0430, \\u0432 \\u0442\\u043e\\u043c \\u0447\\u0438\\u0441\\u043b\\u0435 \\u043a\\u0430\\u0441\\u0430\\u0435\\u043c\\u043e \\u043e\\u043f\\u0440\\u044f\\u0442\\u043d\\u043e\\u0433\\u043e \\u0432\\u043d\\u0435\\u0448\\u043d\\u0435\\u0433\\u043e \\u0432\\u0438\\u0434\\u0430 \\u0432\\u043e\\u0434\\u0438\\u0442\\u0435\\u043b\\u044f \\u0438 \\u0430\\u0432\\u0442\\u043e\\u043c\\u043e\\u0431\\u0438\\u043b\\u044f, \\u0445\\u0438\\u043c\\u0447\\u0438\\u0441\\u0442\\u043a\\u0438 \\u0441\\u0430\\u043b\\u043e\\u043d\\u0430 \\u0438 \\u043f\\u0440.<\\/p><p style=\\"text-align: justify;\\">\\u0420\\u0435\\u0439\\u0442\\u0438\\u043d\\u0433 \\u0430\\u0432\\u0442\\u043e\\u043c\\u043e\\u0431\\u0438\\u043b\\u0435\\u0439 \\u0438 \\u0440\\u0435\\u0430\\u043b\\u044c\\u043d\\u044b\\u0435 \\u043e\\u0442\\u0437\\u044b\\u0432\\u044b \\u043f\\u043e\\u0441\\u0435\\u0442\\u0438\\u0442\\u0435\\u043b\\u0435\\u0439 \\u043d\\u0430 \\u0441\\u0430\\u0439\\u0442\\u0435 \\u043f\\u043e\\u043c\\u043e\\u0433\\u0443\\u0442 \\u0432\\u0430\\u043c \\u0441\\u0434\\u0435\\u043b\\u0430\\u0442\\u044c \\u0434\\u0435\\u0439\\u0441\\u0442\\u0432\\u0438\\u0442\\u0435\\u043b\\u044c\\u043d\\u043e \\u043b\\u0443\\u0447\\u0448\\u0438\\u0439 \\u0432\\u044b\\u0431\\u043e\\u0440 \\u0434\\u043b\\u044f \\u0432\\u0430\\u0448\\u0435\\u0433\\u043e \\u043d\\u0435\\u0437\\u0430\\u0431\\u044b\\u0432\\u0430\\u0435\\u043c\\u043e\\u0433\\u043e \\u043f\\u0440\\u0430\\u0437\\u0434\\u043d\\u0438\\u043a\\u0430. \\u041f\\u043e\\u044d\\u0442\\u043e\\u043c\\u0443, \\u0435\\u0441\\u043b\\u0438 \\u0432\\u044b \\u0440\\u0435\\u0448\\u0438\\u043b\\u0438 \\u0441\\u0434\\u0435\\u043b\\u0430\\u0442\\u044c \\u0412\\u0430\\u0448\\u0443 \\u0441\\u0432\\u0430\\u0434\\u044c\\u0431\\u0443 \\u0434\\u0435\\u0439\\u0441\\u0442\\u0432\\u0438\\u0442\\u0435\\u043b\\u044c\\u043d\\u043e \\u044f\\u0440\\u043a\\u043e\\u0439 \\u0438 \\u043d\\u0435\\u0437\\u0430\\u0431\\u044b\\u0432\\u0430\\u0435\\u043c\\u043e\\u0439 \\u0438 \\u043f\\u043e\\u043b\\u0443\\u0447\\u0438\\u0442\\u044c \\u0438\\u0441\\u043a\\u043b\\u044e\\u0447\\u0438\\u0442\\u0435\\u043b\\u044c\\u043d\\u043e \\u043f\\u043e\\u043b\\u043e\\u0436\\u0438\\u0442\\u0435\\u043b\\u044c\\u043d\\u044b\\u0435 \\u0432\\u043f\\u0435\\u0447\\u0430\\u0442\\u043b\\u0435\\u043d\\u0438\\u044f, \\u0432\\u043e\\u0441\\u043f\\u043e\\u043b\\u044c\\u0437\\u0443\\u0439\\u0442\\u0435\\u0441\\u044c \\u0443\\u0441\\u043b\\u0443\\u0433\\u0430\\u043c\\u0438 \\u0441\\u0435\\u0440\\u0432\\u0438\\u0441\\u0430 Weddingcars!<\\/p>"}]', 'app\\models\\Pages', 1473153355),
(125, 'delete', 1, 8, NULL, '{"id":8,"title":"\\u041a\\u043e\\u043d\\u0442\\u0430\\u043a\\u0442\\u044b","text":"<p>\\u041a\\u043e\\u043d\\u0442\\u0430\\u043a\\u0442\\u044b<\\/p>","active":1}', 'app\\models\\Pages', 1473153441),
(126, 'update', 25, 25, '[{"password_hash":"$2y$10$7qDkmBgAtsUS5zXqvBac9eZJ96S\\/eLmV.nC0mp\\/JAZvIRZtaDvpDS"}]', '[{"password_hash":"$2y$10$g65iqTqKQkimGouGuz2oCu2UcY0urA0Bb\\/WHv8aysEiSz2VVtqJWK"}]', 'app\\models\\user\\User', 1473316136),
(127, 'update', 25, 12, '[{"model":"325"},{"year":"1980"},{"checked":1}]', '[{"model":"328"},{"year":"1970"},{"checked":"0"}]', 'app\\models\\Auto', 1473316204),
(128, 'create', 0, 48, NULL, NULL, 'app\\models\\user\\User', 1473338628),
(129, 'update', 1, 6, '[{"checked":0}]', '[{"checked":1}]', 'app\\models\\Auto', 1473344546),
(130, 'update', 1, 6, '[{"checked":1}]', '[{"checked":0}]', 'app\\models\\Auto', 1473344547),
(131, 'update', 1, 14, '[{"checked":1}]', '[{"checked":0}]', 'app\\models\\Auto', 1473344547),
(132, 'update', 1, 14, '[{"checked":0}]', '[{"checked":1}]', 'app\\models\\Auto', 1473344548),
(133, 'update', 1, 16, '[{"checked":0}]', '[{"checked":1}]', 'app\\models\\Auto', 1473344549),
(134, 'update', 1, 17, '[{"checked":0}]', '[{"checked":1}]', 'app\\models\\Auto', 1473344550),
(135, 'update', 1, 12, '[{"checked":0}]', '[{"checked":1}]', 'app\\models\\Auto', 1473344550),
(136, 'update', 1, 6, '[{"checked":0}]', '[{"checked":1}]', 'app\\models\\Auto', 1473344551),
(137, 'update', 1, 6, '[{"checked":1}]', '[{"checked":0}]', 'app\\models\\Auto', 1473346836),
(138, 'update', 1, 7, '[{"checked":1}]', '[{"checked":0}]', 'app\\models\\Auto', 1473346837),
(139, 'update', 1, 8, '[{"checked":1}]', '[{"checked":0}]', 'app\\models\\Auto', 1473346837),
(140, 'update', 1, 9, '[{"checked":1}]', '[{"checked":0}]', 'app\\models\\Auto', 1473346837),
(141, 'update', 1, 10, '[{"checked":1}]', '[{"checked":0}]', 'app\\models\\Auto', 1473346838),
(142, 'update', 1, 11, '[{"checked":1}]', '[{"checked":0}]', 'app\\models\\Auto', 1473346838),
(143, 'update', 1, 12, '[{"checked":1}]', '[{"checked":0}]', 'app\\models\\Auto', 1473346838),
(144, 'update', 1, 13, '[{"checked":1}]', '[{"checked":0}]', 'app\\models\\Auto', 1473346839),
(145, 'update', 1, 14, '[{"checked":1}]', '[{"checked":0}]', 'app\\models\\Auto', 1473346839),
(146, 'update', 1, 16, '[{"checked":1}]', '[{"checked":0}]', 'app\\models\\Auto', 1473346840),
(147, 'update', 1, 17, '[{"checked":1}]', '[{"checked":0}]', 'app\\models\\Auto', 1473346840),
(148, 'update', 1, 6, '[{"checked":0}]', '[{"checked":1}]', 'app\\models\\Auto', 1473346969),
(149, 'update', 1, 7, '[{"checked":0}]', '[{"checked":1}]', 'app\\models\\Auto', 1473346970),
(150, 'update', 1, 8, '[{"checked":0}]', '[{"checked":1}]', 'app\\models\\Auto', 1473346970),
(151, 'update', 1, 9, '[{"checked":0}]', '[{"checked":1}]', 'app\\models\\Auto', 1473346971),
(152, 'update', 1, 10, '[{"checked":0}]', '[{"checked":1}]', 'app\\models\\Auto', 1473346971),
(153, 'update', 1, 11, '[{"checked":0}]', '[{"checked":1}]', 'app\\models\\Auto', 1473346971),
(154, 'update', 1, 12, '[{"checked":0}]', '[{"checked":1}]', 'app\\models\\Auto', 1473346971),
(155, 'update', 1, 13, '[{"checked":0}]', '[{"checked":1}]', 'app\\models\\Auto', 1473346972),
(156, 'update', 1, 14, '[{"checked":0}]', '[{"checked":1}]', 'app\\models\\Auto', 1473346972),
(157, 'update', 1, 16, '[{"checked":0}]', '[{"checked":1}]', 'app\\models\\Auto', 1473346973),
(158, 'update', 1, 17, '[{"checked":0}]', '[{"checked":1}]', 'app\\models\\Auto', 1473346973);

-- --------------------------------------------------------

--
-- Структура таблицы `auth_assignment`
--

CREATE TABLE IF NOT EXISTS `auth_assignment` (
  `item_name` varchar(64) COLLATE utf8_unicode_ci NOT NULL,
  `user_id` int(15) NOT NULL,
  `created_at` int(11) DEFAULT NULL
) ENGINE=InnoDB DEFAULT CHARSET=utf8 COLLATE=utf8_unicode_ci;

--
-- Дамп данных таблицы `auth_assignment`
--

INSERT INTO `auth_assignment` (`item_name`, `user_id`, `created_at`) VALUES
('admin', 1, NULL),
('admin', 16, 2147483647),
('client', 7, 2147483647),
('client', 8, 2147483647),
('client', 13, 2147483647),
('client', 19, 2147483647),
('client', 21, 2147483647),
('client', 26, 2147483647),
('client', 27, 2147483647),
('client', 28, 2147483647),
('driver', 11, 2147483647),
('driver', 23, 2147483647),
('driver', 24, 2147483647),
('driver', 25, 2147483647),
('driver', 43, 2147483647),
('driver', 46, 2147483647),
('driver', 47, 2147483647),
('driver', 48, 2147483647),
('manager', 31, 2147483647);

-- --------------------------------------------------------

--
-- Структура таблицы `auth_item`
--

CREATE TABLE IF NOT EXISTS `auth_item` (
  `name` varchar(64) COLLATE utf8_unicode_ci NOT NULL,
  `type` int(11) NOT NULL,
  `description` text COLLATE utf8_unicode_ci,
  `rule_name` varchar(64) COLLATE utf8_unicode_ci DEFAULT NULL,
  `data` text COLLATE utf8_unicode_ci,
  `created_at` int(11) DEFAULT NULL,
  `updated_at` int(11) DEFAULT NULL
) ENGINE=InnoDB DEFAULT CHARSET=utf8 COLLATE=utf8_unicode_ci;

--
-- Дамп данных таблицы `auth_item`
--

INSERT INTO `auth_item` (`name`, `type`, `description`, `rule_name`, `data`, `created_at`, `updated_at`) VALUES
('admin', 2, 'Администратор', NULL, NULL, 1465284342, 1465292059),
('driver', 2, 'Водитель', NULL, NULL, 1465286768, 1465292071),
('manager', 2, 'Менеджер', NULL, NULL, 1465286804, 1465292078);

-- --------------------------------------------------------

--
-- Структура таблицы `auth_item_child`
--

CREATE TABLE IF NOT EXISTS `auth_item_child` (
  `parent` varchar(64) COLLATE utf8_unicode_ci NOT NULL,
  `child` varchar(64) COLLATE utf8_unicode_ci NOT NULL
) ENGINE=InnoDB DEFAULT CHARSET=utf8 COLLATE=utf8_unicode_ci;

--
-- Дамп данных таблицы `auth_item_child`
--

INSERT INTO `auth_item_child` (`parent`, `child`) VALUES
('admin', 'client'),
('admin', 'driver'),
('admin', 'manager');

-- --------------------------------------------------------

--
-- Структура таблицы `auth_rule`
--

CREATE TABLE IF NOT EXISTS `auth_rule` (
  `name` varchar(64) COLLATE utf8_unicode_ci NOT NULL,
  `data` text COLLATE utf8_unicode_ci,
  `created_at` int(11) DEFAULT NULL,
  `updated_at` int(11) DEFAULT NULL
) ENGINE=InnoDB DEFAULT CHARSET=utf8 COLLATE=utf8_unicode_ci;

-- --------------------------------------------------------

--
-- Структура таблицы `auto`
--

CREATE TABLE IF NOT EXISTS `auto` (
  `id` int(11) NOT NULL,
  `user_id` int(11) NOT NULL,
  `name` varchar(255) NOT NULL,
  `car_number` varchar(10) CHARACTER SET utf8 DEFAULT NULL,
  `type` varchar(255) DEFAULT NULL,
  `category_id` int(11) NOT NULL DEFAULT '0',
  `brand` varchar(255) DEFAULT NULL,
  `model` varchar(255) DEFAULT NULL,
  `year` year(4) NOT NULL,
  `color` varchar(255) NOT NULL,
  `body` varchar(255) DEFAULT NULL,
  `retro` int(1) DEFAULT NULL,
  `bus_type` varchar(255) DEFAULT NULL,
  `decor` int(1) NOT NULL,
  `client_decor` int(1) NOT NULL,
  `pass_count` int(11) NOT NULL,
  `description` text,
  `hour_cost` decimal(7,2) NOT NULL,
  `few_hours_cost` decimal(7,2) NOT NULL,
  `outside_cost` decimal(7,2) NOT NULL,
  `checked` int(1) NOT NULL,
  `popularity` int(255) NOT NULL DEFAULT '0'
) ENGINE=InnoDB AUTO_INCREMENT=18 DEFAULT CHARSET=utf8mb4;

--
-- Дамп данных таблицы `auto`
--

INSERT INTO `auto` (`id`, `user_id`, `name`, `car_number`, `type`, `category_id`, `brand`, `model`, `year`, `color`, `body`, `retro`, `bus_type`, `decor`, `client_decor`, `pass_count`, `description`, `hour_cost`, `few_hours_cost`, `outside_cost`, `checked`, `popularity`) VALUES
(6, 11, '', '123456', NULL, 38, '4', '73', 1996, 'Черный', NULL, 1, NULL, 0, 1, 6, '', 500.00, 2300.00, 650.00, 1, 0),
(7, 12, '', '1234567', NULL, 39, '7', '112', 2012, 'black', NULL, 1, NULL, 1, 0, 6, '', 550.00, 2600.00, 660.00, 1, 0),
(8, 1, '', NULL, NULL, 40, '42', '392', 2013, 'white', NULL, 0, NULL, 1, 1, 5, 'efwefewfewf', 500.00, 700.00, 500.00, 1, 0),
(9, 1, '', NULL, NULL, 41, '57', '473', 1992, 'black', NULL, 1, NULL, 0, 1, 5, '', 500.00, 2300.00, 650.00, 1, 0),
(10, 1, '', NULL, NULL, 42, '3', '39', 1991, 'black', NULL, 1, NULL, 1, 0, 7, '', 500.00, 2300.00, 50.00, 1, 0),
(11, 23, '', NULL, NULL, 43, '3', '59', 2007, 'черный', NULL, 0, NULL, 1, 0, 5, '', 500.00, 2000.00, 5.00, 1, 0),
(12, 25, '', NULL, NULL, 44, '33', '328', 1970, 'Красный', NULL, 1, NULL, 1, 1, 4, 'Машина для евреев', 300.00, 1200.00, 5.00, 1, 0),
(13, 24, '', NULL, NULL, 45, '2', '29', 2010, 'Белый', NULL, 0, NULL, 1, 1, 6, '', 200.00, 900.00, 150.00, 1, 0),
(14, 1, '', NULL, NULL, 39, '3', '54', 1991, 'black', NULL, 1, NULL, 0, 1, 56, '', 250.00, 500.00, 150.00, 1, 0),
(16, 46, '', NULL, NULL, 39, '2', '1', 2010, 'Красный', NULL, 0, NULL, 1, 1, 4, '', 250.00, 1000.00, 5.00, 1, 0),
(17, 47, '', NULL, NULL, 39, '3', '37', 2010, 'белый', NULL, 0, NULL, 1, 1, 4, '', 250.00, 1000.00, 5.00, 1, 0);

-- --------------------------------------------------------

--
-- Структура таблицы `brands`
--

CREATE TABLE IF NOT EXISTS `brands` (
  `id` int(11) NOT NULL,
  `name` varchar(255) NOT NULL,
  `picture` varchar(255) NOT NULL
) ENGINE=InnoDB AUTO_INCREMENT=61 DEFAULT CHARSET=utf8mb4;

--
-- Дамп данных таблицы `brands`
--

INSERT INTO `brands` (`id`, `name`, `picture`) VALUES
(2, 'Audi', 'https://cars.imgsmail.ru/catalogue/firms/8/2/828f7b59d6a647a02dcaf42bd1d0f3d9_60x60.png'),
(3, 'BMW', 'https://cars.imgsmail.ru/catalogue/firms/8/a/8af49cad11d8ecf3cb2e7bd392842c81_60x60.png'),
(4, 'Ford', 'https://cars.imgsmail.ru/catalogue/firms/1/5/15642f0d8c2ec5f7c40bc54596572118_60x60.png'),
(5, 'Honda', 'https://cars.imgsmail.ru/catalogue/firms/2/4/2408528b84812553563c06bc0c0807b4_60x60.png'),
(6, 'Hyundai', 'https://cars.imgsmail.ru/catalogue/firms/a/5/a54d9864759f6bd63697ac70576c4b1d_60x60.png'),
(7, 'Kia', 'https://cars.imgsmail.ru/catalogue/firms/9/3/939e45ece543b9e3e330342e9e68d318_60x60.png'),
(8, 'Lada (ВАЗ)', 'https://cars.imgsmail.ru/catalogue/firms/9/b/9bff39e7e56d7c8831166f7d0a287a84_60x60.png'),
(9, 'Mazda', 'https://cars.imgsmail.ru/catalogue/firms/7/6/76b75334ac03bc288b4d00df5336856f_60x60.png'),
(10, 'Mercedes-Benz', 'https://cars.imgsmail.ru/catalogue/firms/b/9/b902d2618136a593c4cf77b3edf25904_60x60.png'),
(11, 'Mitsubishi', 'https://cars.imgsmail.ru/catalogue/firms/5/f/5f04172fb79e9ac89af30afd9aa869e0_60x60.png'),
(12, 'Nissan', 'https://cars.imgsmail.ru/catalogue/firms/a/f/af59afe953dfa5bbd211446354ec4472_60x60.png'),
(13, 'Renault', 'https://cars.imgsmail.ru/catalogue/firms/5/4/54874d26ef50d2d0fef4639155975500_60x60.png'),
(14, 'Skoda', 'https://cars.imgsmail.ru/catalogue/firms/7/b/7b3df37fe24018dd94533f2391148d5f_60x60.png'),
(15, 'Toyota', 'https://cars.imgsmail.ru/catalogue/firms/d/8/d874c138f20af73845ec75b80e5dd388_60x60.png'),
(16, 'Volkswagen', 'https://cars.imgsmail.ru/catalogue/firms/1/c/1c07f6cde6d7c09a23a97cfd1fc1b451_60x60.png'),
(17, 'Acura', 'https://cars.imgsmail.ru/catalogue/firms/9/a/9aa9f9896dc560231d78108341063667_60x60.png'),
(18, 'Datsun', 'https://cars.imgsmail.ru/catalogue/firms/2/b/2bfd9ebf3fb2fe9a540b331339b57d82_60x60.png'),
(19, 'Infiniti', 'https://cars.imgsmail.ru/catalogue/firms/3/a/3a18ed0c187ec5f4e3ad620d20878468_60x60.png'),
(20, 'Lexus', 'https://cars.imgsmail.ru/catalogue/firms/b/8/b8d26a4f73aacd17c1aff44e4161ee1a_60x60.png'),
(21, 'Subaru', 'https://cars.imgsmail.ru/catalogue/firms/0/c/0c02a288744860ff112d2bd4a6a52147_60x60.png'),
(22, 'Suzuki', 'https://cars.imgsmail.ru/catalogue/firms/8/6/863f74a1b1083a1a10613d624b48b8a4_60x60.png'),
(23, 'Cadillac', 'https://cars.imgsmail.ru/catalogue/firms/a/2/a234a61ec2dc7c2c40332e65cdb0f1b8_60x60.png'),
(24, 'Chevrolet', 'https://cars.imgsmail.ru/catalogue/firms/1/e/1e9041948aa2577d1d27a3a580110d5e_60x60.png'),
(25, 'Chrysler', 'https://cars.imgsmail.ru/catalogue/firms/a/f/afae63f6fea0de32dc51d96bf7e91e32_60x60.png'),
(26, 'Jeep', 'https://cars.imgsmail.ru/catalogue/firms/4/d/4d7452be5eada5d55a818397256567f3_60x60.png'),
(27, 'Tesla', 'https://cars.imgsmail.ru/catalogue/firms/c/4/c424c2721cce9a18493f17ca92f86991_60x60.png'),
(28, 'ГАЗ', 'https://cars.imgsmail.ru/catalogue/firms/5/a/5a0027b072e5bc9391cc86655046c89a_60x60.png'),
(29, 'УАЗ', 'https://cars.imgsmail.ru/catalogue/firms/5/e/5e60ef9ec6e34d355a13416d5a167245_60x60.png'),
(30, 'Porsche', 'https://cars.imgsmail.ru/catalogue/firms/6/6/66bd24c44c6ad5bb98883b84d8471aea_60x60.png'),
(31, 'SsangYong', 'https://cars.imgsmail.ru/catalogue/firms/6/f/6f9120845e86c9449423dc49c2e74a38_60x60.png'),
(32, 'Alfa Romeo', 'https://cars.imgsmail.ru/catalogue/firms/4/4/44b4e2807cf193c73c7ae2bd712ba723_60x60.png'),
(33, 'Aston Martin', 'https://cars.imgsmail.ru/catalogue/firms/7/3/73b4c3d41991e5c2608374fa299f16ac_60x60.png'),
(34, 'Bentley', 'https://cars.imgsmail.ru/catalogue/firms/3/1/31ca13ecf77028f1a1c4e54d659ab725_60x60.png'),
(35, 'Citroen', 'https://cars.imgsmail.ru/catalogue/firms/7/c/7cf4b94e8a08ad92bdabed5617a7a322_60x60.png'),
(36, 'DS', 'https://cars.imgsmail.ru/catalogue/firms/d/6/d6a5588ee316aaa59de56b03a7f91503_60x60.png'),
(37, 'Ferrari', 'https://cars.imgsmail.ru/catalogue/firms/a/e/aee44c481f443730e9cd6383dbe2d7ff_60x60.png'),
(38, 'Fiat', 'https://cars.imgsmail.ru/catalogue/firms/3/c/3ce1cde7d7aab5d8cd41384320b07a81_60x60.png'),
(39, 'Jaguar', 'https://cars.imgsmail.ru/catalogue/firms/1/3/137f6eb7f74be2be89929f8b3dbe80bf_60x60.png'),
(40, 'Lamborghini', 'https://cars.imgsmail.ru/catalogue/firms/2/c/2c8cc4757ed0cffa6c381767ede2ff98_60x60.png'),
(41, 'Land Rover', 'https://cars.imgsmail.ru/catalogue/firms/4/6/461ffc26ddc9d7247a107001892f0608_60x60.png'),
(42, 'Maserati', 'https://cars.imgsmail.ru/catalogue/firms/d/1/d1adcf4a374fdda57c958dc764851bd2_60x60.png'),
(43, 'Mini', 'https://cars.imgsmail.ru/catalogue/firms/1/4/14ea4a99fd730508147898c0f36ee392_60x60.png'),
(44, 'Peugeot', 'https://cars.imgsmail.ru/catalogue/firms/2/c/2cca8a7914c547c0792bf66795e9d43a_60x60.png'),
(45, 'Ravon', 'https://cars.imgsmail.ru/catalogue/firms/c/a/cac1a1744a0ad624a6f4fc39612a5876_60x60.png'),
(46, 'Rolls-Royce', 'https://cars.imgsmail.ru/catalogue/firms/9/0/907ad2a28c5c93d4bf75e98df8579c90_60x60.png'),
(47, 'Smart', 'https://cars.imgsmail.ru/catalogue/firms/8/1/81f4967707ced1d8518736a0331d06a6_60x60.png'),
(48, 'Volvo', 'https://cars.imgsmail.ru/catalogue/firms/a/4/a4641df46b9b295b7c28a764fae7a586_60x60.png'),
(49, 'Brilliance', 'https://cars.imgsmail.ru/catalogue/firms/c/f/cf4cd0c74889f2d078bd013dbbf2f397_60x60.png'),
(50, 'Changan', 'https://cars.imgsmail.ru/catalogue/firms/c/d/cd8aaec918d1f183738ebe52d0066aeb_60x60.png'),
(51, 'Chery', 'https://cars.imgsmail.ru/catalogue/firms/4/5/4557b8777596b6842be60995e0459e74_60x60.png'),
(52, 'DongFeng', 'https://cars.imgsmail.ru/catalogue/firms/7/9/79da3e0179bc8395326d142df263aa8e_60x60.png'),
(53, 'FAW', 'https://cars.imgsmail.ru/catalogue/firms/d/a/da6c5c0c7c15ec95d536eab25f399cae_60x60.png'),
(54, 'Foton', 'https://cars.imgsmail.ru/catalogue/firms/6/c/6c4d6dafbc43ac03536724393fc183e2_60x60.png'),
(55, 'Geely', 'https://cars.imgsmail.ru/catalogue/firms/a/5/a5049305e1199e8c8db121031835f8b1_60x60.png'),
(56, 'Great Wall', 'https://cars.imgsmail.ru/catalogue/firms/d/f/df571856882fab38a3ec62fb65fd1020_60x60.png'),
(57, 'Haima', 'https://cars.imgsmail.ru/catalogue/firms/3/1/31e86da94336a8c4c84797dbf829830d_60x60.png'),
(58, 'Haval', 'https://cars.imgsmail.ru/catalogue/firms/5/1/51225ad658a15d5662a3c8fe5112d700_60x60.png'),
(59, 'Lifan', 'https://cars.imgsmail.ru/catalogue/firms/0/8/084630e31b22ac3d902e30cb392ead3c_60x60.png'),
(60, 'Zotye', 'https://cars.imgsmail.ru/catalogue/firms/2/c/2caf208ee0e812ec5af82a10c797b009_60x60.png');

-- --------------------------------------------------------

--
-- Структура таблицы `categories`
--

CREATE TABLE IF NOT EXISTS `categories` (
  `id` int(11) NOT NULL,
  `name` varchar(255) CHARACTER SET utf8 NOT NULL,
  `picture` varchar(255) CHARACTER SET utf8 NOT NULL
) ENGINE=InnoDB AUTO_INCREMENT=46 DEFAULT CHARSET=latin1;

--
-- Дамп данных таблицы `categories`
--

INSERT INTO `categories` (`id`, `name`, `picture`) VALUES
(38, 'Лимузины', 'uploads/categories/ourcars__limo-min_2016-09-01_11:47:19.jpg'),
(39, 'Седаны', 'uploads/categories/ourcars__sedan-min_2016-09-01_11:48:00.jpg'),
(40, 'Внедорожники', 'uploads/categories/ourcars__suv-min_2016-09-01_11:48:25.jpg'),
(41, 'Ретро-авто', 'uploads/categories/ourcars__retro-min_2016-09-01_11:48:52.jpg'),
(42, 'Кабриолеты', 'uploads/categories/ourcars__cabriolet-m_2016-09-01_11:49:24.jpg'),
(43, 'Эксклюзивные авто', 'uploads/categories/ourcars__exclusive-m_2016-09-01_11:49:59.jpg'),
(44, 'Микроавтобусы', 'uploads/categories/ourcars__van-min_2016-09-01_11:50:20.jpg'),
(45, 'Автобусы', 'uploads/categories/ourcars__bus-min_2016-09-01_11:50:44.jpg');

-- --------------------------------------------------------

--
-- Структура таблицы `comments`
--

CREATE TABLE IF NOT EXISTS `comments` (
  `id` int(11) NOT NULL,
  `user_id` int(11) NOT NULL,
  `auto_id` int(11) NOT NULL,
  `rating` decimal(3,2) NOT NULL,
  `text` text NOT NULL,
  `created_at` int(13) NOT NULL
) ENGINE=InnoDB AUTO_INCREMENT=25 DEFAULT CHARSET=utf8;

--
-- Дамп данных таблицы `comments`
--

INSERT INTO `comments` (`id`, `user_id`, `auto_id`, `rating`, `text`, `created_at`) VALUES
(8, 1, 25, 1.50, '78998', 1469783158),
(9, 1, 25, 3.55, '98', 1469783166),
(10, 1, 25, 4.00, 'rty', 1469783701),
(11, 1, 25, 3.00, 'r5nya5cb', 1469784907),
(12, 1, 24, 3.00, 'ymgtu', 1469803001),
(13, 1, 24, 5.00, 'hshH ', 1469890041),
(14, 1, 26, 5.00, 'yi', 1470051509),
(15, 1, 26, 0.00, 'оччень хороший водитель, даже не плюется из окна', 1470067110),
(16, 1, 26, 5.00, 'ну, как-то так...', 1470067731),
(17, 1, 26, 5.00, 'Или так...', 1470067748),
(18, 1, 26, 3.00, 'sdfdsaf', 1470130957),
(19, 1, 1, 5.00, 'Ну, как-то так', 1470297048),
(20, 1, 2, 5.00, 'Ооочень крутой водила (Джейсон Стетхем)', 1470657343),
(21, 26, 11, 3.00, 'etertertertretretreretretretretert', 1471358245),
(22, 25, 12, 5.00, 'Шабат Шалом ! Очень понгавился автомобиль ! Водитель очень отзывчивый человек, за небольшую дополнительную плату, оделся в национальный евгейский костюм, нацепил бутафогские пэйсы и весь день на пголет кгутил "Хава нагила".', 1471423378),
(23, 1, 12, 5.00, 'Таки подтвегждаю, всем понгавилось, и даже тетя Соня сказала, что это кошерно.\r\nНо цены могли бы быть и подемокгатичнее', 1471434983),
(24, 1, 13, 4.00, 'Норм, че', 1471722693);

-- --------------------------------------------------------

--
-- Структура таблицы `images`
--

CREATE TABLE IF NOT EXISTS `images` (
  `id` int(11) NOT NULL,
  `car_id` int(11) NOT NULL,
  `path` varchar(255) NOT NULL
) ENGINE=InnoDB AUTO_INCREMENT=172 DEFAULT CHARSET=utf8mb4;

--
-- Дамп данных таблицы `images`
--

INSERT INTO `images` (`id`, `car_id`, `path`) VALUES
(36, 31, 'jeep31_2016-08-01_05:02:05.png'),
(37, 26, 'limo26_2016-08-01_05:02:41.jpg'),
(38, 26, 'limo26_2016-08-02_11:13:16.jpg'),
(39, 26, 'limo26_2016-08-02_11:13:25.jpg'),
(40, 31, '1920x1080-kubuntu_li31_2016-08-02_12:33:49.png'),
(41, 31, '1920x1080-kubuntu_li31_2016-08-02_12:33:49.png'),
(42, 31, '122026_Papel-de-Pare31_2016-08-02_12:33:49.jpg'),
(43, 31, 'IMG_056131_2016-08-02_12:33:49.jpg'),
(44, 31, 'ubuntu_linux_debian_31_2016-08-02_12:33:49.jpg'),
(45, 31, 'WallpapersxlKubuntuU31_2016-08-02_12:33:49.jpg'),
(124, 4, '1920x1080-kubuntu_li4_2016-08-08_04:11:24.png'),
(125, 4, '1920x1080-kubuntu_li4_2016-08-08_04:11:24.png'),
(126, 4, '122026_Papel-de-Pare4_2016-08-08_04:11:24.jpg'),
(127, 4, 'IMG_05614_2016-08-08_04:11:24.jpg'),
(128, 4, 'ubuntu_linux_debian_4_2016-08-08_04:11:24.jpg'),
(129, 4, 'WallpapersxlKubuntuU4_2016-08-08_04:11:24.jpg'),
(136, 7, '1920x1080-kubuntu_li7_2016-08-08_05:29:29.png'),
(137, 7, '1920x1080-kubuntu_li7_2016-08-08_05:29:29.png'),
(138, 7, '122026_Papel-de-Pare7_2016-08-08_05:29:29.jpg'),
(139, 7, 'IMG_05617_2016-08-08_05:29:29.jpg'),
(140, 7, 'ubuntu_linux_debian_7_2016-08-08_05:29:29.jpg'),
(141, 7, 'WallpapersxlKubuntuU7_2016-08-08_05:29:29.jpg'),
(142, 6, '1920x1080-kubuntu_li6_2016-08-08_05:35:16.png'),
(143, 6, '1920x1080-kubuntu_li6_2016-08-08_05:35:16.png'),
(144, 6, '122026_Papel-de-Pare6_2016-08-08_05:35:16.jpg'),
(145, 6, 'IMG_05616_2016-08-08_05:35:16.jpg'),
(146, 6, 'ubuntu_linux_debian_6_2016-08-08_05:35:16.jpg'),
(147, 6, 'WallpapersxlKubuntuU6_2016-08-08_05:35:16.jpg'),
(148, 8, 'logo-facebook8_2016-08-08_06:11:54.jpg'),
(149, 10, '1920x1080-kubuntu_li10_2016-08-10_01:20:00.png'),
(150, 10, '1920x1080-kubuntu_li10_2016-08-10_01:20:00.png'),
(151, 10, '122026_Papel-de-Pare10_2016-08-10_01:20:00.jpg'),
(152, 10, 'IMG_056110_2016-08-10_01:20:00.jpg'),
(153, 10, 'ubuntu_linux_debian_10_2016-08-10_01:20:00.jpg'),
(154, 10, 'WallpapersxlKubuntuU10_2016-08-10_01:20:00.jpg'),
(155, 9, '1920x1080-kubuntu_li9_2016-08-15_11:36:35.png'),
(156, 9, '1920x1080-kubuntu_li9_2016-08-15_11:36:35.png'),
(157, 9, '122026_Papel-de-Pare9_2016-08-15_11:36:35.jpg'),
(158, 9, 'IMG_05619_2016-08-15_11:36:35.jpg'),
(159, 9, 'ubuntu_linux_debian_9_2016-08-15_11:36:35.jpg'),
(160, 9, 'WallpapersxlKubuntuU9_2016-08-15_11:36:35.jpg'),
(161, 11, 'tHMRKCQDN9Q11_2016-08-16_05:28:59.jpg'),
(162, 12, '488394u-96012_2016-08-16_05:49:02.jpg'),
(163, 13, '516d0053ead1c13_2016-08-16_05:57:18.jpg'),
(170, 14, 'ourcars__sedan14_2016-09-01_11:54:41.jpg'),
(171, 17, 'ourcars__sedan-min17_2016-09-06_11:19:05.jpg');

-- --------------------------------------------------------

--
-- Структура таблицы `migration`
--

CREATE TABLE IF NOT EXISTS `migration` (
  `version` varchar(180) NOT NULL,
  `apply_time` int(11) DEFAULT NULL
) ENGINE=InnoDB DEFAULT CHARSET=utf8mb4;

--
-- Дамп данных таблицы `migration`
--

INSERT INTO `migration` (`version`, `apply_time`) VALUES
('m000000_000000_base', 1465283582),
('m140209_132017_init', 1465283584),
('m140403_174025_create_account_table', 1465283584),
('m140504_113157_update_tables', 1465283585),
('m140504_130429_create_token_table', 1465283585),
('m140506_102106_rbac_init', 1465284291),
('m140830_171933_fix_ip_field', 1465283585),
('m140830_172703_change_account_table_name', 1465283585),
('m141222_110026_update_ip_field', 1465283585),
('m141222_135246_alter_username_length', 1465283585),
('m150614_103145_update_social_account_table', 1465283585),
('m150623_212711_fix_username_notnull', 1465283585);

-- --------------------------------------------------------

--
-- Структура таблицы `models`
--

CREATE TABLE IF NOT EXISTS `models` (
  `id` int(11) NOT NULL,
  `brand_id` int(11) NOT NULL,
  `name` varchar(255) NOT NULL
) ENGINE=InnoDB AUTO_INCREMENT=487 DEFAULT CHARSET=utf8mb4;

--
-- Дамп данных таблицы `models`
--

INSERT INTO `models` (`id`, `brand_id`, `name`) VALUES
(1, 2, 'A3 седан'),
(2, 2, 'A4 седан'),
(3, 2, 'TT купе'),
(4, 2, 'A5 купе'),
(5, 2, 'A6 седан'),
(6, 2, 'S3 седан'),
(7, 2, 'TTS купе'),
(8, 2, 'S5 купе'),
(9, 2, 'S6 седан'),
(10, 2, 'A8 седан'),
(11, 2, 'S8 седан'),
(12, 2, 'S4 седан'),
(13, 2, 'A1 Sportback хэтчбек'),
(14, 2, 'A3 хэтчбек'),
(15, 2, 'A5 хэтчбек'),
(16, 2, 'A4 универсал'),
(17, 2, 'A6 универсал'),
(18, 2, 'S3 хэтчбек'),
(19, 2, 'A7 Sportback хэтчбек'),
(20, 2, 'A6 allroad quattro универсал'),
(21, 2, 'S5 хэтчбек'),
(22, 2, 'S6 универсал'),
(23, 2, 'S7 Sportback хэтчбек'),
(24, 2, 'RS 6 универсал'),
(25, 2, 'RS 7 Sportback хэтчбек'),
(26, 2, 'A4 allroad универсал'),
(27, 2, 'Q3 кроссовер'),
(28, 2, 'Q5 кроссовер'),
(29, 2, 'Q7 кроссовер'),
(30, 2, 'RS Q3 кроссовер'),
(31, 2, 'SQ5 кроссовер'),
(32, 2, 'Q2 кроссовер'),
(33, 2, 'SQ7 кроссовер'),
(34, 2, 'A3 кабриолет'),
(35, 2, 'A5 кабриолет'),
(36, 2, 'S3 кабриолет'),
(37, 3, '3 седан'),
(38, 3, '2 купе'),
(39, 3, '4 Gran Coupe купе'),
(40, 3, '4 купе'),
(41, 3, '5 седан'),
(42, 3, 'M2 купе'),
(43, 3, 'M3 седан'),
(44, 3, 'M4 купе'),
(45, 3, '6 купе'),
(46, 3, '6 Gran Coupe купе'),
(47, 3, 'M5 седан'),
(48, 3, '7 седан'),
(49, 3, 'M6 купе'),
(50, 3, 'M6 Gran Coupe седан'),
(51, 3, 'i8 купе'),
(52, 3, '1 хэтчбек'),
(53, 3, '3 Gran Turismo хэтчбек'),
(54, 3, '5 универсал'),
(55, 3, '5 Gran Turismo хэтчбек'),
(56, 3, 'X1 кроссовер'),
(57, 3, 'X3 кроссовер'),
(58, 3, 'X4 кроссовер'),
(59, 3, 'X5 кроссовер'),
(60, 3, 'X6 кроссовер'),
(61, 3, 'X6 M кроссовер'),
(62, 3, '2 Active Tourer минивэн'),
(63, 3, '2 Gran Tourer минивэн'),
(64, 3, '4 кабриолет'),
(65, 3, 'M4 кабриолет'),
(66, 3, '6 кабриолет'),
(67, 3, 'M6 кабриолет'),
(68, 3, '2 кабриолет'),
(69, 4, 'Fiesta седан'),
(70, 4, 'Focus седан'),
(71, 4, 'Mondeo седан'),
(72, 4, 'Mustang купе'),
(73, 4, 'Fiesta хэтчбек'),
(74, 4, 'Focus хэтчбек'),
(75, 4, 'Focus универсал'),
(76, 4, 'EcoSport кроссовер'),
(77, 4, 'Kuga кроссовер'),
(78, 4, 'Explorer внедорожник'),
(79, 4, 'Transit Connect фургон'),
(80, 4, 'Transit фургон'),
(81, 4, 'Tourneo микроавтобус'),
(82, 5, 'CR-V кроссовер'),
(83, 5, 'Pilot кроссовер'),
(84, 6, 'Solaris седан'),
(85, 6, 'i40 седан'),
(86, 6, 'Genesis седан'),
(87, 6, 'Equus седан'),
(88, 6, 'Elantra седан'),
(89, 6, 'Solaris хэтчбек'),
(90, 6, 'i30 хэтчбек'),
(91, 6, 'i30 универсал'),
(92, 6, 'Veloster хэтчбек'),
(93, 6, 'i40 универсал'),
(94, 6, 'Tucson кроссовер'),
(95, 6, 'Santa Fe Premium кроссовер'),
(96, 6, 'Grand Santa Fe кроссовер'),
(97, 6, 'H1 минивэн'),
(98, 7, 'Rio седан'),
(99, 7, 'Cerato седан'),
(100, 7, 'Optima седан'),
(101, 7, 'Quoris седан'),
(102, 7, 'Picanto хэтчбек'),
(103, 7, 'Rio хэтчбек'),
(104, 7, 'cee''d хэтчбек'),
(105, 7, 'Venga хэтчбек'),
(106, 7, 'cee''d универсал'),
(107, 7, 'cee''d GT хэтчбек'),
(108, 7, 'Soul кроссовер'),
(109, 7, 'Sportage кроссовер'),
(110, 7, 'Sorento кроссовер'),
(111, 7, 'Sorento Prime кроссовер'),
(112, 7, 'Mohave внедорожник'),
(113, 8, 'Granta седан'),
(114, 8, 'Priora седан'),
(115, 8, 'Vesta седан'),
(116, 8, 'Granta Sport седан'),
(117, 8, 'Granta хэтчбек'),
(118, 8, 'Kalina хэтчбек'),
(119, 8, 'Kalina универсал'),
(120, 8, 'Kalina Cross универсал'),
(121, 8, 'Largus универсал'),
(122, 8, 'Kalina Sport хэтчбек'),
(123, 8, 'Largus Cross универсал'),
(124, 8, 'Vesta универсал'),
(125, 8, '2121 (4x4) внедорожник'),
(126, 8, '4х4 Urban внедорожник'),
(127, 8, 'XRAY кроссовер'),
(128, 8, 'Largus фургон'),
(129, 9, '6 седан'),
(130, 9, '3 хэтчбек'),
(131, 9, 'CX-5 кроссовер'),
(132, 10, 'C седан'),
(133, 10, 'C купе'),
(134, 10, 'CLA седан'),
(135, 10, 'E купе'),
(136, 10, 'E седан'),
(137, 10, 'CLA AMG седан'),
(138, 10, 'CLS седан'),
(139, 10, 'C AMG седан'),
(140, 10, 'C AMG купе'),
(141, 10, 'S седан'),
(142, 10, 'E AMG седан'),
(143, 10, 'CLS AMG седан'),
(144, 10, 'AMG GT купе'),
(145, 10, 'Maybach S седан'),
(146, 10, 'S купе'),
(147, 10, 'S AMG седан'),
(148, 10, 'S AMG купе'),
(149, 10, 'A хэтчбек'),
(150, 10, 'CLA универсал'),
(151, 10, 'C универсал'),
(152, 10, 'A AMG хэтчбек'),
(153, 10, 'CLA AMG универсал'),
(154, 10, 'CLS универсал'),
(155, 10, 'C AMG универсал'),
(156, 10, 'GLA кроссовер'),
(157, 10, 'GLC кроссовер'),
(158, 10, 'GLA AMG кроссовер'),
(159, 10, 'GLE кроссовер'),
(160, 10, 'GLC AMG кроссовер'),
(161, 10, 'GL внедорожник'),
(162, 10, 'GLE Coupe кроссовер'),
(163, 10, 'GLS внедорожник'),
(164, 10, 'G внедорожник'),
(165, 10, 'GLE AMG кроссовер'),
(166, 10, 'GLE Coupe AMG кроссовер'),
(167, 10, 'GL AMG внедорожник'),
(168, 10, 'GLS AMG внедорожник'),
(169, 10, 'G AMG внедорожник'),
(170, 10, 'GLC Coupe кроссовер'),
(171, 10, 'B минивэн'),
(172, 10, 'Citan минивэн'),
(173, 10, 'E кабриолет'),
(174, 10, 'S кабриолет'),
(175, 10, 'S AMG кабриолет'),
(176, 10, 'Vito фургон'),
(177, 10, 'Citan фургон'),
(178, 10, 'Vito микроавтобус'),
(179, 10, 'Viano микроавтобус'),
(180, 10, 'Sprinter фургон'),
(181, 10, 'Sprinter микроавтобус'),
(182, 10, 'V микроавтобус'),
(183, 11, 'i-MiEV хэтчбек'),
(184, 11, 'Outlander кроссовер'),
(185, 11, 'Pajero внедорожник'),
(186, 11, 'Pajero Sport внедорожник'),
(187, 11, 'L200 пикап'),
(188, 12, 'Almera седан'),
(189, 12, 'Sentra седан'),
(190, 12, 'Teana седан'),
(191, 12, 'GT-R купе'),
(192, 12, 'Tiida хэтчбек'),
(193, 12, 'Juke кроссовер'),
(194, 12, 'Terrano кроссовер'),
(195, 12, 'Qashqai кроссовер'),
(196, 12, 'X-Trail кроссовер'),
(197, 12, 'Murano кроссовер'),
(198, 12, 'Pathfinder внедорожник'),
(199, 12, 'Patrol внедорожник'),
(200, 13, 'Logan седан'),
(201, 13, 'Fluence седан'),
(202, 13, 'Sandero хэтчбек'),
(203, 13, 'Sandero Stepway хэтчбек'),
(204, 13, 'Clio RS хэтчбек'),
(205, 13, 'Megane RS хэтчбек'),
(206, 13, 'Megane хэтчбек'),
(207, 13, 'Duster кроссовер'),
(208, 13, 'Kaptur кроссовер'),
(209, 13, 'Koleos кроссовер'),
(210, 13, 'Kangoo минивэн'),
(211, 13, 'Kangoo фургон'),
(212, 13, 'Master фургон'),
(213, 14, 'Rapid хэтчбек'),
(214, 14, 'Octavia хэтчбек'),
(215, 14, 'Octavia универсал'),
(216, 14, 'Superb хэтчбек'),
(217, 14, 'Octavia Scout универсал'),
(218, 14, 'Octavia RS хэтчбек'),
(219, 14, 'Octavia RS универсал'),
(220, 14, 'Superb универсал'),
(221, 14, 'Yeti кроссовер'),
(222, 15, 'Corolla седан'),
(223, 15, 'Camry седан'),
(224, 15, 'GT86 купе'),
(225, 15, 'Prius хэтчбек'),
(226, 15, 'RAV4 кроссовер'),
(227, 15, 'Land Cruiser Prado внедорожник'),
(228, 15, 'Highlander кроссовер'),
(229, 15, 'Land Cruiser внедорожник'),
(230, 15, 'Hilux пикап'),
(231, 15, 'Alphard минивэн'),
(232, 15, 'Hiace микроавтобус'),
(233, 16, 'Polo седан'),
(234, 16, 'Jetta седан'),
(235, 16, 'Passat седан'),
(236, 16, 'Passat CC седан'),
(237, 16, 'Beetle хэтчбек'),
(238, 16, 'Golf хэтчбек'),
(239, 16, 'Passat универсал'),
(240, 16, 'Golf R хэтчбек'),
(241, 16, 'Touareg внедорожник'),
(242, 16, 'Tiguan кроссовер'),
(243, 16, 'Amarok пикап'),
(244, 16, 'Transporter бортовой грузовик'),
(245, 16, 'Transporter микроавтобус'),
(246, 16, 'Transporter фургон'),
(247, 16, 'Crafter фургон'),
(248, 16, 'Caravelle микроавтобус'),
(249, 16, 'Multivan микроавтобус'),
(250, 17, 'TLX седан'),
(251, 17, 'NSX купе'),
(252, 17, 'RDX кроссовер'),
(253, 17, 'MDX кроссовер'),
(254, 18, 'on-DO седан'),
(255, 18, 'mi-DO хэтчбек'),
(256, 19, 'Q50 седан'),
(257, 19, 'Q70 седан'),
(258, 19, 'Q30 хэтчбек'),
(259, 19, 'QX70 кроссовер'),
(260, 19, 'QX50 кроссовер'),
(261, 19, 'QX60 кроссовер'),
(262, 19, 'QX80 внедорожник'),
(263, 19, 'QX30 кроссовер'),
(264, 20, 'ES седан'),
(265, 20, 'IS седан'),
(266, 20, 'RC купе'),
(267, 20, 'LS седан'),
(268, 20, 'GS F седан'),
(269, 20, 'RC F купе'),
(270, 20, 'LC купе'),
(271, 20, 'GS седан'),
(272, 20, 'NX кроссовер'),
(273, 20, 'RX кроссовер'),
(274, 20, 'GX внедорожник'),
(275, 20, 'LX внедорожник'),
(276, 21, 'BRZ купе'),
(277, 21, 'WRX STi седан'),
(278, 21, 'Legacy седан'),
(279, 21, 'Outback универсал'),
(280, 21, 'XV кроссовер'),
(281, 21, 'Forester кроссовер'),
(282, 22, 'Jimny внедорожник'),
(283, 22, 'Vitara кроссовер'),
(284, 22, 'Grand Vitara внедорожник'),
(285, 23, 'ATS седан'),
(286, 23, 'CTS седан'),
(287, 23, 'CT6 седан'),
(288, 23, 'SRX кроссовер'),
(289, 23, 'XT5 кроссовер'),
(290, 23, 'Escalade внедорожник'),
(291, 24, 'Corvette Stingray купе'),
(292, 24, 'Camaro купе'),
(293, 24, 'Niva внедорожник'),
(294, 24, 'Tahoe внедорожник'),
(295, 25, 'Grand Voyager минивэн'),
(296, 26, 'Renegade внедорожник'),
(297, 26, 'Compass кроссовер'),
(298, 26, 'Cherokee внедорожник'),
(299, 26, 'Wrangler внедорожник'),
(300, 26, 'Grand Cherokee внедорожник'),
(301, 27, 'Model S хэтчбек'),
(302, 27, 'Model X кроссовер'),
(303, 28, '«Газель-Бизнес» 2705 фургон'),
(304, 28, '«Газель-Бизнес» 3221 микроавтобус'),
(305, 28, '«Соболь-Бизнес» 2310 бортовой грузовик'),
(306, 28, '«Газель-Бизнес» 3302 бортовой грузовик'),
(307, 29, 'Hunter внедорожник'),
(308, 29, 'Patriot внедорожник'),
(309, 29, 'Pickup пикап'),
(310, 30, 'Cayman купе'),
(311, 30, '718 Cayman купе'),
(312, 30, 'Cayman GT4 купе'),
(313, 30, '911 купе'),
(314, 30, 'Panamera хэтчбек'),
(315, 30, 'Macan кроссовер'),
(316, 30, 'Cayenne кроссовер'),
(317, 30, '911 кабриолет'),
(318, 30, '911 Targa кабриолет'),
(319, 31, 'Actyon кроссовер'),
(320, 31, 'Stavic минивэн'),
(321, 32, '4C купе'),
(322, 32, 'Giulia седан'),
(323, 32, 'MiTo хэтчбек'),
(324, 32, 'Giulietta хэтчбек'),
(325, 33, 'DB9 Volante купе'),
(326, 33, 'V12 Vantage купе'),
(327, 33, 'Rapide седан'),
(328, 33, 'Vanquish купе'),
(329, 33, 'DB11 купе'),
(330, 33, 'DB9 Volante кабриолет'),
(331, 34, 'Continental GT купе'),
(332, 34, 'Flying Spur седан'),
(333, 34, 'Mulsanne седан'),
(334, 34, 'Bentayga кроссовер'),
(335, 34, 'Continental GT кабриолет'),
(336, 35, 'C-Elysee седан'),
(337, 35, 'C4 седан'),
(338, 35, 'DS3 хэтчбек'),
(339, 35, 'DS4 хэтчбек'),
(340, 35, 'C4 Aircross кроссовер'),
(341, 35, 'C3 Picasso минивэн'),
(342, 35, 'Berlingo Multispace минивэн'),
(343, 35, 'C4 Picasso минивэн'),
(344, 35, 'C4 Grand Picasso минивэн'),
(345, 35, 'Berlingo Multispace фургон'),
(346, 35, 'Jumpy фургон'),
(347, 35, 'Jumper грузовик'),
(348, 35, 'Jumper фургон'),
(349, 35, 'Jumpy микроавтобус'),
(350, 36, '4 хэтчбек'),
(351, 36, '4 Crossback хэтчбек'),
(352, 37, '458 Itаliа купе'),
(353, 37, 'F12 Berlinetta купе'),
(354, 37, 'Laкупе'),
(355, 37, '488GTB купе'),
(356, 37, 'FF хэтчбек'),
(357, 37, 'California T кабриолет'),
(358, 37, '488 Spider кабриолет'),
(359, 37, '488GTB кабриолет'),
(360, 38, 'Punto хэтчбек'),
(361, 38, '500 хэтчбек'),
(362, 38, '500X кроссовер'),
(363, 38, 'Freemont минивэн'),
(364, 38, 'Doblo Panorama минивэн'),
(365, 38, 'Scudo фургон'),
(366, 38, 'Ducato фургон'),
(367, 38, 'Scudo микроавтобус'),
(368, 38, 'Doblo Panorama фургон'),
(369, 39, 'XE седан'),
(370, 39, 'XF седан'),
(371, 39, 'F-Type купе'),
(372, 39, 'XJ седан'),
(373, 39, 'XFR седан'),
(374, 39, 'XJR седан'),
(375, 39, 'XFR-S седан'),
(376, 39, 'F-Type SVR купе'),
(377, 39, 'F-Pace кроссовер'),
(378, 39, 'F-Type кабриолет'),
(379, 39, 'F-Type SVR кабриолет'),
(380, 40, 'Huracan LP 610-4 купе'),
(381, 40, 'Aventador LP 700-4 купе'),
(382, 40, 'Centanario купе'),
(383, 41, 'Defender внедорожник'),
(384, 41, 'Range Rover Evoque кроссовер'),
(385, 41, 'Discovery Sport внедорожник'),
(386, 41, 'Discovery внедорожник'),
(387, 41, 'Range Rover Sport внедорожник'),
(388, 41, 'Range Rover внедорожник'),
(389, 41, 'Range Rover Sport SVR внедорожник'),
(390, 41, 'Defender пикап'),
(391, 41, 'Range Rover Evoque кабриолет'),
(392, 42, 'Ghibli седан'),
(393, 42, 'Quattroporte седан'),
(394, 42, 'GranTurismo купе'),
(395, 42, 'Levante кроссовер'),
(396, 42, 'GranCabrio кабриолет'),
(397, 43, 'Cooper хэтчбек'),
(398, 43, 'Clubman универсал'),
(399, 43, 'Paceman хэтчбек'),
(400, 43, 'John Cooper Works хэтчбек'),
(401, 43, 'Countryman кроссовер'),
(402, 43, 'Cabrio кабриолет'),
(403, 44, '301 седан'),
(404, 44, '408 седан'),
(405, 44, '508 седан'),
(406, 44, '308 хэтчбек'),
(407, 44, '308 GT Line хэтчбек'),
(408, 44, '308 GTI хэтчбек'),
(409, 44, '208 хэтчбек'),
(410, 44, '3008 кроссовер'),
(411, 44, '2008 кроссовер'),
(412, 44, 'Partner минивэн'),
(413, 44, 'Partner фургон'),
(414, 44, 'Expert фургон'),
(415, 44, 'Expert микроавтобус'),
(416, 44, 'Boxer фургон'),
(417, 44, 'Boxer микроавтобус'),
(418, 45, 'Nexia седан'),
(419, 45, 'Gentra седан'),
(420, 45, 'Matiz хэтчбек'),
(421, 45, 'R2 хэтчбек'),
(422, 46, 'Ghost седан'),
(423, 46, 'Wraith седан'),
(424, 46, 'Phantom седан'),
(425, 46, 'Phantom купе'),
(426, 46, 'Phantom кабриолет'),
(427, 46, 'Dawn кабриолет'),
(428, 47, 'fortwo хэтчбек'),
(429, 47, 'forfour хэтчбек'),
(430, 47, 'fortwo кабриолет'),
(431, 48, 'S60 седан'),
(432, 48, 'S80 седан'),
(433, 48, 'S60 Cross Counry седан'),
(434, 48, 'S90 седан'),
(435, 48, 'V60 Cross Country универсал'),
(436, 48, 'XC70 универсал'),
(437, 48, 'V90 универсал'),
(438, 48, 'V40 Cross Country хэтчбек'),
(439, 48, 'XC60 кроссовер'),
(440, 48, 'XC90 кроссовер'),
(441, 49, 'H230 седан'),
(442, 49, 'H530 седан'),
(443, 49, 'H230 хэтчбек'),
(444, 49, 'V5 кроссовер'),
(445, 50, 'Eado седан'),
(446, 50, 'CS35 кроссовер'),
(447, 51, 'Bonus седан'),
(448, 51, 'M11 седан'),
(449, 51, 'Bonus 3 седан'),
(450, 51, 'Arrizo 7 седан'),
(451, 51, 'Very хэтчбек'),
(452, 51, 'M11 хэтчбек'),
(453, 51, 'IndiS хэтчбек'),
(454, 51, 'Tiggo FL кроссовер'),
(455, 51, 'Tiggo 5 кроссовер'),
(456, 52, 'S30 седан'),
(457, 52, 'H30 Cross хэтчбек'),
(458, 53, 'V5 седан'),
(459, 53, 'Oley седан'),
(460, 53, 'Besturn B50 седан'),
(461, 54, 'Tunland пикап'),
(462, 55, 'GC6 седан'),
(463, 55, 'Emgrand EC7 седан'),
(464, 55, 'Emgrand 7 седан'),
(465, 55, 'Emgrand EC7 хэтчбек'),
(466, 55, 'MK Cross кроссовер'),
(467, 55, 'Emgrand X7 кроссовер'),
(468, 56, 'M4 кроссовер'),
(469, 56, 'H6 кроссовер'),
(470, 56, 'H5 внедорожник'),
(471, 56, 'H3 внедорожник'),
(472, 56, 'Wingle 5 пикап'),
(473, 57, '7 кроссовер'),
(474, 58, 'H2 кроссовер'),
(475, 58, 'H8 внедорожник'),
(476, 58, 'H9 внедорожник'),
(477, 59, 'Solano седан'),
(478, 59, 'Celliya седан'),
(479, 59, 'Cebrium седан'),
(480, 59, 'Smily хэтчбек'),
(481, 59, 'X50 кроссовер'),
(482, 59, 'X60 кроссовер'),
(483, 60, 'Z300 седан'),
(484, 60, 'Z100 хэтчбек'),
(485, 60, 'T600 кроссовер'),
(486, 60, 'Nomad кроссовер');

-- --------------------------------------------------------

--
-- Структура таблицы `notifications`
--

CREATE TABLE IF NOT EXISTS `notifications` (
  `id` int(11) NOT NULL,
  `email` text CHARACTER SET utf8 NOT NULL,
  `subject` text CHARACTER SET utf8 NOT NULL,
  `text` text CHARACTER SET utf8 NOT NULL,
  `layout` text CHARACTER SET utf8
) ENGINE=InnoDB DEFAULT CHARSET=latin1;

-- --------------------------------------------------------

--
-- Структура таблицы `orders`
--

CREATE TABLE IF NOT EXISTS `orders` (
  `id` int(11) NOT NULL,
  `cost` decimal(7,2) NOT NULL,
  `partner_percent` int(3) DEFAULT NULL,
  `user_id` int(11) NOT NULL,
  `car_id` int(11) NOT NULL,
  `city` int(11) NOT NULL,
  `datetime` text NOT NULL,
  `hours` int(13) NOT NULL,
  `city_out` int(1) DEFAULT NULL,
  `km` int(10) NOT NULL,
  `route` text NOT NULL,
  `description` text,
  `paid` varchar(25) NOT NULL,
  `confirmed` int(1) NOT NULL,
  `created_at` int(13) NOT NULL,
  `order_id` text,
  `archive` int(1) NOT NULL DEFAULT '0'
) ENGINE=InnoDB AUTO_INCREMENT=24 DEFAULT CHARSET=utf8;

--
-- Дамп данных таблицы `orders`
--

INSERT INTO `orders` (`id`, `cost`, `partner_percent`, `user_id`, `car_id`, `city`, `datetime`, `hours`, `city_out`, `km`, `route`, `description`, `paid`, `confirmed`, `created_at`, `order_id`, `archive`) VALUES
(8, 550.00, NULL, 13, 7, 27, '2016-08-09 17:30', 5, 1, 67, '5ry75', '', 'not', 1, 1470666623, 'kbZdXfNZKAgsPrIqDpOok63JqZ95oust48az2oxHJ466s2YTrs25YO8aJRw3q7Pt0cPlQh2SampRcPIVjzZn1H1U-1vh_5ZCnS2M', 0),
(11, 500.00, NULL, 16, 6, 6, '2016-08-16 18:05', 5, 1, 60, 'мамамавмавмавмавм', 'кпкереглгекпкепекпкепекпек', 'sandbox', 1, 1470668534, 'DBOp3FX3asze4O3oOY8Gvs0sYX1ZlH9Swi1fts9e0RFKIjcnezcypLIGkz74TreyVW2oPt1Tv6XnWDrjoE9UdmTWGtix6kifMEG-', 0),
(14, 500.00, NULL, 26, 11, 8, '2016-08-17 17:30', 3, 1, 20, 'fdgfdgfdgfdjgfjfgjf', 'dfsdfsdfsdgjgfjfgjasdsagfdgfdg', 'sandbox', 1, 1471357954, 'V1rOTboKPHjIw9BlNppqHvm_tyiKOOD0RKrMm4mFLFQyiHmCS5A_Iew8lUvNwGYEfaEBI9yAzGQY72LIdMmq7SKF3zKOR_7PQy21', 0),
(15, 500.00, NULL, 1, 8, 7, '2016-08-30 08:00', 45, 0, 67, 'По селу покататься', '', 'not', 1, 1471412775, 't7dUJbxg5QxvvgslmR_9LSXdv8yj73KQ1HVB0AerePU0tHi9Bk7ho27IvQvgA2ZNote_6SNEUSs_6id9H6ogXKhmc1dzVZiKjqm9', 1),
(16, 500.00, NULL, 1, 8, 7, '2016-08-17 09:50', 45, 1, 67, 'По селу покататься', '', 'not', 1, 1471416598, 'JS2-sStep2if4blBq7JV1XiekrHKoZdX2vDnaTUm1bPtWMYutQ7hmFz0FkhHZ43YpUmnvKi9xNC8haPnLr34HXKgZ4FNv__lds_A', 0),
(18, 200.00, NULL, 27, 13, 8, '2016-08-18 10:00', 7, 1, 40, 'по городу', 'Lorem ipsum dolor sit amet, consectetur adipiscing elit. ', 'not', 1, 1471420363, 'b0DaaFyhQrkMBehoPDKGXXrhg7txJ1mxqZB4VHiiAK0qMC73mNa__MqARlNd7xzsL0atUBGVQM8wr9xaizmV_xmWgLaZh9ZWjM7g', 0),
(20, 300.00, NULL, 25, 12, 8, '2016-08-25 11:00', 8, 1, 60, 'Полтава-Опошня-Полтава', '', 'not', 1, 1471423613, 'x4AZLZ8yawMN9NKkOixImO9Zcglq3gMIPfF7liUYvCn44B1m_oi5i-oqRyGQS3LsjI77zrBnGV-hTgXRhaxhEUMm-Hk5LxvVZRCW', 0);

-- --------------------------------------------------------

--
-- Структура таблицы `pages`
--

CREATE TABLE IF NOT EXISTS `pages` (
  `id` int(11) NOT NULL,
  `title` text NOT NULL,
  `text` text NOT NULL,
  `active` int(1) NOT NULL
) ENGINE=InnoDB AUTO_INCREMENT=12 DEFAULT CHARSET=utf8;

--
-- Дамп данных таблицы `pages`
--

INSERT INTO `pages` (`id`, `title`, `text`, `active`) VALUES
(4, 'Как заказать', '<p>\r\nЗаказать\r\nу нас авто невероятно просто. Прежде\r\nвсего, просмотрите с Вашей “второй\r\nполовинкой” наш обширный каталог\r\nсвадебных автомобилей и выберите\r\nинтересующий вас вариант. \r\n</p><p>\r\nЗатем\r\nоформите онлайн-заявку, заполнив все\r\nнеобходимые поля. <br>Получив заявку,\r\nводитель отправит вам подтверждение\r\nброни на вашу дату. Следующий шаг –\r\nвнесение необходимой суммы предоплаты.</p><p>\r\nИ,\r\nнаконец, в день свадьбы вы получаете\r\nименно тот автомобиль, в котором вы\r\nмечтали приехать на самый яркий праздник\r\nВашей жизни.</p><p>\r\nС\r\nпомощью сервиса Weddingcars вы можете составить\r\nцелый свадебный кортеж. А также проследить\r\nза тем, чтобы он был выдержан в едином\r\nстиле, из автомобилей одной марки и\r\nцвета.</p><p>\r\nУслуги,\r\nпредоставляемые водителями,\r\nзарегистрированными на Weddingcars, не\r\nограничиваются свадебной перевозкой.\r\nВы можете найти и заказать автомобиль\r\nдля организации поездок, связанных с\r\nпроведением всевозможных праздников\r\nи мероприятий:</p><p>\r\n-\r\nтрансфер из вокзала, отеля;</p><p>\r\n-\r\nтуристические и экскурсионные поездки;</p><p>\r\n-\r\nдевичники и мальчишники, свидания;</p><p>\r\n-\r\nфото-сессии, выписка из роддома;</p><p>\r\n-\r\nобслуживание пикников, вечеринок,\r\nгородских и загородных мероприятий,\r\nпраздников (дни рождения, выпускной\r\nвечер, корпоративные вечеринки,\r\nпрезентации и многое другое).</p>', 1),
(11, 'О компании', '<p style="text-align: center;"><strong>Weddingcars</strong> - это первый в Полтаве и Украине открытый сервис поиска свадебных автомобилей. Мы выступаем в качестве посредника между водителями и клиентами. Водители, желающие предоставлять услуги свадебной перевозки, проходят проверку и регистрируются на нашей онлайн-площадке. </p><p style="text-align: justify;">Клиенты, в свою очередь, имеют возможность самостоятельно выбрать свадебный автомобиль на любой вкус и цвет из обширного перечня представленных вариантов.</p><p style="text-align: justify;">Одним из наших преимуществ является возможность выбора среди большого количества предложений. Вашему вниманию предлагаются различные варианты комплектации свадебного кортежа - легковые авто и внедорожники, ретро-автомобили, кабриолеты, лимузины и пр. На сервисе Weddingcars представлены авто любой ценовой категории – от моделей эконом-класса до автомашин класса люкс. Также можно найти и заказать комфортабельные автобусы и микроавтобусы, чтобы привезти на праздник всех ваших гостей.</p><p style="text-align: justify;">Авто, представленные в нашем каталоге, обладают безупречным внешним видом и отличным техническим состоянием. Водители, которые работают с Weddingcars, проходят обязательную проверку и подписывают договор-соглашение, содержащий условия сотрудничества, в том числе касаемо опрятного внешнего вида водителя и автомобиля, химчистки салона и пр.</p><p style="text-align: justify;">Рейтинг автомобилей и реальные отзывы посетителей на сайте помогут вам сделать действительно лучший выбор для вашего незабываемого праздника. Поэтому, если вы решили сделать Вашу свадьбу действительно яркой и незабываемой и получить исключительно положительные впечатления, воспользуйтесь услугами сервиса Weddingcars!</p>', 1);

-- --------------------------------------------------------

--
-- Структура таблицы `profile`
--

CREATE TABLE IF NOT EXISTS `profile` (
  `user_id` int(11) NOT NULL,
  `name` varchar(255) COLLATE utf8_unicode_ci DEFAULT NULL,
  `public_email` varchar(255) COLLATE utf8_unicode_ci DEFAULT NULL,
  `gravatar_email` varchar(255) COLLATE utf8_unicode_ci DEFAULT NULL,
  `gravatar_id` varchar(32) COLLATE utf8_unicode_ci DEFAULT NULL,
  `location` varchar(255) COLLATE utf8_unicode_ci DEFAULT NULL,
  `website` varchar(255) COLLATE utf8_unicode_ci DEFAULT NULL,
  `bio` text COLLATE utf8_unicode_ci
) ENGINE=InnoDB DEFAULT CHARSET=utf8 COLLATE=utf8_unicode_ci;

--
-- Дамп данных таблицы `profile`
--

INSERT INTO `profile` (`user_id`, `name`, `public_email`, `gravatar_email`, `gravatar_id`, `location`, `website`, `bio`) VALUES
(1, NULL, '', 'mxuser@ya.ru', 'b828781ffb29caeabb141d3f8fb066c6', '', '', ''),
(11, NULL, NULL, NULL, NULL, NULL, NULL, NULL),
(12, NULL, NULL, NULL, NULL, NULL, NULL, NULL),
(13, NULL, NULL, NULL, NULL, NULL, NULL, NULL),
(16, NULL, NULL, NULL, NULL, NULL, NULL, NULL),
(21, NULL, NULL, NULL, NULL, NULL, NULL, NULL),
(23, NULL, NULL, NULL, NULL, NULL, NULL, NULL),
(24, NULL, NULL, NULL, NULL, NULL, NULL, NULL),
(25, NULL, NULL, NULL, NULL, NULL, NULL, NULL),
(26, NULL, NULL, NULL, NULL, NULL, NULL, NULL),
(27, NULL, NULL, NULL, NULL, NULL, NULL, NULL),
(28, NULL, NULL, NULL, NULL, NULL, NULL, NULL),
(31, NULL, NULL, NULL, NULL, NULL, NULL, NULL),
(43, NULL, NULL, NULL, NULL, NULL, NULL, NULL),
(46, NULL, NULL, NULL, NULL, NULL, NULL, NULL),
(47, NULL, NULL, NULL, NULL, NULL, NULL, NULL),
(48, NULL, NULL, NULL, NULL, NULL, NULL, NULL);

-- --------------------------------------------------------

--
-- Структура таблицы `regions`
--

CREATE TABLE IF NOT EXISTS `regions` (
  `id` int(11) NOT NULL,
  `name` varchar(255) NOT NULL
) ENGINE=InnoDB AUTO_INCREMENT=31 DEFAULT CHARSET=utf8;

--
-- Дамп данных таблицы `regions`
--

INSERT INTO `regions` (`id`, `name`) VALUES
(4, 'г.Киев'),
(5, 'Днепровская область'),
(6, 'Донецкая область'),
(7, 'Запорожская область'),
(8, 'Полтавская область'),
(9, 'Харьковская область'),
(10, 'Киевская область'),
(11, 'Одесская область'),
(12, 'Луганская область'),
(13, 'АР Крым'),
(14, 'Сумская область'),
(15, 'Кировоградская область'),
(16, 'Черниговская область'),
(17, 'Ивано-Франковская область'),
(18, 'Волынская область'),
(19, 'Ровненская область'),
(20, 'Винницкая область'),
(21, 'Херсонская область'),
(22, 'Хмельницкая область'),
(23, 'Житомирская область'),
(24, 'Закарпатская область'),
(25, 'Черновицкая область'),
(26, 'Тернопольская область'),
(27, 'г.Севастополь'),
(28, 'Николаевская область'),
(29, 'Черкасская область'),
(30, 'Львовская область');

-- --------------------------------------------------------

--
-- Структура таблицы `settings`
--

CREATE TABLE IF NOT EXISTS `settings` (
  `admin_email` varchar(255) CHARACTER SET utf8 NOT NULL,
  `liqpay_public_key` text CHARACTER SET utf8,
  `liqpay_private_key` text CHARACTER SET utf8,
  `vk_link` text CHARACTER SET utf8,
  `fb_link` text CHARACTER SET utf8,
  `in_link` text CHARACTER SET utf8,
  `tw_link` text CHARACTER SET utf8,
  `address` text CHARACTER SET utf8,
  `phone1` text CHARACTER SET utf8,
  `phone2` text CHARACTER SET utf8,
  `email` text CHARACTER SET utf8,
  `terms` text CHARACTER SET utf8,
  `latitude` text CHARACTER SET utf8,
  `longitude` text CHARACTER SET utf8,
  `partner_percent` int(3) NOT NULL
) ENGINE=InnoDB DEFAULT CHARSET=latin1;

--
-- Дамп данных таблицы `settings`
--

INSERT INTO `settings` (`admin_email`, `liqpay_public_key`, `liqpay_private_key`, `vk_link`, `fb_link`, `in_link`, `tw_link`, `address`, `phone1`, `phone2`, `email`, `terms`, `latitude`, `longitude`, `partner_percent`) VALUES
('mxuser@ya.ru', 'i66150647644', 'kQ6jca4o0yBvOYiuZpOJ03s9oHvVCZ7HDM3gUCx0', 'https://vk.com/', 'https://facebook.com', 'https://instagram.com', 'https://twitter.com', 'г. Полтава, ул. Конева, 4/2', '+380505527784', '+380683401722', 'info@weddingcars.pl.ua', '<p>Что бы вы не замышляли, - вы делаете это на свой страх и риск , ведь это всего лишь тестовая версия сайта.</p>', '49.574484', '34.507677', 40);

-- --------------------------------------------------------

--
-- Структура таблицы `social_account`
--

CREATE TABLE IF NOT EXISTS `social_account` (
  `id` int(11) NOT NULL,
  `user_id` int(11) DEFAULT NULL,
  `provider` varchar(255) COLLATE utf8_unicode_ci NOT NULL,
  `client_id` varchar(255) COLLATE utf8_unicode_ci NOT NULL,
  `data` text COLLATE utf8_unicode_ci,
  `code` varchar(32) COLLATE utf8_unicode_ci DEFAULT NULL,
  `created_at` int(11) DEFAULT NULL,
  `email` varchar(255) COLLATE utf8_unicode_ci DEFAULT NULL,
  `username` varchar(255) COLLATE utf8_unicode_ci DEFAULT NULL
) ENGINE=InnoDB AUTO_INCREMENT=234 DEFAULT CHARSET=utf8 COLLATE=utf8_unicode_ci;

--
-- Дамп данных таблицы `social_account`
--

INSERT INTO `social_account` (`id`, `user_id`, `provider`, `client_id`, `data`, `code`, `created_at`, `email`, `username`) VALUES
(205, 21, 'google', '100389874983486745651', '{"kind":"plus#person","etag":"\\"xw0en60W6-NurXn4VBU-CMjSPEw/t2bRNJqjCQvAHwcUfln1q1AHGwY\\"","gender":"male","emails":[{"value":"aminov.v.o@gmail.com","type":"account"}],"objectType":"person","id":"100389874983486745651","displayName":"Вадим Аминов","name":{"familyName":"Аминов","givenName":"Вадим"},"url":"https://plus.google.com/100389874983486745651","image":{"url":"https://lh3.googleusercontent.com/-XdUIqdMkCWA/AAAAAAAAAAI/AAAAAAAAAAA/4252rscbv5M/photo.jpg?sz=50","isDefault":true},"isPlusUser":true,"language":"ru","circledByCount":0,"verified":false}', NULL, NULL, NULL, NULL),
(206, NULL, 'vkontakte', '39086449', '{"user_id":39086449,"email":"prosto.pots@mail.ru","uid":39086449,"first_name":"Вадим","last_name":"Аминов","sex":2,"nickname":"","screen_name":"id39086449","bdate":"24.5.1991","city":1581,"country":2,"timezone":3,"photo":"http://cs633431.vk.me/v633431449/30cf8/gKtikM8QXHA.jpg","id":39086449}', '618d6c6a625505e0c32132e7d045dfe8', NULL, 'prosto.pots@mail.ru', 'id39086449'),
(207, 1, 'facebook', '122165044894554', '{"name":"Витренко Слава","id":"122165044894554"}', '33dd731762d775fa5f9fafc5c7e4a167', NULL, NULL, NULL),
(208, NULL, 'facebook', '542759475910665', '{"name":"Вадим Аминов","email":"aminov.vadim@mail.ru","id":"542759475910665"}', 'e305fb7398596249f18b0fcdcf8be32e', NULL, 'aminov.vadim@mail.ru', NULL),
(211, NULL, 'google', '115784994304343791141', '{"kind":"plus#person","etag":"\\"xw0en60W6-NurXn4VBU-CMjSPEw/r37fzKTSlwJfPtX7R69zNXOsvc0\\"","emails":[{"value":"rootbagirof@gmail.com","type":"account"}],"objectType":"person","id":"115784994304343791141","displayName":"Вася Пупкин","name":{"familyName":"Пупкин","givenName":"Вася"},"image":{"url":"https://lh3.googleusercontent.com/-XdUIqdMkCWA/AAAAAAAAAAI/AAAAAAAAAAA/4252rscbv5M/photo.jpg?sz=50","isDefault":true},"isPlusUser":false,"language":"ru","verified":false}', '414b7d7b0fa1792a3e5186e44fad4f06', NULL, 'rootbagirof@gmail.com', NULL),
(228, 23, 'vkontakte', '9336131', '{"user_id":9336131,"email":"SeriouSAM@yandex.ru","uid":9336131,"first_name":"Сергей","last_name":"Мамонтов","sex":2,"nickname":"","screen_name":"mamontov_serega","bdate":"20.4.1987","city":1581,"country":2,"timezone":3,"photo":"http://cs623220.vk.me/v623220131/eaff/spNOb7hHUbY.jpg","id":9336131}', NULL, NULL, NULL, NULL),
(229, 28, 'vkontakte', '4325100', '{"user_id":4325100,"email":"kami1986@mail.ru","uid":4325100,"first_name":"Олег","last_name":"Гонтарь","sex":2,"nickname":"","screen_name":"animoosh","bdate":"13.5.1986","city":1581,"country":2,"timezone":3,"photo":"http://cs625526.vk.me/v625526100/47bb3/o7tWhpoxJUc.jpg","id":4325100}', NULL, NULL, NULL, NULL),
(230, 25, 'vkontakte', '7094807', '{"user_id":7094807,"email":"andreygolub@mail.ru","uid":7094807,"first_name":"Андрей","last_name":"Голуб","sex":2,"nickname":"","screen_name":"g0lubec","bdate":"22.12.1988","city":1581,"country":2,"timezone":3,"photo":"http://cs623726.vk.me/v623726807/42529/7VN_GPCBgMs.jpg","id":7094807}', NULL, NULL, 'andreygolub@mail.ru', 'g0lubec'),
(231, 1, 'vkontakte', '72258266', '{"user_id":72258266,"email":"mxuser@ya.ru","uid":72258266,"first_name":"Слава","last_name":"Витренко","sex":2,"nickname":"aka mxuser","screen_name":"mxuser","bdate":"18.11.1991","city":1581,"country":2,"timezone":3,"photo":"https://pp.vk.me/c630329/v630329266/440af/-fPdpI7miF8.jpg","id":72258266}', NULL, NULL, 'mxuser@ya.ru', 'mxuser'),
(232, 1, 'google', '117109351426877543323', '{"kind":"plus#person","etag":"\\"xw0en60W6-NurXn4VBU-CMjSPEw/rQyKnKJNFeqBj-dq3v17xzyG2XE\\"","emails":[{"value":"slavavitrenko@gmail.com","type":"account"}],"objectType":"person","id":"117109351426877543323","displayName":"Слава Витренко","name":{"familyName":"Витренко","givenName":"Слава"},"image":{"url":"https://lh3.googleusercontent.com/-XdUIqdMkCWA/AAAAAAAAAAI/AAAAAAAAAAA/4252rscbv5M/photo.jpg?sz=50","isDefault":true},"isPlusUser":false,"language":"ru","verified":false}', '541c3eaa9e75a515c69000163d924249', NULL, 'slavavitrenko@gmail.com', NULL),
(233, 1, 'yandex', '199521733', '{"login":"mxuser","id":"199521733"}', NULL, NULL, NULL, NULL);

-- --------------------------------------------------------

--
-- Структура таблицы `token`
--

CREATE TABLE IF NOT EXISTS `token` (
  `user_id` int(11) NOT NULL,
  `code` varchar(32) COLLATE utf8_unicode_ci NOT NULL,
  `created_at` int(11) NOT NULL,
  `type` smallint(6) NOT NULL
) ENGINE=InnoDB DEFAULT CHARSET=utf8 COLLATE=utf8_unicode_ci;

--
-- Дамп данных таблицы `token`
--

INSERT INTO `token` (`user_id`, `code`, `created_at`, `type`) VALUES
(11, 'Xp_WZcm0wMoXWo2ACga0KudH35spxOpU', 1470666414, 0),
(12, 'pNvETCt1HhkXtONZKnF2HhHQyBNOhhWS', 1470666494, 0),
(13, 'D-3W3o46GQzEBS8PutkP8dTJ4J0zQd1H', 1470666624, 0),
(24, 'OisvJe1P70h2ag5kLFvIoDuPcXt603X9', 1471357605, 0),
(25, 'hlF5GStuG_yRbDWgRr0sATcigkxKpDbm', 1471357754, 0),
(26, 's9B26iztSQD3SIxuRFmWTgCByN9-H681', 1471357954, 0),
(27, 'sVQEOpzNxTH143LLtX52LXywWpW6WEqk', 1471419771, 0),
(31, 'Pyq5LU1SAIimrsOwXwBO_nER6XU5MnFm', 1471932523, 0);

-- --------------------------------------------------------

--
-- Структура таблицы `user`
--

CREATE TABLE IF NOT EXISTS `user` (
  `id` int(11) NOT NULL,
  `username` varchar(255) COLLATE utf8_unicode_ci NOT NULL,
  `fio` varchar(255) COLLATE utf8_unicode_ci NOT NULL,
  `phone` varchar(13) COLLATE utf8_unicode_ci NOT NULL,
  `type` varchar(8) COLLATE utf8_unicode_ci NOT NULL DEFAULT 'client',
  `partner` int(1) DEFAULT '0',
  `score` decimal(7,2) NOT NULL DEFAULT '0.00',
  `email` varchar(255) COLLATE utf8_unicode_ci NOT NULL,
  `password_hash` varchar(60) COLLATE utf8_unicode_ci NOT NULL,
  `auth_key` varchar(32) COLLATE utf8_unicode_ci NOT NULL,
  `confirmed_at` int(11) DEFAULT NULL,
  `unconfirmed_email` varchar(255) COLLATE utf8_unicode_ci DEFAULT NULL,
  `blocked_at` int(11) DEFAULT NULL,
  `registration_ip` varchar(45) COLLATE utf8_unicode_ci DEFAULT NULL,
  `created_at` int(11) NOT NULL,
  `updated_at` int(11) NOT NULL,
  `flags` int(11) NOT NULL DEFAULT '0'
) ENGINE=InnoDB AUTO_INCREMENT=49 DEFAULT CHARSET=utf8 COLLATE=utf8_unicode_ci;

--
-- Дамп данных таблицы `user`
--

INSERT INTO `user` (`id`, `username`, `fio`, `phone`, `type`, `partner`, `score`, `email`, `password_hash`, `auth_key`, `confirmed_at`, `unconfirmed_email`, `blocked_at`, `registration_ip`, `created_at`, `updated_at`, `flags`) VALUES
(1, 'admin', 'Витренко Вячеслав Дмитриевич', '+380663564463', 'admin', 0, 0.00, 'mxuser@ya.ru', '$2y$10$OwgqdDGxvOjPdJZyV61pROkkHscVTpn3iEOTjF/tQqgkshVQigsIW', '00jW-tSUj5jceZfhyYV6ArSmlMUQnP44', 1470641008, NULL, NULL, '93.78.238.18', 1465814964, 1470730123, 0),
(11, 'driver', 'Водитель Водила Водилович', '+380000000000', 'driver', 0, 0.00, 'driver@gmail.com', '$2y$10$PnHdcpunOCSQwt7Spj7TvOFZ50W/dZ2yyEvSj0FhhYcMuzzE.Cvmy', 'Zht0Y4zSkMuVWN52-gmqz7169nFNTYhk', 1470666508, NULL, NULL, '93.78.238.18', 1470666414, 1470743558, 0),
(12, 'partner', 'Партнер Партнер Партнер', '+380000000000', 'driver', 1, 0.00, 'partner@gmail.com', '$2y$10$ZjLlsfGyXd5zFIaaB.wCyObdywMNcFLC4CaKp7HBecSTS1IGrRrnG', 'b3qwl0w_Xwvz1HcChC7ypP6BfbCjcmWz', 1470666502, NULL, NULL, '93.78.238.18', 1470666494, 1470666494, 0),
(13, 'client', 'Клиентко Клиент Батькович', '+380000000000', 'client', 0, 0.00, 'client@gmail.com', '$2y$10$qZB.S0jJifbBEYzAFnWQA.QJ4LO9U1A4rXzuhE.HDbzVQrtPAKjTu', 'oL4fwDHAduWldnyDWTcK1R7LGCYt4C2y', NULL, NULL, NULL, '93.78.238.18', 1470666624, 1470666624, 0),
(16, 'neros3', 'Левченко Владимир Игоревич', '+380095250555', 'client', 0, 0.00, 'neros3@yandex.ru', '$2y$10$Hthibqltnw8039n4lUcVPujG.wwjauHbSHONgc.Mf8M745yK08ZXO', 'zUazEQtQG3GLCGgBaO9YRkdJfgesXI1S', 1470668309, NULL, NULL, '93.78.206.14', 1470668272, 1470668272, 0),
(21, 'aminov.v.o', 'Аминов Вадим Александрович', '+380665791742', 'client', 0, 0.00, 'aminov.v.o@gmail.com', '$2y$10$l7ybQqAAk2egLtWirLLoOOhp1lXv7W.EHcD7ULlMfXZjrKzZq/WVC', '7STDCb49MvR5BzIYJmXCA92ea05-Is5O', 1470725608, NULL, NULL, '93.78.238.18', 1470725609, 1470725609, 0),
(23, 'mamontov_serega', 'Петренко Петр Иванович', '+380555555555', 'driver', 0, 0.00, 'SeriouSAM@yandex.ru', '$2y$10$VGbmX3kWB7a3jzrD902Bmu8E9ii97gpCSMwMbwniBB985luagJVZO', 'kLea3XUux9NB0thhvXP05gG2Et49PeoZ', 1471357594, NULL, NULL, '93.78.239.127', 1471357594, 1471357594, 0),
(24, 'gontaroleg', 'Гонтарь Олег Валерьевич', '+380508706768', 'driver', 0, 0.00, 'gontaroleg@gmail.com', '$2y$10$kWAw3Hkv8b.GI1NDLYGj1OENTamsoEWdjTKGWrX1G70YJzLaKM8oO', 'GQj9Mz-dV4aCqB-tPDkfZznoGVFo3VNw', NULL, NULL, NULL, '93.78.239.127', 1471357605, 1471357605, 0),
(25, 'andreygolub', 'Голуб Андрей Викторович', '+380989268472', 'driver', 0, 0.00, 'andreygolub@mail.ru', '$2y$10$g65iqTqKQkimGouGuz2oCu2UcY0urA0Bb/WHv8aysEiSz2VVtqJWK', 'H1UUf1r2ut185RADjfGa2uW9GobkPODi', NULL, NULL, NULL, '93.78.239.127', 1471357754, 1471357754, 0),
(26, 'neiron', 'Грищенко Гриша Грыневич', '+380545555555', 'client', 0, 0.00, 'neiron@uub.com.ua', '$2y$10$jEjpmL7kPr2Xz..ZYcXRP.jjHg6fSq/qOiE/xrrcu6NbW.GRg4hCm', 'kAS1A7pJ8RG0kK7TDFJCjA4wkmpujpUc', NULL, NULL, NULL, '93.78.239.127', 1471357954, 1471357954, 0),
(27, 'lulu55ulul', 'Эвиленко Луи Твинович', '+380960274245', 'client', 0, 0.00, 'lulu55ulul@gmail.com', '$2y$10$p8yQ8EXZDppWdZfgeOLM2u4innRylQt8bInon6AA7e3reD7hy2Cs2', 'acOFdRWxJv2xbmEUUHKD50yGkc4Z1FCp', NULL, NULL, NULL, '93.78.239.127', 1471419771, 1471419771, 0),
(28, 'animoosh', 'Гонтар Олег Валерьевич', '+380508706768', 'client', 0, 0.00, 'kami1986@mail.ru', '$2y$10$1TbsZVO4FxzNQKnsM9NugO3.PbslMjn906arJJdcvgRxbyW.NgMgK', 'qWpuIktW4k5UAPXq4Nznr5exsZP1HmS9', 1471422623, NULL, NULL, '93.78.239.127', 1471422623, 1471422623, 0),
(31, 'mxuser1', 'Витренко Вячеслав Дмитриевич', '+380663564463', 'manager', 0, 0.00, 'mxuser1@ya.ru', '$2y$10$aoqfWO98/cfGLnqPBw1MM.u3P83ot2LKqKok7akffrnhUkBbUUHNG', 'VVXYTedxbEnZYNsKUwoF8ljvR5NKJW7-', NULL, NULL, NULL, '93.78.238.18', 1471932523, 1471932523, 0),
(43, 'roman', 'Роман Свадебные Авто', '+380555555555', 'driver', 1, 0.00, 'roman@weddingcars.pl.ua', '$2y$10$RNZiZwbpqcp1DPiG23wLDOvX50DqkUNlGJ8Vf0m1WJ52ZMQILrRbm', '4HCdyaSiMQcSdNGbewC4vRPy6Q8g1D8u', 1473084536, NULL, NULL, '93.78.238.18', 0, 0, 0),
(46, 'vasya', 'Василий Васильевич Васильев', '+380999999999', 'driver', 0, 0.00, 'vasya@vasya.com', '$2y$10$oyqt5YcSoYEfTW/gs62qr.UN6/gbyckOtXKT8DQ6tdEMjNsqQqvTm', 'EuTqqWMAJVzVcshVIhZz6udoXOfyr1q2', 1473143609, NULL, NULL, '93.78.238.18', 0, 0, 0),
(47, 'petr', 'Петр Петрович Петровский', '+380888888888', 'driver', 0, 0.00, 'petr@petr.com', '$2y$10$tu6Vf5ASb6c4VHpJ6.dBke0TRI6kTtk4X6/sdZW6KkKg/aHU6mgA2', 'bY3-I3rG7DnWj0bbiV8c0SVsj0g5RY1K', 1473149747, NULL, NULL, '93.78.238.18', 0, 0, 0),
(48, 'neiron1', 'Павав Акекек ВЫАЫА', '+380656565656', 'driver', 0, 0.00, 'neiron1@uub.com.ua', '$2y$10$bPLL0OVaV/DpRNVVbErKw.GePhx3xIWya9NXuVrgzbpBjeGcZ3Rzm', 'AP9BLzA0Zqz5bK9ZtSefBhwTG4B-aiCN', 1473338628, NULL, NULL, '93.78.65.207', 0, 0, 0);

--
-- Индексы сохранённых таблиц
--

--
-- Индексы таблицы `access_log`
--
ALTER TABLE `access_log`
  ADD PRIMARY KEY (`id`),
  ADD KEY `item_id` (`item_id`),
  ADD KEY `user_id` (`user_id`),
  ADD KEY `action` (`action`);

--
-- Индексы таблицы `auth_assignment`
--
ALTER TABLE `auth_assignment`
  ADD PRIMARY KEY (`item_name`,`user_id`),
  ADD KEY `item_name` (`item_name`),
  ADD KEY `user_id` (`user_id`);

--
-- Индексы таблицы `auth_item`
--
ALTER TABLE `auth_item`
  ADD PRIMARY KEY (`name`),
  ADD KEY `rule_name` (`rule_name`),
  ADD KEY `idx-auth_item-type` (`type`);

--
-- Индексы таблицы `auth_item_child`
--
ALTER TABLE `auth_item_child`
  ADD PRIMARY KEY (`parent`,`child`),
  ADD KEY `child` (`child`);

--
-- Индексы таблицы `auth_rule`
--
ALTER TABLE `auth_rule`
  ADD PRIMARY KEY (`name`);

--
-- Индексы таблицы `auto`
--
ALTER TABLE `auto`
  ADD PRIMARY KEY (`id`),
  ADD KEY `user_id` (`user_id`),
  ADD KEY `brand` (`brand`(191)),
  ADD KEY `model` (`model`(191)),
  ADD KEY `category_id` (`category_id`),
  ADD KEY `few_hours_cost` (`few_hours_cost`),
  ADD KEY `hour_cost` (`hour_cost`),
  ADD KEY `outside_cost` (`outside_cost`),
  ADD KEY `popularity` (`popularity`),
  ADD KEY `car_number` (`car_number`);

--
-- Индексы таблицы `brands`
--
ALTER TABLE `brands`
  ADD PRIMARY KEY (`id`);

--
-- Индексы таблицы `categories`
--
ALTER TABLE `categories`
  ADD PRIMARY KEY (`id`);

--
-- Индексы таблицы `comments`
--
ALTER TABLE `comments`
  ADD PRIMARY KEY (`id`),
  ADD KEY `auto_id` (`auto_id`);

--
-- Индексы таблицы `images`
--
ALTER TABLE `images`
  ADD PRIMARY KEY (`id`);

--
-- Индексы таблицы `migration`
--
ALTER TABLE `migration`
  ADD PRIMARY KEY (`version`);

--
-- Индексы таблицы `models`
--
ALTER TABLE `models`
  ADD PRIMARY KEY (`id`),
  ADD KEY `brand_id` (`brand_id`);

--
-- Индексы таблицы `notifications`
--
ALTER TABLE `notifications`
  ADD PRIMARY KEY (`id`);

--
-- Индексы таблицы `orders`
--
ALTER TABLE `orders`
  ADD PRIMARY KEY (`id`),
  ADD KEY `user_id` (`user_id`),
  ADD KEY `car_id` (`car_id`),
  ADD KEY `created_at` (`created_at`),
  ADD KEY `accept` (`confirmed`);

--
-- Индексы таблицы `pages`
--
ALTER TABLE `pages`
  ADD PRIMARY KEY (`id`);

--
-- Индексы таблицы `profile`
--
ALTER TABLE `profile`
  ADD PRIMARY KEY (`user_id`);

--
-- Индексы таблицы `regions`
--
ALTER TABLE `regions`
  ADD PRIMARY KEY (`id`);

--
-- Индексы таблицы `settings`
--
ALTER TABLE `settings`
  ADD PRIMARY KEY (`admin_email`);

--
-- Индексы таблицы `social_account`
--
ALTER TABLE `social_account`
  ADD PRIMARY KEY (`id`),
  ADD UNIQUE KEY `account_unique` (`provider`,`client_id`),
  ADD UNIQUE KEY `account_unique_code` (`code`),
  ADD KEY `fk_user_account` (`user_id`);

--
-- Индексы таблицы `token`
--
ALTER TABLE `token`
  ADD UNIQUE KEY `token_unique` (`user_id`,`code`,`type`);

--
-- Индексы таблицы `user`
--
ALTER TABLE `user`
  ADD PRIMARY KEY (`id`),
  ADD UNIQUE KEY `user_unique_email` (`email`),
  ADD UNIQUE KEY `user_unique_username` (`username`),
  ADD KEY `fio` (`fio`),
  ADD KEY `phone` (`phone`),
  ADD KEY `type` (`type`);

--
-- AUTO_INCREMENT для сохранённых таблиц
--

--
-- AUTO_INCREMENT для таблицы `access_log`
--
ALTER TABLE `access_log`
  MODIFY `id` int(11) NOT NULL AUTO_INCREMENT,AUTO_INCREMENT=159;
--
-- AUTO_INCREMENT для таблицы `auto`
--
ALTER TABLE `auto`
  MODIFY `id` int(11) NOT NULL AUTO_INCREMENT,AUTO_INCREMENT=18;
--
-- AUTO_INCREMENT для таблицы `brands`
--
ALTER TABLE `brands`
  MODIFY `id` int(11) NOT NULL AUTO_INCREMENT,AUTO_INCREMENT=61;
--
-- AUTO_INCREMENT для таблицы `categories`
--
ALTER TABLE `categories`
  MODIFY `id` int(11) NOT NULL AUTO_INCREMENT,AUTO_INCREMENT=46;
--
-- AUTO_INCREMENT для таблицы `comments`
--
ALTER TABLE `comments`
  MODIFY `id` int(11) NOT NULL AUTO_INCREMENT,AUTO_INCREMENT=25;
--
-- AUTO_INCREMENT для таблицы `images`
--
ALTER TABLE `images`
  MODIFY `id` int(11) NOT NULL AUTO_INCREMENT,AUTO_INCREMENT=172;
--
-- AUTO_INCREMENT для таблицы `models`
--
ALTER TABLE `models`
  MODIFY `id` int(11) NOT NULL AUTO_INCREMENT,AUTO_INCREMENT=487;
--
-- AUTO_INCREMENT для таблицы `notifications`
--
ALTER TABLE `notifications`
  MODIFY `id` int(11) NOT NULL AUTO_INCREMENT;
--
-- AUTO_INCREMENT для таблицы `orders`
--
ALTER TABLE `orders`
  MODIFY `id` int(11) NOT NULL AUTO_INCREMENT,AUTO_INCREMENT=24;
--
-- AUTO_INCREMENT для таблицы `pages`
--
ALTER TABLE `pages`
  MODIFY `id` int(11) NOT NULL AUTO_INCREMENT,AUTO_INCREMENT=12;
--
-- AUTO_INCREMENT для таблицы `regions`
--
ALTER TABLE `regions`
  MODIFY `id` int(11) NOT NULL AUTO_INCREMENT,AUTO_INCREMENT=31;
--
-- AUTO_INCREMENT для таблицы `social_account`
--
ALTER TABLE `social_account`
  MODIFY `id` int(11) NOT NULL AUTO_INCREMENT,AUTO_INCREMENT=234;
--
-- AUTO_INCREMENT для таблицы `user`
--
ALTER TABLE `user`
  MODIFY `id` int(11) NOT NULL AUTO_INCREMENT,AUTO_INCREMENT=49;
--
-- Ограничения внешнего ключа сохраненных таблиц
--

--
-- Ограничения внешнего ключа таблицы `auth_item`
--
ALTER TABLE `auth_item`
  ADD CONSTRAINT `auth_item_ibfk_1` FOREIGN KEY (`rule_name`) REFERENCES `auth_rule` (`name`) ON DELETE SET NULL ON UPDATE CASCADE;

--
-- Ограничения внешнего ключа таблицы `auto`
--
ALTER TABLE `auto`
  ADD CONSTRAINT `auto_ibfk_1` FOREIGN KEY (`user_id`) REFERENCES `user` (`id`) ON DELETE CASCADE ON UPDATE CASCADE;

--
-- Ограничения внешнего ключа таблицы `profile`
--
ALTER TABLE `profile`
  ADD CONSTRAINT `fk_user_profile` FOREIGN KEY (`user_id`) REFERENCES `user` (`id`) ON DELETE CASCADE ON UPDATE CASCADE;

--
-- Ограничения внешнего ключа таблицы `social_account`
--
ALTER TABLE `social_account`
  ADD CONSTRAINT `fk_user_account` FOREIGN KEY (`user_id`) REFERENCES `user` (`id`) ON DELETE CASCADE ON UPDATE CASCADE;

--
-- Ограничения внешнего ключа таблицы `token`
--
ALTER TABLE `token`
  ADD CONSTRAINT `fk_user_token` FOREIGN KEY (`user_id`) REFERENCES `user` (`id`) ON DELETE CASCADE;

/*!40101 SET CHARACTER_SET_CLIENT=@OLD_CHARACTER_SET_CLIENT */;
/*!40101 SET CHARACTER_SET_RESULTS=@OLD_CHARACTER_SET_RESULTS */;
/*!40101 SET COLLATION_CONNECTION=@OLD_COLLATION_CONNECTION */;
