-- phpMyAdmin SQL Dump
-- version 4.4.15.7
-- http://www.phpmyadmin.net
--
-- Хост: localhost
-- Время создания: Дек 16 2016 г., 11:04
-- Версия сервера: 5.5.44-MariaDB
-- Версия PHP: 5.4.16

SET SQL_MODE = "NO_AUTO_VALUE_ON_ZERO";
SET time_zone = "+00:00";


/*!40101 SET @OLD_CHARACTER_SET_CLIENT=@@CHARACTER_SET_CLIENT */;
/*!40101 SET @OLD_CHARACTER_SET_RESULTS=@@CHARACTER_SET_RESULTS */;
/*!40101 SET @OLD_COLLATION_CONNECTION=@@COLLATION_CONNECTION */;
/*!40101 SET NAMES utf8mb4 */;

--
-- База данных: `c1weddingcars`
--

-- --------------------------------------------------------

--
-- Структура таблицы `access_log`
--

CREATE TABLE IF NOT EXISTS `access_log` (
  `id` int(11) NOT NULL,
  `action` varchar(25) NOT NULL,
  `user_id` int(11) NOT NULL,
  `item_id` int(11) NOT NULL,
  `changed` text,
  `attributes` text,
  `model_class` varchar(255) NOT NULL,
  `created_at` int(13) NOT NULL
) ENGINE=InnoDB AUTO_INCREMENT=241 DEFAULT CHARSET=utf8;

--
-- Дамп данных таблицы `access_log`
--

INSERT INTO `access_log` (`id`, `action`, `user_id`, `item_id`, `changed`, `attributes`, `model_class`, `created_at`) VALUES
(1, 'create', 1, 12, NULL, NULL, 'app\\models\\Pages', 1473680885),
(2, 'update', 1, 11, '[{"text":"<p style=\\"text-align: center;\\"><strong>Weddingcars<\\/strong> - \\u044d\\u0442\\u043e \\u043f\\u0435\\u0440\\u0432\\u044b\\u0439 \\u0432 \\u041f\\u043e\\u043b\\u0442\\u0430\\u0432\\u0435 \\u0438 \\u0423\\u043a\\u0440\\u0430\\u0438\\u043d\\u0435 \\u043e\\u0442\\u043a\\u0440\\u044b\\u0442\\u044b\\u0439 \\u0441\\u0435\\u0440\\u0432\\u0438\\u0441 \\u043f\\u043e\\u0438\\u0441\\u043a\\u0430 \\u0441\\u0432\\u0430\\u0434\\u0435\\u0431\\u043d\\u044b\\u0445 \\u0430\\u0432\\u0442\\u043e\\u043c\\u043e\\u0431\\u0438\\u043b\\u0435\\u0439. \\u041c\\u044b \\u0432\\u044b\\u0441\\u0442\\u0443\\u043f\\u0430\\u0435\\u043c \\u0432 \\u043a\\u0430\\u0447\\u0435\\u0441\\u0442\\u0432\\u0435 \\u043f\\u043e\\u0441\\u0440\\u0435\\u0434\\u043d\\u0438\\u043a\\u0430 \\u043c\\u0435\\u0436\\u0434\\u0443 \\u0432\\u043e\\u0434\\u0438\\u0442\\u0435\\u043b\\u044f\\u043c\\u0438 \\u0438 \\u043a\\u043b\\u0438\\u0435\\u043d\\u0442\\u0430\\u043c\\u0438. \\u0412\\u043e\\u0434\\u0438\\u0442\\u0435\\u043b\\u0438, \\u0436\\u0435\\u043b\\u0430\\u044e\\u0449\\u0438\\u0435 \\u043f\\u0440\\u0435\\u0434\\u043e\\u0441\\u0442\\u0430\\u0432\\u043b\\u044f\\u0442\\u044c \\u0443\\u0441\\u043b\\u0443\\u0433\\u0438 \\u0441\\u0432\\u0430\\u0434\\u0435\\u0431\\u043d\\u043e\\u0439 \\u043f\\u0435\\u0440\\u0435\\u0432\\u043e\\u0437\\u043a\\u0438, \\u043f\\u0440\\u043e\\u0445\\u043e\\u0434\\u044f\\u0442 \\u043f\\u0440\\u043e\\u0432\\u0435\\u0440\\u043a\\u0443 \\u0438 \\u0440\\u0435\\u0433\\u0438\\u0441\\u0442\\u0440\\u0438\\u0440\\u0443\\u044e\\u0442\\u0441\\u044f \\u043d\\u0430 \\u043d\\u0430\\u0448\\u0435\\u0439 \\u043e\\u043d\\u043b\\u0430\\u0439\\u043d-\\u043f\\u043b\\u043e\\u0449\\u0430\\u0434\\u043a\\u0435. <\\/p><p style=\\"text-align: justify;\\">\\u041a\\u043b\\u0438\\u0435\\u043d\\u0442\\u044b, \\u0432 \\u0441\\u0432\\u043e\\u044e \\u043e\\u0447\\u0435\\u0440\\u0435\\u0434\\u044c, \\u0438\\u043c\\u0435\\u044e\\u0442 \\u0432\\u043e\\u0437\\u043c\\u043e\\u0436\\u043d\\u043e\\u0441\\u0442\\u044c \\u0441\\u0430\\u043c\\u043e\\u0441\\u0442\\u043e\\u044f\\u0442\\u0435\\u043b\\u044c\\u043d\\u043e \\u0432\\u044b\\u0431\\u0440\\u0430\\u0442\\u044c \\u0441\\u0432\\u0430\\u0434\\u0435\\u0431\\u043d\\u044b\\u0439 \\u0430\\u0432\\u0442\\u043e\\u043c\\u043e\\u0431\\u0438\\u043b\\u044c \\u043d\\u0430 \\u043b\\u044e\\u0431\\u043e\\u0439 \\u0432\\u043a\\u0443\\u0441 \\u0438 \\u0446\\u0432\\u0435\\u0442 \\u0438\\u0437 \\u043e\\u0431\\u0448\\u0438\\u0440\\u043d\\u043e\\u0433\\u043e \\u043f\\u0435\\u0440\\u0435\\u0447\\u043d\\u044f \\u043f\\u0440\\u0435\\u0434\\u0441\\u0442\\u0430\\u0432\\u043b\\u0435\\u043d\\u043d\\u044b\\u0445 \\u0432\\u0430\\u0440\\u0438\\u0430\\u043d\\u0442\\u043e\\u0432.<\\/p><p style=\\"text-align: justify;\\">\\u041e\\u0434\\u043d\\u0438\\u043c \\u0438\\u0437 \\u043d\\u0430\\u0448\\u0438\\u0445 \\u043f\\u0440\\u0435\\u0438\\u043c\\u0443\\u0449\\u0435\\u0441\\u0442\\u0432 \\u044f\\u0432\\u043b\\u044f\\u0435\\u0442\\u0441\\u044f \\u0432\\u043e\\u0437\\u043c\\u043e\\u0436\\u043d\\u043e\\u0441\\u0442\\u044c \\u0432\\u044b\\u0431\\u043e\\u0440\\u0430 \\u0441\\u0440\\u0435\\u0434\\u0438 \\u0431\\u043e\\u043b\\u044c\\u0448\\u043e\\u0433\\u043e \\u043a\\u043e\\u043b\\u0438\\u0447\\u0435\\u0441\\u0442\\u0432\\u0430 \\u043f\\u0440\\u0435\\u0434\\u043b\\u043e\\u0436\\u0435\\u043d\\u0438\\u0439. \\u0412\\u0430\\u0448\\u0435\\u043c\\u0443 \\u0432\\u043d\\u0438\\u043c\\u0430\\u043d\\u0438\\u044e \\u043f\\u0440\\u0435\\u0434\\u043b\\u0430\\u0433\\u0430\\u044e\\u0442\\u0441\\u044f \\u0440\\u0430\\u0437\\u043b\\u0438\\u0447\\u043d\\u044b\\u0435 \\u0432\\u0430\\u0440\\u0438\\u0430\\u043d\\u0442\\u044b \\u043a\\u043e\\u043c\\u043f\\u043b\\u0435\\u043a\\u0442\\u0430\\u0446\\u0438\\u0438 \\u0441\\u0432\\u0430\\u0434\\u0435\\u0431\\u043d\\u043e\\u0433\\u043e \\u043a\\u043e\\u0440\\u0442\\u0435\\u0436\\u0430 - \\u043b\\u0435\\u0433\\u043a\\u043e\\u0432\\u044b\\u0435 \\u0430\\u0432\\u0442\\u043e \\u0438 \\u0432\\u043d\\u0435\\u0434\\u043e\\u0440\\u043e\\u0436\\u043d\\u0438\\u043a\\u0438, \\u0440\\u0435\\u0442\\u0440\\u043e-\\u0430\\u0432\\u0442\\u043e\\u043c\\u043e\\u0431\\u0438\\u043b\\u0438, \\u043a\\u0430\\u0431\\u0440\\u0438\\u043e\\u043b\\u0435\\u0442\\u044b, \\u043b\\u0438\\u043c\\u0443\\u0437\\u0438\\u043d\\u044b \\u0438 \\u043f\\u0440. \\u041d\\u0430 \\u0441\\u0435\\u0440\\u0432\\u0438\\u0441\\u0435 Weddingcars \\u043f\\u0440\\u0435\\u0434\\u0441\\u0442\\u0430\\u0432\\u043b\\u0435\\u043d\\u044b \\u0430\\u0432\\u0442\\u043e \\u043b\\u044e\\u0431\\u043e\\u0439 \\u0446\\u0435\\u043d\\u043e\\u0432\\u043e\\u0439 \\u043a\\u0430\\u0442\\u0435\\u0433\\u043e\\u0440\\u0438\\u0438 \\u2013 \\u043e\\u0442 \\u043c\\u043e\\u0434\\u0435\\u043b\\u0435\\u0439 \\u044d\\u043a\\u043e\\u043d\\u043e\\u043c-\\u043a\\u043b\\u0430\\u0441\\u0441\\u0430 \\u0434\\u043e \\u0430\\u0432\\u0442\\u043e\\u043c\\u0430\\u0448\\u0438\\u043d \\u043a\\u043b\\u0430\\u0441\\u0441\\u0430 \\u043b\\u044e\\u043a\\u0441. \\u0422\\u0430\\u043a\\u0436\\u0435 \\u043c\\u043e\\u0436\\u043d\\u043e \\u043d\\u0430\\u0439\\u0442\\u0438 \\u0438 \\u0437\\u0430\\u043a\\u0430\\u0437\\u0430\\u0442\\u044c \\u043a\\u043e\\u043c\\u0444\\u043e\\u0440\\u0442\\u0430\\u0431\\u0435\\u043b\\u044c\\u043d\\u044b\\u0435 \\u0430\\u0432\\u0442\\u043e\\u0431\\u0443\\u0441\\u044b \\u0438 \\u043c\\u0438\\u043a\\u0440\\u043e\\u0430\\u0432\\u0442\\u043e\\u0431\\u0443\\u0441\\u044b, \\u0447\\u0442\\u043e\\u0431\\u044b \\u043f\\u0440\\u0438\\u0432\\u0435\\u0437\\u0442\\u0438 \\u043d\\u0430 \\u043f\\u0440\\u0430\\u0437\\u0434\\u043d\\u0438\\u043a \\u0432\\u0441\\u0435\\u0445 \\u0432\\u0430\\u0448\\u0438\\u0445 \\u0433\\u043e\\u0441\\u0442\\u0435\\u0439.<\\/p><p style=\\"text-align: justify;\\">\\u0410\\u0432\\u0442\\u043e, \\u043f\\u0440\\u0435\\u0434\\u0441\\u0442\\u0430\\u0432\\u043b\\u0435\\u043d\\u043d\\u044b\\u0435 \\u0432 \\u043d\\u0430\\u0448\\u0435\\u043c \\u043a\\u0430\\u0442\\u0430\\u043b\\u043e\\u0433\\u0435, \\u043e\\u0431\\u043b\\u0430\\u0434\\u0430\\u044e\\u0442 \\u0431\\u0435\\u0437\\u0443\\u043f\\u0440\\u0435\\u0447\\u043d\\u044b\\u043c \\u0432\\u043d\\u0435\\u0448\\u043d\\u0438\\u043c \\u0432\\u0438\\u0434\\u043e\\u043c \\u0438 \\u043e\\u0442\\u043b\\u0438\\u0447\\u043d\\u044b\\u043c \\u0442\\u0435\\u0445\\u043d\\u0438\\u0447\\u0435\\u0441\\u043a\\u0438\\u043c \\u0441\\u043e\\u0441\\u0442\\u043e\\u044f\\u043d\\u0438\\u0435\\u043c. \\u0412\\u043e\\u0434\\u0438\\u0442\\u0435\\u043b\\u0438, \\u043a\\u043e\\u0442\\u043e\\u0440\\u044b\\u0435 \\u0440\\u0430\\u0431\\u043e\\u0442\\u0430\\u044e\\u0442 \\u0441 Weddingcars, \\u043f\\u0440\\u043e\\u0445\\u043e\\u0434\\u044f\\u0442 \\u043e\\u0431\\u044f\\u0437\\u0430\\u0442\\u0435\\u043b\\u044c\\u043d\\u0443\\u044e \\u043f\\u0440\\u043e\\u0432\\u0435\\u0440\\u043a\\u0443 \\u0438 \\u043f\\u043e\\u0434\\u043f\\u0438\\u0441\\u044b\\u0432\\u0430\\u044e\\u0442 \\u0434\\u043e\\u0433\\u043e\\u0432\\u043e\\u0440-\\u0441\\u043e\\u0433\\u043b\\u0430\\u0448\\u0435\\u043d\\u0438\\u0435, \\u0441\\u043e\\u0434\\u0435\\u0440\\u0436\\u0430\\u0449\\u0438\\u0439 \\u0443\\u0441\\u043b\\u043e\\u0432\\u0438\\u044f \\u0441\\u043e\\u0442\\u0440\\u0443\\u0434\\u043d\\u0438\\u0447\\u0435\\u0441\\u0442\\u0432\\u0430, \\u0432 \\u0442\\u043e\\u043c \\u0447\\u0438\\u0441\\u043b\\u0435 \\u043a\\u0430\\u0441\\u0430\\u0435\\u043c\\u043e \\u043e\\u043f\\u0440\\u044f\\u0442\\u043d\\u043e\\u0433\\u043e \\u0432\\u043d\\u0435\\u0448\\u043d\\u0435\\u0433\\u043e \\u0432\\u0438\\u0434\\u0430 \\u0432\\u043e\\u0434\\u0438\\u0442\\u0435\\u043b\\u044f \\u0438 \\u0430\\u0432\\u0442\\u043e\\u043c\\u043e\\u0431\\u0438\\u043b\\u044f, \\u0445\\u0438\\u043c\\u0447\\u0438\\u0441\\u0442\\u043a\\u0438 \\u0441\\u0430\\u043b\\u043e\\u043d\\u0430 \\u0438 \\u043f\\u0440.<\\/p><p style=\\"text-align: justify;\\">\\u0420\\u0435\\u0439\\u0442\\u0438\\u043d\\u0433 \\u0430\\u0432\\u0442\\u043e\\u043c\\u043e\\u0431\\u0438\\u043b\\u0435\\u0439 \\u0438 \\u0440\\u0435\\u0430\\u043b\\u044c\\u043d\\u044b\\u0435 \\u043e\\u0442\\u0437\\u044b\\u0432\\u044b \\u043f\\u043e\\u0441\\u0435\\u0442\\u0438\\u0442\\u0435\\u043b\\u0435\\u0439 \\u043d\\u0430 \\u0441\\u0430\\u0439\\u0442\\u0435 \\u043f\\u043e\\u043c\\u043e\\u0433\\u0443\\u0442 \\u0432\\u0430\\u043c \\u0441\\u0434\\u0435\\u043b\\u0430\\u0442\\u044c \\u0434\\u0435\\u0439\\u0441\\u0442\\u0432\\u0438\\u0442\\u0435\\u043b\\u044c\\u043d\\u043e \\u043b\\u0443\\u0447\\u0448\\u0438\\u0439 \\u0432\\u044b\\u0431\\u043e\\u0440 \\u0434\\u043b\\u044f \\u0432\\u0430\\u0448\\u0435\\u0433\\u043e \\u043d\\u0435\\u0437\\u0430\\u0431\\u044b\\u0432\\u0430\\u0435\\u043c\\u043e\\u0433\\u043e \\u043f\\u0440\\u0430\\u0437\\u0434\\u043d\\u0438\\u043a\\u0430. \\u041f\\u043e\\u044d\\u0442\\u043e\\u043c\\u0443, \\u0435\\u0441\\u043b\\u0438 \\u0432\\u044b \\u0440\\u0435\\u0448\\u0438\\u043b\\u0438 \\u0441\\u0434\\u0435\\u043b\\u0430\\u0442\\u044c \\u0412\\u0430\\u0448\\u0443 \\u0441\\u0432\\u0430\\u0434\\u044c\\u0431\\u0443 \\u0434\\u0435\\u0439\\u0441\\u0442\\u0432\\u0438\\u0442\\u0435\\u043b\\u044c\\u043d\\u043e \\u044f\\u0440\\u043a\\u043e\\u0439 \\u0438 \\u043d\\u0435\\u0437\\u0430\\u0431\\u044b\\u0432\\u0430\\u0435\\u043c\\u043e\\u0439 \\u0438 \\u043f\\u043e\\u043b\\u0443\\u0447\\u0438\\u0442\\u044c \\u0438\\u0441\\u043a\\u043b\\u044e\\u0447\\u0438\\u0442\\u0435\\u043b\\u044c\\u043d\\u043e \\u043f\\u043e\\u043b\\u043e\\u0436\\u0438\\u0442\\u0435\\u043b\\u044c\\u043d\\u044b\\u0435 \\u0432\\u043f\\u0435\\u0447\\u0430\\u0442\\u043b\\u0435\\u043d\\u0438\\u044f, \\u0432\\u043e\\u0441\\u043f\\u043e\\u043b\\u044c\\u0437\\u0443\\u0439\\u0442\\u0435\\u0441\\u044c \\u0443\\u0441\\u043b\\u0443\\u0433\\u0430\\u043c\\u0438 \\u0441\\u0435\\u0440\\u0432\\u0438\\u0441\\u0430 Weddingcars!<\\/p>"}]', '[{"text":"<p><strong>Weddingcars - \\u044d\\u0442\\u043e \\u043f\\u0435\\u0440\\u0432\\u044b\\u0439 \\u0432 \\u041f\\u043e\\u043b\\u0442\\u0430\\u0432\\u0435 \\u0438 \\u0423\\u043a\\u0440\\u0430\\u0438\\u043d\\u0435 \\u043e\\u0442\\u043a\\u0440\\u044b\\u0442\\u044b\\u0439 \\u0441\\u0435\\u0440\\u0432\\u0438\\u0441 \\u043f\\u043e\\u0438\\u0441\\u043a\\u0430 \\u0441\\u0432\\u0430\\u0434\\u0435\\u0431\\u043d\\u044b\\u0445 \\u0430\\u0432\\u0442\\u043e\\u043c\\u043e\\u0431\\u0438\\u043b\\u0435\\u0439. \\u041c\\u044b \\u0432\\u044b\\u0441\\u0442\\u0443\\u043f\\u0430\\u0435\\u043c \\u0432 \\u043a\\u0430\\u0447\\u0435\\u0441\\u0442\\u0432\\u0435 \\u043f\\u043e\\u0441\\u0440\\u0435\\u0434\\u043d\\u0438\\u043a\\u0430 \\u043c\\u0435\\u0436\\u0434\\u0443 \\u0432\\u043e\\u0434\\u0438\\u0442\\u0435\\u043b\\u044f\\u043c\\u0438 \\u0438 \\u043a\\u043b\\u0438\\u0435\\u043d\\u0442\\u0430\\u043c\\u0438. \\u0412\\u043e\\u0434\\u0438\\u0442\\u0435\\u043b\\u0438, \\u0436\\u0435\\u043b\\u0430\\u044e\\u0449\\u0438\\u0435 \\u043f\\u0440\\u0435\\u0434\\u043e\\u0441\\u0442\\u0430\\u0432\\u043b\\u044f\\u0442\\u044c \\u0443\\u0441\\u043b\\u0443\\u0433\\u0438 \\u0441\\u0432\\u0430\\u0434\\u0435\\u0431\\u043d\\u043e\\u0439 \\u043f\\u0435\\u0440\\u0435\\u0432\\u043e\\u0437\\u043a\\u0438, \\u043f\\u0440\\u043e\\u0445\\u043e\\u0434\\u044f\\u0442 \\u043f\\u0440\\u043e\\u0432\\u0435\\u0440\\u043a\\u0443 \\u0438 \\u0440\\u0435\\u0433\\u0438\\u0441\\u0442\\u0440\\u0438\\u0440\\u0443\\u044e\\u0442\\u0441\\u044f \\u043d\\u0430 \\u043d\\u0430\\u0448\\u0435\\u0439 \\u043e\\u043d\\u043b\\u0430\\u0439\\u043d-\\u043f\\u043b\\u043e\\u0449\\u0430\\u0434\\u043a\\u0435.<\\/strong><\\/p><p>\\u041a\\u043b\\u0438\\u0435\\u043d\\u0442\\u044b, \\u0432 \\u0441\\u0432\\u043e\\u044e \\u043e\\u0447\\u0435\\u0440\\u0435\\u0434\\u044c, \\u0438\\u043c\\u0435\\u044e\\u0442 \\u0432\\u043e\\u0437\\u043c\\u043e\\u0436\\u043d\\u043e\\u0441\\u0442\\u044c \\u0441\\u0430\\u043c\\u043e\\u0441\\u0442\\u043e\\u044f\\u0442\\u0435\\u043b\\u044c\\u043d\\u043e \\u0432\\u044b\\u0431\\u0440\\u0430\\u0442\\u044c \\u0441\\u0432\\u0430\\u0434\\u0435\\u0431\\u043d\\u044b\\u0439 \\u0430\\u0432\\u0442\\u043e\\u043c\\u043e\\u0431\\u0438\\u043b\\u044c \\u043d\\u0430 \\u043b\\u044e\\u0431\\u043e\\u0439 \\u0432\\u043a\\u0443\\u0441 \\u0438 \\u0446\\u0432\\u0435\\u0442 \\u0438\\u0437 \\u043e\\u0431\\u0448\\u0438\\u0440\\u043d\\u043e\\u0433\\u043e \\u043f\\u0435\\u0440\\u0435\\u0447\\u043d\\u044f \\u043f\\u0440\\u0435\\u0434\\u0441\\u0442\\u0430\\u0432\\u043b\\u0435\\u043d\\u043d\\u044b\\u0445 \\u0432\\u0430\\u0440\\u0438\\u0430\\u043d\\u0442\\u043e\\u0432.<\\/p><p>\\u041e\\u0434\\u043d\\u0438\\u043c \\u0438\\u0437 \\u043d\\u0430\\u0448\\u0438\\u0445 \\u043f\\u0440\\u0435\\u0438\\u043c\\u0443\\u0449\\u0435\\u0441\\u0442\\u0432 \\u044f\\u0432\\u043b\\u044f\\u0435\\u0442\\u0441\\u044f \\u0432\\u043e\\u0437\\u043c\\u043e\\u0436\\u043d\\u043e\\u0441\\u0442\\u044c \\u0432\\u044b\\u0431\\u043e\\u0440\\u0430 \\u0441\\u0440\\u0435\\u0434\\u0438 \\u0431\\u043e\\u043b\\u044c\\u0448\\u043e\\u0433\\u043e \\u043a\\u043e\\u043b\\u0438\\u0447\\u0435\\u0441\\u0442\\u0432\\u0430 \\u043f\\u0440\\u0435\\u0434\\u043b\\u043e\\u0436\\u0435\\u043d\\u0438\\u0439. \\u0412\\u0430\\u0448\\u0435\\u043c\\u0443 \\u0432\\u043d\\u0438\\u043c\\u0430\\u043d\\u0438\\u044e \\u043f\\u0440\\u0435\\u0434\\u043b\\u0430\\u0433\\u0430\\u044e\\u0442\\u0441\\u044f \\u0440\\u0430\\u0437\\u043b\\u0438\\u0447\\u043d\\u044b\\u0435 \\u0432\\u0430\\u0440\\u0438\\u0430\\u043d\\u0442\\u044b \\u043a\\u043e\\u043c\\u043f\\u043b\\u0435\\u043a\\u0442\\u0430\\u0446\\u0438\\u0438 \\u0441\\u0432\\u0430\\u0434\\u0435\\u0431\\u043d\\u043e\\u0433\\u043e \\u043a\\u043e\\u0440\\u0442\\u0435\\u0436\\u0430 - \\u043b\\u0435\\u0433\\u043a\\u043e\\u0432\\u044b\\u0435 \\u0430\\u0432\\u0442\\u043e \\u0438 \\u0432\\u043d\\u0435\\u0434\\u043e\\u0440\\u043e\\u0436\\u043d\\u0438\\u043a\\u0438, \\u0440\\u0435\\u0442\\u0440\\u043e-\\u0430\\u0432\\u0442\\u043e\\u043c\\u043e\\u0431\\u0438\\u043b\\u0438, \\u043a\\u0430\\u0431\\u0440\\u0438\\u043e\\u043b\\u0435\\u0442\\u044b, \\u043b\\u0438\\u043c\\u0443\\u0437\\u0438\\u043d\\u044b \\u0438 \\u043f\\u0440. \\u041d\\u0430 \\u0441\\u0435\\u0440\\u0432\\u0438\\u0441\\u0435 Weddingcars \\u043f\\u0440\\u0435\\u0434\\u0441\\u0442\\u0430\\u0432\\u043b\\u0435\\u043d\\u044b \\u0430\\u0432\\u0442\\u043e \\u043b\\u044e\\u0431\\u043e\\u0439 \\u0446\\u0435\\u043d\\u043e\\u0432\\u043e\\u0439 \\u043a\\u0430\\u0442\\u0435\\u0433\\u043e\\u0440\\u0438\\u0438 \\u2013 \\u043e\\u0442 \\u043c\\u043e\\u0434\\u0435\\u043b\\u0435\\u0439 \\u044d\\u043a\\u043e\\u043d\\u043e\\u043c-\\u043a\\u043b\\u0430\\u0441\\u0441\\u0430 \\u0434\\u043e \\u0430\\u0432\\u0442\\u043e\\u043c\\u0430\\u0448\\u0438\\u043d \\u043a\\u043b\\u0430\\u0441\\u0441\\u0430 \\u043b\\u044e\\u043a\\u0441. \\u0422\\u0430\\u043a\\u0436\\u0435 \\u043c\\u043e\\u0436\\u043d\\u043e \\u043d\\u0430\\u0439\\u0442\\u0438 \\u0438 \\u0437\\u0430\\u043a\\u0430\\u0437\\u0430\\u0442\\u044c \\u043a\\u043e\\u043c\\u0444\\u043e\\u0440\\u0442\\u0430\\u0431\\u0435\\u043b\\u044c\\u043d\\u044b\\u0435 \\u0430\\u0432\\u0442\\u043e\\u0431\\u0443\\u0441\\u044b \\u0438 \\u043c\\u0438\\u043a\\u0440\\u043e\\u0430\\u0432\\u0442\\u043e\\u0431\\u0443\\u0441\\u044b, \\u0447\\u0442\\u043e\\u0431\\u044b \\u043f\\u0440\\u0438\\u0432\\u0435\\u0437\\u0442\\u0438 \\u043d\\u0430 \\u043f\\u0440\\u0430\\u0437\\u0434\\u043d\\u0438\\u043a \\u0432\\u0441\\u0435\\u0445 \\u0432\\u0430\\u0448\\u0438\\u0445 \\u0433\\u043e\\u0441\\u0442\\u0435\\u0439.<\\/p><p>\\u0410\\u0432\\u0442\\u043e, \\u043f\\u0440\\u0435\\u0434\\u0441\\u0442\\u0430\\u0432\\u043b\\u0435\\u043d\\u043d\\u044b\\u0435 \\u0432 \\u043d\\u0430\\u0448\\u0435\\u043c \\u043a\\u0430\\u0442\\u0430\\u043b\\u043e\\u0433\\u0435, \\u043e\\u0431\\u043b\\u0430\\u0434\\u0430\\u044e\\u0442 \\u0431\\u0435\\u0437\\u0443\\u043f\\u0440\\u0435\\u0447\\u043d\\u044b\\u043c \\u0432\\u043d\\u0435\\u0448\\u043d\\u0438\\u043c \\u0432\\u0438\\u0434\\u043e\\u043c \\u0438 \\u043e\\u0442\\u043b\\u0438\\u0447\\u043d\\u044b\\u043c \\u0442\\u0435\\u0445\\u043d\\u0438\\u0447\\u0435\\u0441\\u043a\\u0438\\u043c \\u0441\\u043e\\u0441\\u0442\\u043e\\u044f\\u043d\\u0438\\u0435\\u043c. \\u0412\\u043e\\u0434\\u0438\\u0442\\u0435\\u043b\\u0438, \\u043a\\u043e\\u0442\\u043e\\u0440\\u044b\\u0435 \\u0440\\u0430\\u0431\\u043e\\u0442\\u0430\\u044e\\u0442 \\u0441 Weddingcars, \\u043f\\u0440\\u043e\\u0445\\u043e\\u0434\\u044f\\u0442 \\u043e\\u0431\\u044f\\u0437\\u0430\\u0442\\u0435\\u043b\\u044c\\u043d\\u0443\\u044e \\u043f\\u0440\\u043e\\u0432\\u0435\\u0440\\u043a\\u0443 \\u0438 \\u043f\\u043e\\u0434\\u043f\\u0438\\u0441\\u044b\\u0432\\u0430\\u044e\\u0442 \\u0434\\u043e\\u0433\\u043e\\u0432\\u043e\\u0440-\\u0441\\u043e\\u0433\\u043b\\u0430\\u0448\\u0435\\u043d\\u0438\\u0435, \\u0441\\u043e\\u0434\\u0435\\u0440\\u0436\\u0430\\u0449\\u0438\\u0439 \\u0443\\u0441\\u043b\\u043e\\u0432\\u0438\\u044f \\u0441\\u043e\\u0442\\u0440\\u0443\\u0434\\u043d\\u0438\\u0447\\u0435\\u0441\\u0442\\u0432\\u0430, \\u0432 \\u0442\\u043e\\u043c \\u0447\\u0438\\u0441\\u043b\\u0435 \\u043a\\u0430\\u0441\\u0430\\u0435\\u043c\\u043e \\u043e\\u043f\\u0440\\u044f\\u0442\\u043d\\u043e\\u0433\\u043e \\u0432\\u043d\\u0435\\u0448\\u043d\\u0435\\u0433\\u043e \\u0432\\u0438\\u0434\\u0430 \\u0432\\u043e\\u0434\\u0438\\u0442\\u0435\\u043b\\u044f \\u0438 \\u0430\\u0432\\u0442\\u043e\\u043c\\u043e\\u0431\\u0438\\u043b\\u044f, \\u0445\\u0438\\u043c\\u0447\\u0438\\u0441\\u0442\\u043a\\u0438 \\u0441\\u0430\\u043b\\u043e\\u043d\\u0430 \\u0438 \\u043f\\u0440.<\\/p><p>\\u0420\\u0435\\u0439\\u0442\\u0438\\u043d\\u0433 \\u0430\\u0432\\u0442\\u043e\\u043c\\u043e\\u0431\\u0438\\u043b\\u0435\\u0439 \\u0438 \\u0440\\u0435\\u0430\\u043b\\u044c\\u043d\\u044b\\u0435 \\u043e\\u0442\\u0437\\u044b\\u0432\\u044b \\u043f\\u043e\\u0441\\u0435\\u0442\\u0438\\u0442\\u0435\\u043b\\u0435\\u0439 \\u043d\\u0430 \\u0441\\u0430\\u0439\\u0442\\u0435 \\u043f\\u043e\\u043c\\u043e\\u0433\\u0443\\u0442 \\u0432\\u0430\\u043c \\u0441\\u0434\\u0435\\u043b\\u0430\\u0442\\u044c \\u0434\\u0435\\u0439\\u0441\\u0442\\u0432\\u0438\\u0442\\u0435\\u043b\\u044c\\u043d\\u043e \\u043b\\u0443\\u0447\\u0448\\u0438\\u0439 \\u0432\\u044b\\u0431\\u043e\\u0440 \\u0434\\u043b\\u044f \\u0432\\u0430\\u0448\\u0435\\u0433\\u043e \\u043d\\u0435\\u0437\\u0430\\u0431\\u044b\\u0432\\u0430\\u0435\\u043c\\u043e\\u0433\\u043e \\u043f\\u0440\\u0430\\u0437\\u0434\\u043d\\u0438\\u043a\\u0430. \\u041f\\u043e\\u044d\\u0442\\u043e\\u043c\\u0443, \\u0435\\u0441\\u043b\\u0438 \\u0432\\u044b \\u0440\\u0435\\u0448\\u0438\\u043b\\u0438 \\u0441\\u0434\\u0435\\u043b\\u0430\\u0442\\u044c \\u0412\\u0430\\u0448\\u0443 \\u0441\\u0432\\u0430\\u0434\\u044c\\u0431\\u0443 \\u0434\\u0435\\u0439\\u0441\\u0442\\u0432\\u0438\\u0442\\u0435\\u043b\\u044c\\u043d\\u043e \\u044f\\u0440\\u043a\\u043e\\u0439 \\u0438 \\u043d\\u0435\\u0437\\u0430\\u0431\\u044b\\u0432\\u0430\\u0435\\u043c\\u043e\\u0439 \\u0438 \\u043f\\u043e\\u043b\\u0443\\u0447\\u0438\\u0442\\u044c \\u0438\\u0441\\u043a\\u043b\\u044e\\u0447\\u0438\\u0442\\u0435\\u043b\\u044c\\u043d\\u043e \\u043f\\u043e\\u043b\\u043e\\u0436\\u0438\\u0442\\u0435\\u043b\\u044c\\u043d\\u044b\\u0435 \\u0432\\u043f\\u0435\\u0447\\u0430\\u0442\\u043b\\u0435\\u043d\\u0438\\u044f, \\u0432\\u043e\\u0441\\u043f\\u043e\\u043b\\u044c\\u0437\\u0443\\u0439\\u0442\\u0435\\u0441\\u044c \\u0443\\u0441\\u043b\\u0443\\u0433\\u0430\\u043c\\u0438 \\u0441\\u0435\\u0440\\u0432\\u0438\\u0441\\u0430 Weddingcars!<\\/p>"}]', 'app\\models\\Pages', 1473681376),
(3, 'update', 1, 11, '[{"text":"<p><strong>Weddingcars - \\u044d\\u0442\\u043e \\u043f\\u0435\\u0440\\u0432\\u044b\\u0439 \\u0432 \\u041f\\u043e\\u043b\\u0442\\u0430\\u0432\\u0435 \\u0438 \\u0423\\u043a\\u0440\\u0430\\u0438\\u043d\\u0435 \\u043e\\u0442\\u043a\\u0440\\u044b\\u0442\\u044b\\u0439 \\u0441\\u0435\\u0440\\u0432\\u0438\\u0441 \\u043f\\u043e\\u0438\\u0441\\u043a\\u0430 \\u0441\\u0432\\u0430\\u0434\\u0435\\u0431\\u043d\\u044b\\u0445 \\u0430\\u0432\\u0442\\u043e\\u043c\\u043e\\u0431\\u0438\\u043b\\u0435\\u0439. \\u041c\\u044b \\u0432\\u044b\\u0441\\u0442\\u0443\\u043f\\u0430\\u0435\\u043c \\u0432 \\u043a\\u0430\\u0447\\u0435\\u0441\\u0442\\u0432\\u0435 \\u043f\\u043e\\u0441\\u0440\\u0435\\u0434\\u043d\\u0438\\u043a\\u0430 \\u043c\\u0435\\u0436\\u0434\\u0443 \\u0432\\u043e\\u0434\\u0438\\u0442\\u0435\\u043b\\u044f\\u043c\\u0438 \\u0438 \\u043a\\u043b\\u0438\\u0435\\u043d\\u0442\\u0430\\u043c\\u0438. \\u0412\\u043e\\u0434\\u0438\\u0442\\u0435\\u043b\\u0438, \\u0436\\u0435\\u043b\\u0430\\u044e\\u0449\\u0438\\u0435 \\u043f\\u0440\\u0435\\u0434\\u043e\\u0441\\u0442\\u0430\\u0432\\u043b\\u044f\\u0442\\u044c \\u0443\\u0441\\u043b\\u0443\\u0433\\u0438 \\u0441\\u0432\\u0430\\u0434\\u0435\\u0431\\u043d\\u043e\\u0439 \\u043f\\u0435\\u0440\\u0435\\u0432\\u043e\\u0437\\u043a\\u0438, \\u043f\\u0440\\u043e\\u0445\\u043e\\u0434\\u044f\\u0442 \\u043f\\u0440\\u043e\\u0432\\u0435\\u0440\\u043a\\u0443 \\u0438 \\u0440\\u0435\\u0433\\u0438\\u0441\\u0442\\u0440\\u0438\\u0440\\u0443\\u044e\\u0442\\u0441\\u044f \\u043d\\u0430 \\u043d\\u0430\\u0448\\u0435\\u0439 \\u043e\\u043d\\u043b\\u0430\\u0439\\u043d-\\u043f\\u043b\\u043e\\u0449\\u0430\\u0434\\u043a\\u0435.<\\/strong><\\/p><p>\\u041a\\u043b\\u0438\\u0435\\u043d\\u0442\\u044b, \\u0432 \\u0441\\u0432\\u043e\\u044e \\u043e\\u0447\\u0435\\u0440\\u0435\\u0434\\u044c, \\u0438\\u043c\\u0435\\u044e\\u0442 \\u0432\\u043e\\u0437\\u043c\\u043e\\u0436\\u043d\\u043e\\u0441\\u0442\\u044c \\u0441\\u0430\\u043c\\u043e\\u0441\\u0442\\u043e\\u044f\\u0442\\u0435\\u043b\\u044c\\u043d\\u043e \\u0432\\u044b\\u0431\\u0440\\u0430\\u0442\\u044c \\u0441\\u0432\\u0430\\u0434\\u0435\\u0431\\u043d\\u044b\\u0439 \\u0430\\u0432\\u0442\\u043e\\u043c\\u043e\\u0431\\u0438\\u043b\\u044c \\u043d\\u0430 \\u043b\\u044e\\u0431\\u043e\\u0439 \\u0432\\u043a\\u0443\\u0441 \\u0438 \\u0446\\u0432\\u0435\\u0442 \\u0438\\u0437 \\u043e\\u0431\\u0448\\u0438\\u0440\\u043d\\u043e\\u0433\\u043e \\u043f\\u0435\\u0440\\u0435\\u0447\\u043d\\u044f \\u043f\\u0440\\u0435\\u0434\\u0441\\u0442\\u0430\\u0432\\u043b\\u0435\\u043d\\u043d\\u044b\\u0445 \\u0432\\u0430\\u0440\\u0438\\u0430\\u043d\\u0442\\u043e\\u0432.<\\/p><p>\\u041e\\u0434\\u043d\\u0438\\u043c \\u0438\\u0437 \\u043d\\u0430\\u0448\\u0438\\u0445 \\u043f\\u0440\\u0435\\u0438\\u043c\\u0443\\u0449\\u0435\\u0441\\u0442\\u0432 \\u044f\\u0432\\u043b\\u044f\\u0435\\u0442\\u0441\\u044f \\u0432\\u043e\\u0437\\u043c\\u043e\\u0436\\u043d\\u043e\\u0441\\u0442\\u044c \\u0432\\u044b\\u0431\\u043e\\u0440\\u0430 \\u0441\\u0440\\u0435\\u0434\\u0438 \\u0431\\u043e\\u043b\\u044c\\u0448\\u043e\\u0433\\u043e \\u043a\\u043e\\u043b\\u0438\\u0447\\u0435\\u0441\\u0442\\u0432\\u0430 \\u043f\\u0440\\u0435\\u0434\\u043b\\u043e\\u0436\\u0435\\u043d\\u0438\\u0439. \\u0412\\u0430\\u0448\\u0435\\u043c\\u0443 \\u0432\\u043d\\u0438\\u043c\\u0430\\u043d\\u0438\\u044e \\u043f\\u0440\\u0435\\u0434\\u043b\\u0430\\u0433\\u0430\\u044e\\u0442\\u0441\\u044f \\u0440\\u0430\\u0437\\u043b\\u0438\\u0447\\u043d\\u044b\\u0435 \\u0432\\u0430\\u0440\\u0438\\u0430\\u043d\\u0442\\u044b \\u043a\\u043e\\u043c\\u043f\\u043b\\u0435\\u043a\\u0442\\u0430\\u0446\\u0438\\u0438 \\u0441\\u0432\\u0430\\u0434\\u0435\\u0431\\u043d\\u043e\\u0433\\u043e \\u043a\\u043e\\u0440\\u0442\\u0435\\u0436\\u0430 - \\u043b\\u0435\\u0433\\u043a\\u043e\\u0432\\u044b\\u0435 \\u0430\\u0432\\u0442\\u043e \\u0438 \\u0432\\u043d\\u0435\\u0434\\u043e\\u0440\\u043e\\u0436\\u043d\\u0438\\u043a\\u0438, \\u0440\\u0435\\u0442\\u0440\\u043e-\\u0430\\u0432\\u0442\\u043e\\u043c\\u043e\\u0431\\u0438\\u043b\\u0438, \\u043a\\u0430\\u0431\\u0440\\u0438\\u043e\\u043b\\u0435\\u0442\\u044b, \\u043b\\u0438\\u043c\\u0443\\u0437\\u0438\\u043d\\u044b \\u0438 \\u043f\\u0440. \\u041d\\u0430 \\u0441\\u0435\\u0440\\u0432\\u0438\\u0441\\u0435 Weddingcars \\u043f\\u0440\\u0435\\u0434\\u0441\\u0442\\u0430\\u0432\\u043b\\u0435\\u043d\\u044b \\u0430\\u0432\\u0442\\u043e \\u043b\\u044e\\u0431\\u043e\\u0439 \\u0446\\u0435\\u043d\\u043e\\u0432\\u043e\\u0439 \\u043a\\u0430\\u0442\\u0435\\u0433\\u043e\\u0440\\u0438\\u0438 \\u2013 \\u043e\\u0442 \\u043c\\u043e\\u0434\\u0435\\u043b\\u0435\\u0439 \\u044d\\u043a\\u043e\\u043d\\u043e\\u043c-\\u043a\\u043b\\u0430\\u0441\\u0441\\u0430 \\u0434\\u043e \\u0430\\u0432\\u0442\\u043e\\u043c\\u0430\\u0448\\u0438\\u043d \\u043a\\u043b\\u0430\\u0441\\u0441\\u0430 \\u043b\\u044e\\u043a\\u0441. \\u0422\\u0430\\u043a\\u0436\\u0435 \\u043c\\u043e\\u0436\\u043d\\u043e \\u043d\\u0430\\u0439\\u0442\\u0438 \\u0438 \\u0437\\u0430\\u043a\\u0430\\u0437\\u0430\\u0442\\u044c \\u043a\\u043e\\u043c\\u0444\\u043e\\u0440\\u0442\\u0430\\u0431\\u0435\\u043b\\u044c\\u043d\\u044b\\u0435 \\u0430\\u0432\\u0442\\u043e\\u0431\\u0443\\u0441\\u044b \\u0438 \\u043c\\u0438\\u043a\\u0440\\u043e\\u0430\\u0432\\u0442\\u043e\\u0431\\u0443\\u0441\\u044b, \\u0447\\u0442\\u043e\\u0431\\u044b \\u043f\\u0440\\u0438\\u0432\\u0435\\u0437\\u0442\\u0438 \\u043d\\u0430 \\u043f\\u0440\\u0430\\u0437\\u0434\\u043d\\u0438\\u043a \\u0432\\u0441\\u0435\\u0445 \\u0432\\u0430\\u0448\\u0438\\u0445 \\u0433\\u043e\\u0441\\u0442\\u0435\\u0439.<\\/p><p>\\u0410\\u0432\\u0442\\u043e, \\u043f\\u0440\\u0435\\u0434\\u0441\\u0442\\u0430\\u0432\\u043b\\u0435\\u043d\\u043d\\u044b\\u0435 \\u0432 \\u043d\\u0430\\u0448\\u0435\\u043c \\u043a\\u0430\\u0442\\u0430\\u043b\\u043e\\u0433\\u0435, \\u043e\\u0431\\u043b\\u0430\\u0434\\u0430\\u044e\\u0442 \\u0431\\u0435\\u0437\\u0443\\u043f\\u0440\\u0435\\u0447\\u043d\\u044b\\u043c \\u0432\\u043d\\u0435\\u0448\\u043d\\u0438\\u043c \\u0432\\u0438\\u0434\\u043e\\u043c \\u0438 \\u043e\\u0442\\u043b\\u0438\\u0447\\u043d\\u044b\\u043c \\u0442\\u0435\\u0445\\u043d\\u0438\\u0447\\u0435\\u0441\\u043a\\u0438\\u043c \\u0441\\u043e\\u0441\\u0442\\u043e\\u044f\\u043d\\u0438\\u0435\\u043c. \\u0412\\u043e\\u0434\\u0438\\u0442\\u0435\\u043b\\u0438, \\u043a\\u043e\\u0442\\u043e\\u0440\\u044b\\u0435 \\u0440\\u0430\\u0431\\u043e\\u0442\\u0430\\u044e\\u0442 \\u0441 Weddingcars, \\u043f\\u0440\\u043e\\u0445\\u043e\\u0434\\u044f\\u0442 \\u043e\\u0431\\u044f\\u0437\\u0430\\u0442\\u0435\\u043b\\u044c\\u043d\\u0443\\u044e \\u043f\\u0440\\u043e\\u0432\\u0435\\u0440\\u043a\\u0443 \\u0438 \\u043f\\u043e\\u0434\\u043f\\u0438\\u0441\\u044b\\u0432\\u0430\\u044e\\u0442 \\u0434\\u043e\\u0433\\u043e\\u0432\\u043e\\u0440-\\u0441\\u043e\\u0433\\u043b\\u0430\\u0448\\u0435\\u043d\\u0438\\u0435, \\u0441\\u043e\\u0434\\u0435\\u0440\\u0436\\u0430\\u0449\\u0438\\u0439 \\u0443\\u0441\\u043b\\u043e\\u0432\\u0438\\u044f \\u0441\\u043e\\u0442\\u0440\\u0443\\u0434\\u043d\\u0438\\u0447\\u0435\\u0441\\u0442\\u0432\\u0430, \\u0432 \\u0442\\u043e\\u043c \\u0447\\u0438\\u0441\\u043b\\u0435 \\u043a\\u0430\\u0441\\u0430\\u0435\\u043c\\u043e \\u043e\\u043f\\u0440\\u044f\\u0442\\u043d\\u043e\\u0433\\u043e \\u0432\\u043d\\u0435\\u0448\\u043d\\u0435\\u0433\\u043e \\u0432\\u0438\\u0434\\u0430 \\u0432\\u043e\\u0434\\u0438\\u0442\\u0435\\u043b\\u044f \\u0438 \\u0430\\u0432\\u0442\\u043e\\u043c\\u043e\\u0431\\u0438\\u043b\\u044f, \\u0445\\u0438\\u043c\\u0447\\u0438\\u0441\\u0442\\u043a\\u0438 \\u0441\\u0430\\u043b\\u043e\\u043d\\u0430 \\u0438 \\u043f\\u0440.<\\/p><p>\\u0420\\u0435\\u0439\\u0442\\u0438\\u043d\\u0433 \\u0430\\u0432\\u0442\\u043e\\u043c\\u043e\\u0431\\u0438\\u043b\\u0435\\u0439 \\u0438 \\u0440\\u0435\\u0430\\u043b\\u044c\\u043d\\u044b\\u0435 \\u043e\\u0442\\u0437\\u044b\\u0432\\u044b \\u043f\\u043e\\u0441\\u0435\\u0442\\u0438\\u0442\\u0435\\u043b\\u0435\\u0439 \\u043d\\u0430 \\u0441\\u0430\\u0439\\u0442\\u0435 \\u043f\\u043e\\u043c\\u043e\\u0433\\u0443\\u0442 \\u0432\\u0430\\u043c \\u0441\\u0434\\u0435\\u043b\\u0430\\u0442\\u044c \\u0434\\u0435\\u0439\\u0441\\u0442\\u0432\\u0438\\u0442\\u0435\\u043b\\u044c\\u043d\\u043e \\u043b\\u0443\\u0447\\u0448\\u0438\\u0439 \\u0432\\u044b\\u0431\\u043e\\u0440 \\u0434\\u043b\\u044f \\u0432\\u0430\\u0448\\u0435\\u0433\\u043e \\u043d\\u0435\\u0437\\u0430\\u0431\\u044b\\u0432\\u0430\\u0435\\u043c\\u043e\\u0433\\u043e \\u043f\\u0440\\u0430\\u0437\\u0434\\u043d\\u0438\\u043a\\u0430. \\u041f\\u043e\\u044d\\u0442\\u043e\\u043c\\u0443, \\u0435\\u0441\\u043b\\u0438 \\u0432\\u044b \\u0440\\u0435\\u0448\\u0438\\u043b\\u0438 \\u0441\\u0434\\u0435\\u043b\\u0430\\u0442\\u044c \\u0412\\u0430\\u0448\\u0443 \\u0441\\u0432\\u0430\\u0434\\u044c\\u0431\\u0443 \\u0434\\u0435\\u0439\\u0441\\u0442\\u0432\\u0438\\u0442\\u0435\\u043b\\u044c\\u043d\\u043e \\u044f\\u0440\\u043a\\u043e\\u0439 \\u0438 \\u043d\\u0435\\u0437\\u0430\\u0431\\u044b\\u0432\\u0430\\u0435\\u043c\\u043e\\u0439 \\u0438 \\u043f\\u043e\\u043b\\u0443\\u0447\\u0438\\u0442\\u044c \\u0438\\u0441\\u043a\\u043b\\u044e\\u0447\\u0438\\u0442\\u0435\\u043b\\u044c\\u043d\\u043e \\u043f\\u043e\\u043b\\u043e\\u0436\\u0438\\u0442\\u0435\\u043b\\u044c\\u043d\\u044b\\u0435 \\u0432\\u043f\\u0435\\u0447\\u0430\\u0442\\u043b\\u0435\\u043d\\u0438\\u044f, \\u0432\\u043e\\u0441\\u043f\\u043e\\u043b\\u044c\\u0437\\u0443\\u0439\\u0442\\u0435\\u0441\\u044c \\u0443\\u0441\\u043b\\u0443\\u0433\\u0430\\u043c\\u0438 \\u0441\\u0435\\u0440\\u0432\\u0438\\u0441\\u0430 Weddingcars!<\\/p>"}]', '[{"text":"<h4>Weddingcars - \\u044d\\u0442\\u043e \\u043f\\u0435\\u0440\\u0432\\u044b\\u0439 \\u0432 \\u041f\\u043e\\u043b\\u0442\\u0430\\u0432\\u0435 \\u0438 \\u0423\\u043a\\u0440\\u0430\\u0438\\u043d\\u0435 \\u043e\\u0442\\u043a\\u0440\\u044b\\u0442\\u044b\\u0439 \\u0441\\u0435\\u0440\\u0432\\u0438\\u0441 \\u043f\\u043e\\u0438\\u0441\\u043a\\u0430 \\u0441\\u0432\\u0430\\u0434\\u0435\\u0431\\u043d\\u044b\\u0445 \\u0430\\u0432\\u0442\\u043e\\u043c\\u043e\\u0431\\u0438\\u043b\\u0435\\u0439. \\u041c\\u044b \\u0432\\u044b\\u0441\\u0442\\u0443\\u043f\\u0430\\u0435\\u043c \\u0432 \\u043a\\u0430\\u0447\\u0435\\u0441\\u0442\\u0432\\u0435 \\u043f\\u043e\\u0441\\u0440\\u0435\\u0434\\u043d\\u0438\\u043a\\u0430 \\u043c\\u0435\\u0436\\u0434\\u0443 \\u0432\\u043e\\u0434\\u0438\\u0442\\u0435\\u043b\\u044f\\u043c\\u0438 \\u0438 \\u043a\\u043b\\u0438\\u0435\\u043d\\u0442\\u0430\\u043c\\u0438. \\u0412\\u043e\\u0434\\u0438\\u0442\\u0435\\u043b\\u0438, \\u0436\\u0435\\u043b\\u0430\\u044e\\u0449\\u0438\\u0435 \\u043f\\u0440\\u0435\\u0434\\u043e\\u0441\\u0442\\u0430\\u0432\\u043b\\u044f\\u0442\\u044c \\u0443\\u0441\\u043b\\u0443\\u0433\\u0438 \\u0441\\u0432\\u0430\\u0434\\u0435\\u0431\\u043d\\u043e\\u0439 \\u043f\\u0435\\u0440\\u0435\\u0432\\u043e\\u0437\\u043a\\u0438, \\u043f\\u0440\\u043e\\u0445\\u043e\\u0434\\u044f\\u0442 \\u043f\\u0440\\u043e\\u0432\\u0435\\u0440\\u043a\\u0443 \\u0438 \\u0440\\u0435\\u0433\\u0438\\u0441\\u0442\\u0440\\u0438\\u0440\\u0443\\u044e\\u0442\\u0441\\u044f \\u043d\\u0430 \\u043d\\u0430\\u0448\\u0435\\u0439 \\u043e\\u043d\\u043b\\u0430\\u0439\\u043d-\\u043f\\u043b\\u043e\\u0449\\u0430\\u0434\\u043a\\u0435.<\\/h4><p><strong><br><\\/strong><\\/p><p>\\u041a\\u043b\\u0438\\u0435\\u043d\\u0442\\u044b, \\u0432 \\u0441\\u0432\\u043e\\u044e \\u043e\\u0447\\u0435\\u0440\\u0435\\u0434\\u044c, \\u0438\\u043c\\u0435\\u044e\\u0442 \\u0432\\u043e\\u0437\\u043c\\u043e\\u0436\\u043d\\u043e\\u0441\\u0442\\u044c \\u0441\\u0430\\u043c\\u043e\\u0441\\u0442\\u043e\\u044f\\u0442\\u0435\\u043b\\u044c\\u043d\\u043e \\u0432\\u044b\\u0431\\u0440\\u0430\\u0442\\u044c \\u0441\\u0432\\u0430\\u0434\\u0435\\u0431\\u043d\\u044b\\u0439 \\u0430\\u0432\\u0442\\u043e\\u043c\\u043e\\u0431\\u0438\\u043b\\u044c \\u043d\\u0430 \\u043b\\u044e\\u0431\\u043e\\u0439 \\u0432\\u043a\\u0443\\u0441 \\u0438 \\u0446\\u0432\\u0435\\u0442 \\u0438\\u0437 \\u043e\\u0431\\u0448\\u0438\\u0440\\u043d\\u043e\\u0433\\u043e \\u043f\\u0435\\u0440\\u0435\\u0447\\u043d\\u044f \\u043f\\u0440\\u0435\\u0434\\u0441\\u0442\\u0430\\u0432\\u043b\\u0435\\u043d\\u043d\\u044b\\u0445 \\u0432\\u0430\\u0440\\u0438\\u0430\\u043d\\u0442\\u043e\\u0432.<\\/p><p>\\u041e\\u0434\\u043d\\u0438\\u043c \\u0438\\u0437 \\u043d\\u0430\\u0448\\u0438\\u0445 \\u043f\\u0440\\u0435\\u0438\\u043c\\u0443\\u0449\\u0435\\u0441\\u0442\\u0432 \\u044f\\u0432\\u043b\\u044f\\u0435\\u0442\\u0441\\u044f \\u0432\\u043e\\u0437\\u043c\\u043e\\u0436\\u043d\\u043e\\u0441\\u0442\\u044c \\u0432\\u044b\\u0431\\u043e\\u0440\\u0430 \\u0441\\u0440\\u0435\\u0434\\u0438 \\u0431\\u043e\\u043b\\u044c\\u0448\\u043e\\u0433\\u043e \\u043a\\u043e\\u043b\\u0438\\u0447\\u0435\\u0441\\u0442\\u0432\\u0430 \\u043f\\u0440\\u0435\\u0434\\u043b\\u043e\\u0436\\u0435\\u043d\\u0438\\u0439. \\u0412\\u0430\\u0448\\u0435\\u043c\\u0443 \\u0432\\u043d\\u0438\\u043c\\u0430\\u043d\\u0438\\u044e \\u043f\\u0440\\u0435\\u0434\\u043b\\u0430\\u0433\\u0430\\u044e\\u0442\\u0441\\u044f \\u0440\\u0430\\u0437\\u043b\\u0438\\u0447\\u043d\\u044b\\u0435 \\u0432\\u0430\\u0440\\u0438\\u0430\\u043d\\u0442\\u044b \\u043a\\u043e\\u043c\\u043f\\u043b\\u0435\\u043a\\u0442\\u0430\\u0446\\u0438\\u0438 \\u0441\\u0432\\u0430\\u0434\\u0435\\u0431\\u043d\\u043e\\u0433\\u043e \\u043a\\u043e\\u0440\\u0442\\u0435\\u0436\\u0430 - \\u043b\\u0435\\u0433\\u043a\\u043e\\u0432\\u044b\\u0435 \\u0430\\u0432\\u0442\\u043e \\u0438 \\u0432\\u043d\\u0435\\u0434\\u043e\\u0440\\u043e\\u0436\\u043d\\u0438\\u043a\\u0438, \\u0440\\u0435\\u0442\\u0440\\u043e-\\u0430\\u0432\\u0442\\u043e\\u043c\\u043e\\u0431\\u0438\\u043b\\u0438, \\u043a\\u0430\\u0431\\u0440\\u0438\\u043e\\u043b\\u0435\\u0442\\u044b, \\u043b\\u0438\\u043c\\u0443\\u0437\\u0438\\u043d\\u044b \\u0438 \\u043f\\u0440. \\u041d\\u0430 \\u0441\\u0435\\u0440\\u0432\\u0438\\u0441\\u0435 Weddingcars \\u043f\\u0440\\u0435\\u0434\\u0441\\u0442\\u0430\\u0432\\u043b\\u0435\\u043d\\u044b \\u0430\\u0432\\u0442\\u043e \\u043b\\u044e\\u0431\\u043e\\u0439 \\u0446\\u0435\\u043d\\u043e\\u0432\\u043e\\u0439 \\u043a\\u0430\\u0442\\u0435\\u0433\\u043e\\u0440\\u0438\\u0438 \\u2013 \\u043e\\u0442 \\u043c\\u043e\\u0434\\u0435\\u043b\\u0435\\u0439 \\u044d\\u043a\\u043e\\u043d\\u043e\\u043c-\\u043a\\u043b\\u0430\\u0441\\u0441\\u0430 \\u0434\\u043e \\u0430\\u0432\\u0442\\u043e\\u043c\\u0430\\u0448\\u0438\\u043d \\u043a\\u043b\\u0430\\u0441\\u0441\\u0430 \\u043b\\u044e\\u043a\\u0441. \\u0422\\u0430\\u043a\\u0436\\u0435 \\u043c\\u043e\\u0436\\u043d\\u043e \\u043d\\u0430\\u0439\\u0442\\u0438 \\u0438 \\u0437\\u0430\\u043a\\u0430\\u0437\\u0430\\u0442\\u044c \\u043a\\u043e\\u043c\\u0444\\u043e\\u0440\\u0442\\u0430\\u0431\\u0435\\u043b\\u044c\\u043d\\u044b\\u0435 \\u0430\\u0432\\u0442\\u043e\\u0431\\u0443\\u0441\\u044b \\u0438 \\u043c\\u0438\\u043a\\u0440\\u043e\\u0430\\u0432\\u0442\\u043e\\u0431\\u0443\\u0441\\u044b, \\u0447\\u0442\\u043e\\u0431\\u044b \\u043f\\u0440\\u0438\\u0432\\u0435\\u0437\\u0442\\u0438 \\u043d\\u0430 \\u043f\\u0440\\u0430\\u0437\\u0434\\u043d\\u0438\\u043a \\u0432\\u0441\\u0435\\u0445 \\u0432\\u0430\\u0448\\u0438\\u0445 \\u0433\\u043e\\u0441\\u0442\\u0435\\u0439.<\\/p><p>\\u0410\\u0432\\u0442\\u043e, \\u043f\\u0440\\u0435\\u0434\\u0441\\u0442\\u0430\\u0432\\u043b\\u0435\\u043d\\u043d\\u044b\\u0435 \\u0432 \\u043d\\u0430\\u0448\\u0435\\u043c \\u043a\\u0430\\u0442\\u0430\\u043b\\u043e\\u0433\\u0435, \\u043e\\u0431\\u043b\\u0430\\u0434\\u0430\\u044e\\u0442 \\u0431\\u0435\\u0437\\u0443\\u043f\\u0440\\u0435\\u0447\\u043d\\u044b\\u043c \\u0432\\u043d\\u0435\\u0448\\u043d\\u0438\\u043c \\u0432\\u0438\\u0434\\u043e\\u043c \\u0438 \\u043e\\u0442\\u043b\\u0438\\u0447\\u043d\\u044b\\u043c \\u0442\\u0435\\u0445\\u043d\\u0438\\u0447\\u0435\\u0441\\u043a\\u0438\\u043c \\u0441\\u043e\\u0441\\u0442\\u043e\\u044f\\u043d\\u0438\\u0435\\u043c. \\u0412\\u043e\\u0434\\u0438\\u0442\\u0435\\u043b\\u0438, \\u043a\\u043e\\u0442\\u043e\\u0440\\u044b\\u0435 \\u0440\\u0430\\u0431\\u043e\\u0442\\u0430\\u044e\\u0442 \\u0441 Weddingcars, \\u043f\\u0440\\u043e\\u0445\\u043e\\u0434\\u044f\\u0442 \\u043e\\u0431\\u044f\\u0437\\u0430\\u0442\\u0435\\u043b\\u044c\\u043d\\u0443\\u044e \\u043f\\u0440\\u043e\\u0432\\u0435\\u0440\\u043a\\u0443 \\u0438 \\u043f\\u043e\\u0434\\u043f\\u0438\\u0441\\u044b\\u0432\\u0430\\u044e\\u0442 \\u0434\\u043e\\u0433\\u043e\\u0432\\u043e\\u0440-\\u0441\\u043e\\u0433\\u043b\\u0430\\u0448\\u0435\\u043d\\u0438\\u0435, \\u0441\\u043e\\u0434\\u0435\\u0440\\u0436\\u0430\\u0449\\u0438\\u0439 \\u0443\\u0441\\u043b\\u043e\\u0432\\u0438\\u044f \\u0441\\u043e\\u0442\\u0440\\u0443\\u0434\\u043d\\u0438\\u0447\\u0435\\u0441\\u0442\\u0432\\u0430, \\u0432 \\u0442\\u043e\\u043c \\u0447\\u0438\\u0441\\u043b\\u0435 \\u043a\\u0430\\u0441\\u0430\\u0435\\u043c\\u043e \\u043e\\u043f\\u0440\\u044f\\u0442\\u043d\\u043e\\u0433\\u043e \\u0432\\u043d\\u0435\\u0448\\u043d\\u0435\\u0433\\u043e \\u0432\\u0438\\u0434\\u0430 \\u0432\\u043e\\u0434\\u0438\\u0442\\u0435\\u043b\\u044f \\u0438 \\u0430\\u0432\\u0442\\u043e\\u043c\\u043e\\u0431\\u0438\\u043b\\u044f, \\u0445\\u0438\\u043c\\u0447\\u0438\\u0441\\u0442\\u043a\\u0438 \\u0441\\u0430\\u043b\\u043e\\u043d\\u0430 \\u0438 \\u043f\\u0440.<\\/p><p>\\u0420\\u0435\\u0439\\u0442\\u0438\\u043d\\u0433 \\u0430\\u0432\\u0442\\u043e\\u043c\\u043e\\u0431\\u0438\\u043b\\u0435\\u0439 \\u0438 \\u0440\\u0435\\u0430\\u043b\\u044c\\u043d\\u044b\\u0435 \\u043e\\u0442\\u0437\\u044b\\u0432\\u044b \\u043f\\u043e\\u0441\\u0435\\u0442\\u0438\\u0442\\u0435\\u043b\\u0435\\u0439 \\u043d\\u0430 \\u0441\\u0430\\u0439\\u0442\\u0435 \\u043f\\u043e\\u043c\\u043e\\u0433\\u0443\\u0442 \\u0432\\u0430\\u043c \\u0441\\u0434\\u0435\\u043b\\u0430\\u0442\\u044c \\u0434\\u0435\\u0439\\u0441\\u0442\\u0432\\u0438\\u0442\\u0435\\u043b\\u044c\\u043d\\u043e \\u043b\\u0443\\u0447\\u0448\\u0438\\u0439 \\u0432\\u044b\\u0431\\u043e\\u0440 \\u0434\\u043b\\u044f \\u0432\\u0430\\u0448\\u0435\\u0433\\u043e \\u043d\\u0435\\u0437\\u0430\\u0431\\u044b\\u0432\\u0430\\u0435\\u043c\\u043e\\u0433\\u043e \\u043f\\u0440\\u0430\\u0437\\u0434\\u043d\\u0438\\u043a\\u0430. \\u041f\\u043e\\u044d\\u0442\\u043e\\u043c\\u0443, \\u0435\\u0441\\u043b\\u0438 \\u0432\\u044b \\u0440\\u0435\\u0448\\u0438\\u043b\\u0438 \\u0441\\u0434\\u0435\\u043b\\u0430\\u0442\\u044c \\u0412\\u0430\\u0448\\u0443 \\u0441\\u0432\\u0430\\u0434\\u044c\\u0431\\u0443 \\u0434\\u0435\\u0439\\u0441\\u0442\\u0432\\u0438\\u0442\\u0435\\u043b\\u044c\\u043d\\u043e \\u044f\\u0440\\u043a\\u043e\\u0439 \\u0438 \\u043d\\u0435\\u0437\\u0430\\u0431\\u044b\\u0432\\u0430\\u0435\\u043c\\u043e\\u0439 \\u0438 \\u043f\\u043e\\u043b\\u0443\\u0447\\u0438\\u0442\\u044c \\u0438\\u0441\\u043a\\u043b\\u044e\\u0447\\u0438\\u0442\\u0435\\u043b\\u044c\\u043d\\u043e \\u043f\\u043e\\u043b\\u043e\\u0436\\u0438\\u0442\\u0435\\u043b\\u044c\\u043d\\u044b\\u0435 \\u0432\\u043f\\u0435\\u0447\\u0430\\u0442\\u043b\\u0435\\u043d\\u0438\\u044f, \\u0432\\u043e\\u0441\\u043f\\u043e\\u043b\\u044c\\u0437\\u0443\\u0439\\u0442\\u0435\\u0441\\u044c \\u0443\\u0441\\u043b\\u0443\\u0433\\u0430\\u043c\\u0438 \\u0441\\u0435\\u0440\\u0432\\u0438\\u0441\\u0430 Weddingcars!<\\/p>"}]', 'app\\models\\Pages', 1473681442);
INSERT INTO `access_log` (`id`, `action`, `user_id`, `item_id`, `changed`, `attributes`, `model_class`, `created_at`) VALUES
(4, 'update', 1, 11, '[{"text":"<h4>Weddingcars - \\u044d\\u0442\\u043e \\u043f\\u0435\\u0440\\u0432\\u044b\\u0439 \\u0432 \\u041f\\u043e\\u043b\\u0442\\u0430\\u0432\\u0435 \\u0438 \\u0423\\u043a\\u0440\\u0430\\u0438\\u043d\\u0435 \\u043e\\u0442\\u043a\\u0440\\u044b\\u0442\\u044b\\u0439 \\u0441\\u0435\\u0440\\u0432\\u0438\\u0441 \\u043f\\u043e\\u0438\\u0441\\u043a\\u0430 \\u0441\\u0432\\u0430\\u0434\\u0435\\u0431\\u043d\\u044b\\u0445 \\u0430\\u0432\\u0442\\u043e\\u043c\\u043e\\u0431\\u0438\\u043b\\u0435\\u0439. \\u041c\\u044b \\u0432\\u044b\\u0441\\u0442\\u0443\\u043f\\u0430\\u0435\\u043c \\u0432 \\u043a\\u0430\\u0447\\u0435\\u0441\\u0442\\u0432\\u0435 \\u043f\\u043e\\u0441\\u0440\\u0435\\u0434\\u043d\\u0438\\u043a\\u0430 \\u043c\\u0435\\u0436\\u0434\\u0443 \\u0432\\u043e\\u0434\\u0438\\u0442\\u0435\\u043b\\u044f\\u043c\\u0438 \\u0438 \\u043a\\u043b\\u0438\\u0435\\u043d\\u0442\\u0430\\u043c\\u0438. \\u0412\\u043e\\u0434\\u0438\\u0442\\u0435\\u043b\\u0438, \\u0436\\u0435\\u043b\\u0430\\u044e\\u0449\\u0438\\u0435 \\u043f\\u0440\\u0435\\u0434\\u043e\\u0441\\u0442\\u0430\\u0432\\u043b\\u044f\\u0442\\u044c \\u0443\\u0441\\u043b\\u0443\\u0433\\u0438 \\u0441\\u0432\\u0430\\u0434\\u0435\\u0431\\u043d\\u043e\\u0439 \\u043f\\u0435\\u0440\\u0435\\u0432\\u043e\\u0437\\u043a\\u0438, \\u043f\\u0440\\u043e\\u0445\\u043e\\u0434\\u044f\\u0442 \\u043f\\u0440\\u043e\\u0432\\u0435\\u0440\\u043a\\u0443 \\u0438 \\u0440\\u0435\\u0433\\u0438\\u0441\\u0442\\u0440\\u0438\\u0440\\u0443\\u044e\\u0442\\u0441\\u044f \\u043d\\u0430 \\u043d\\u0430\\u0448\\u0435\\u0439 \\u043e\\u043d\\u043b\\u0430\\u0439\\u043d-\\u043f\\u043b\\u043e\\u0449\\u0430\\u0434\\u043a\\u0435.<\\/h4><p><strong><br><\\/strong><\\/p><p>\\u041a\\u043b\\u0438\\u0435\\u043d\\u0442\\u044b, \\u0432 \\u0441\\u0432\\u043e\\u044e \\u043e\\u0447\\u0435\\u0440\\u0435\\u0434\\u044c, \\u0438\\u043c\\u0435\\u044e\\u0442 \\u0432\\u043e\\u0437\\u043c\\u043e\\u0436\\u043d\\u043e\\u0441\\u0442\\u044c \\u0441\\u0430\\u043c\\u043e\\u0441\\u0442\\u043e\\u044f\\u0442\\u0435\\u043b\\u044c\\u043d\\u043e \\u0432\\u044b\\u0431\\u0440\\u0430\\u0442\\u044c \\u0441\\u0432\\u0430\\u0434\\u0435\\u0431\\u043d\\u044b\\u0439 \\u0430\\u0432\\u0442\\u043e\\u043c\\u043e\\u0431\\u0438\\u043b\\u044c \\u043d\\u0430 \\u043b\\u044e\\u0431\\u043e\\u0439 \\u0432\\u043a\\u0443\\u0441 \\u0438 \\u0446\\u0432\\u0435\\u0442 \\u0438\\u0437 \\u043e\\u0431\\u0448\\u0438\\u0440\\u043d\\u043e\\u0433\\u043e \\u043f\\u0435\\u0440\\u0435\\u0447\\u043d\\u044f \\u043f\\u0440\\u0435\\u0434\\u0441\\u0442\\u0430\\u0432\\u043b\\u0435\\u043d\\u043d\\u044b\\u0445 \\u0432\\u0430\\u0440\\u0438\\u0430\\u043d\\u0442\\u043e\\u0432.<\\/p><p>\\u041e\\u0434\\u043d\\u0438\\u043c \\u0438\\u0437 \\u043d\\u0430\\u0448\\u0438\\u0445 \\u043f\\u0440\\u0435\\u0438\\u043c\\u0443\\u0449\\u0435\\u0441\\u0442\\u0432 \\u044f\\u0432\\u043b\\u044f\\u0435\\u0442\\u0441\\u044f \\u0432\\u043e\\u0437\\u043c\\u043e\\u0436\\u043d\\u043e\\u0441\\u0442\\u044c \\u0432\\u044b\\u0431\\u043e\\u0440\\u0430 \\u0441\\u0440\\u0435\\u0434\\u0438 \\u0431\\u043e\\u043b\\u044c\\u0448\\u043e\\u0433\\u043e \\u043a\\u043e\\u043b\\u0438\\u0447\\u0435\\u0441\\u0442\\u0432\\u0430 \\u043f\\u0440\\u0435\\u0434\\u043b\\u043e\\u0436\\u0435\\u043d\\u0438\\u0439. \\u0412\\u0430\\u0448\\u0435\\u043c\\u0443 \\u0432\\u043d\\u0438\\u043c\\u0430\\u043d\\u0438\\u044e \\u043f\\u0440\\u0435\\u0434\\u043b\\u0430\\u0433\\u0430\\u044e\\u0442\\u0441\\u044f \\u0440\\u0430\\u0437\\u043b\\u0438\\u0447\\u043d\\u044b\\u0435 \\u0432\\u0430\\u0440\\u0438\\u0430\\u043d\\u0442\\u044b \\u043a\\u043e\\u043c\\u043f\\u043b\\u0435\\u043a\\u0442\\u0430\\u0446\\u0438\\u0438 \\u0441\\u0432\\u0430\\u0434\\u0435\\u0431\\u043d\\u043e\\u0433\\u043e \\u043a\\u043e\\u0440\\u0442\\u0435\\u0436\\u0430 - \\u043b\\u0435\\u0433\\u043a\\u043e\\u0432\\u044b\\u0435 \\u0430\\u0432\\u0442\\u043e \\u0438 \\u0432\\u043d\\u0435\\u0434\\u043e\\u0440\\u043e\\u0436\\u043d\\u0438\\u043a\\u0438, \\u0440\\u0435\\u0442\\u0440\\u043e-\\u0430\\u0432\\u0442\\u043e\\u043c\\u043e\\u0431\\u0438\\u043b\\u0438, \\u043a\\u0430\\u0431\\u0440\\u0438\\u043e\\u043b\\u0435\\u0442\\u044b, \\u043b\\u0438\\u043c\\u0443\\u0437\\u0438\\u043d\\u044b \\u0438 \\u043f\\u0440. \\u041d\\u0430 \\u0441\\u0435\\u0440\\u0432\\u0438\\u0441\\u0435 Weddingcars \\u043f\\u0440\\u0435\\u0434\\u0441\\u0442\\u0430\\u0432\\u043b\\u0435\\u043d\\u044b \\u0430\\u0432\\u0442\\u043e \\u043b\\u044e\\u0431\\u043e\\u0439 \\u0446\\u0435\\u043d\\u043e\\u0432\\u043e\\u0439 \\u043a\\u0430\\u0442\\u0435\\u0433\\u043e\\u0440\\u0438\\u0438 \\u2013 \\u043e\\u0442 \\u043c\\u043e\\u0434\\u0435\\u043b\\u0435\\u0439 \\u044d\\u043a\\u043e\\u043d\\u043e\\u043c-\\u043a\\u043b\\u0430\\u0441\\u0441\\u0430 \\u0434\\u043e \\u0430\\u0432\\u0442\\u043e\\u043c\\u0430\\u0448\\u0438\\u043d \\u043a\\u043b\\u0430\\u0441\\u0441\\u0430 \\u043b\\u044e\\u043a\\u0441. \\u0422\\u0430\\u043a\\u0436\\u0435 \\u043c\\u043e\\u0436\\u043d\\u043e \\u043d\\u0430\\u0439\\u0442\\u0438 \\u0438 \\u0437\\u0430\\u043a\\u0430\\u0437\\u0430\\u0442\\u044c \\u043a\\u043e\\u043c\\u0444\\u043e\\u0440\\u0442\\u0430\\u0431\\u0435\\u043b\\u044c\\u043d\\u044b\\u0435 \\u0430\\u0432\\u0442\\u043e\\u0431\\u0443\\u0441\\u044b \\u0438 \\u043c\\u0438\\u043a\\u0440\\u043e\\u0430\\u0432\\u0442\\u043e\\u0431\\u0443\\u0441\\u044b, \\u0447\\u0442\\u043e\\u0431\\u044b \\u043f\\u0440\\u0438\\u0432\\u0435\\u0437\\u0442\\u0438 \\u043d\\u0430 \\u043f\\u0440\\u0430\\u0437\\u0434\\u043d\\u0438\\u043a \\u0432\\u0441\\u0435\\u0445 \\u0432\\u0430\\u0448\\u0438\\u0445 \\u0433\\u043e\\u0441\\u0442\\u0435\\u0439.<\\/p><p>\\u0410\\u0432\\u0442\\u043e, \\u043f\\u0440\\u0435\\u0434\\u0441\\u0442\\u0430\\u0432\\u043b\\u0435\\u043d\\u043d\\u044b\\u0435 \\u0432 \\u043d\\u0430\\u0448\\u0435\\u043c \\u043a\\u0430\\u0442\\u0430\\u043b\\u043e\\u0433\\u0435, \\u043e\\u0431\\u043b\\u0430\\u0434\\u0430\\u044e\\u0442 \\u0431\\u0435\\u0437\\u0443\\u043f\\u0440\\u0435\\u0447\\u043d\\u044b\\u043c \\u0432\\u043d\\u0435\\u0448\\u043d\\u0438\\u043c \\u0432\\u0438\\u0434\\u043e\\u043c \\u0438 \\u043e\\u0442\\u043b\\u0438\\u0447\\u043d\\u044b\\u043c \\u0442\\u0435\\u0445\\u043d\\u0438\\u0447\\u0435\\u0441\\u043a\\u0438\\u043c \\u0441\\u043e\\u0441\\u0442\\u043e\\u044f\\u043d\\u0438\\u0435\\u043c. \\u0412\\u043e\\u0434\\u0438\\u0442\\u0435\\u043b\\u0438, \\u043a\\u043e\\u0442\\u043e\\u0440\\u044b\\u0435 \\u0440\\u0430\\u0431\\u043e\\u0442\\u0430\\u044e\\u0442 \\u0441 Weddingcars, \\u043f\\u0440\\u043e\\u0445\\u043e\\u0434\\u044f\\u0442 \\u043e\\u0431\\u044f\\u0437\\u0430\\u0442\\u0435\\u043b\\u044c\\u043d\\u0443\\u044e \\u043f\\u0440\\u043e\\u0432\\u0435\\u0440\\u043a\\u0443 \\u0438 \\u043f\\u043e\\u0434\\u043f\\u0438\\u0441\\u044b\\u0432\\u0430\\u044e\\u0442 \\u0434\\u043e\\u0433\\u043e\\u0432\\u043e\\u0440-\\u0441\\u043e\\u0433\\u043b\\u0430\\u0448\\u0435\\u043d\\u0438\\u0435, \\u0441\\u043e\\u0434\\u0435\\u0440\\u0436\\u0430\\u0449\\u0438\\u0439 \\u0443\\u0441\\u043b\\u043e\\u0432\\u0438\\u044f \\u0441\\u043e\\u0442\\u0440\\u0443\\u0434\\u043d\\u0438\\u0447\\u0435\\u0441\\u0442\\u0432\\u0430, \\u0432 \\u0442\\u043e\\u043c \\u0447\\u0438\\u0441\\u043b\\u0435 \\u043a\\u0430\\u0441\\u0430\\u0435\\u043c\\u043e \\u043e\\u043f\\u0440\\u044f\\u0442\\u043d\\u043e\\u0433\\u043e \\u0432\\u043d\\u0435\\u0448\\u043d\\u0435\\u0433\\u043e \\u0432\\u0438\\u0434\\u0430 \\u0432\\u043e\\u0434\\u0438\\u0442\\u0435\\u043b\\u044f \\u0438 \\u0430\\u0432\\u0442\\u043e\\u043c\\u043e\\u0431\\u0438\\u043b\\u044f, \\u0445\\u0438\\u043c\\u0447\\u0438\\u0441\\u0442\\u043a\\u0438 \\u0441\\u0430\\u043b\\u043e\\u043d\\u0430 \\u0438 \\u043f\\u0440.<\\/p><p>\\u0420\\u0435\\u0439\\u0442\\u0438\\u043d\\u0433 \\u0430\\u0432\\u0442\\u043e\\u043c\\u043e\\u0431\\u0438\\u043b\\u0435\\u0439 \\u0438 \\u0440\\u0435\\u0430\\u043b\\u044c\\u043d\\u044b\\u0435 \\u043e\\u0442\\u0437\\u044b\\u0432\\u044b \\u043f\\u043e\\u0441\\u0435\\u0442\\u0438\\u0442\\u0435\\u043b\\u0435\\u0439 \\u043d\\u0430 \\u0441\\u0430\\u0439\\u0442\\u0435 \\u043f\\u043e\\u043c\\u043e\\u0433\\u0443\\u0442 \\u0432\\u0430\\u043c \\u0441\\u0434\\u0435\\u043b\\u0430\\u0442\\u044c \\u0434\\u0435\\u0439\\u0441\\u0442\\u0432\\u0438\\u0442\\u0435\\u043b\\u044c\\u043d\\u043e \\u043b\\u0443\\u0447\\u0448\\u0438\\u0439 \\u0432\\u044b\\u0431\\u043e\\u0440 \\u0434\\u043b\\u044f \\u0432\\u0430\\u0448\\u0435\\u0433\\u043e \\u043d\\u0435\\u0437\\u0430\\u0431\\u044b\\u0432\\u0430\\u0435\\u043c\\u043e\\u0433\\u043e \\u043f\\u0440\\u0430\\u0437\\u0434\\u043d\\u0438\\u043a\\u0430. \\u041f\\u043e\\u044d\\u0442\\u043e\\u043c\\u0443, \\u0435\\u0441\\u043b\\u0438 \\u0432\\u044b \\u0440\\u0435\\u0448\\u0438\\u043b\\u0438 \\u0441\\u0434\\u0435\\u043b\\u0430\\u0442\\u044c \\u0412\\u0430\\u0448\\u0443 \\u0441\\u0432\\u0430\\u0434\\u044c\\u0431\\u0443 \\u0434\\u0435\\u0439\\u0441\\u0442\\u0432\\u0438\\u0442\\u0435\\u043b\\u044c\\u043d\\u043e \\u044f\\u0440\\u043a\\u043e\\u0439 \\u0438 \\u043d\\u0435\\u0437\\u0430\\u0431\\u044b\\u0432\\u0430\\u0435\\u043c\\u043e\\u0439 \\u0438 \\u043f\\u043e\\u043b\\u0443\\u0447\\u0438\\u0442\\u044c \\u0438\\u0441\\u043a\\u043b\\u044e\\u0447\\u0438\\u0442\\u0435\\u043b\\u044c\\u043d\\u043e \\u043f\\u043e\\u043b\\u043e\\u0436\\u0438\\u0442\\u0435\\u043b\\u044c\\u043d\\u044b\\u0435 \\u0432\\u043f\\u0435\\u0447\\u0430\\u0442\\u043b\\u0435\\u043d\\u0438\\u044f, \\u0432\\u043e\\u0441\\u043f\\u043e\\u043b\\u044c\\u0437\\u0443\\u0439\\u0442\\u0435\\u0441\\u044c \\u0443\\u0441\\u043b\\u0443\\u0433\\u0430\\u043c\\u0438 \\u0441\\u0435\\u0440\\u0432\\u0438\\u0441\\u0430 Weddingcars!<\\/p>"}]', '[{"text":"<h4>    Weddingcars - \\u044d\\u0442\\u043e \\u043f\\u0435\\u0440\\u0432\\u044b\\u0439 \\u0432 \\u041f\\u043e\\u043b\\u0442\\u0430\\u0432\\u0435 \\u0438 \\u0423\\u043a\\u0440\\u0430\\u0438\\u043d\\u0435 \\u043e\\u0442\\u043a\\u0440\\u044b\\u0442\\u044b\\u0439 \\u0441\\u0435\\u0440\\u0432\\u0438\\u0441 \\u043f\\u043e\\u0438\\u0441\\u043a\\u0430 \\u0441\\u0432\\u0430\\u0434\\u0435\\u0431\\u043d\\u044b\\u0445 \\u0430\\u0432\\u0442\\u043e\\u043c\\u043e\\u0431\\u0438\\u043b\\u0435\\u0439. \\u041c\\u044b \\u0432\\u044b\\u0441\\u0442\\u0443\\u043f\\u0430\\u0435\\u043c \\u0432 \\u043a\\u0430\\u0447\\u0435\\u0441\\u0442\\u0432\\u0435 \\u043f\\u043e\\u0441\\u0440\\u0435\\u0434\\u043d\\u0438\\u043a\\u0430 \\u043c\\u0435\\u0436\\u0434\\u0443 \\u0432\\u043e\\u0434\\u0438\\u0442\\u0435\\u043b\\u044f\\u043c\\u0438 \\u0438 \\u043a\\u043b\\u0438\\u0435\\u043d\\u0442\\u0430\\u043c\\u0438. \\u0412\\u043e\\u0434\\u0438\\u0442\\u0435\\u043b\\u0438, \\u0436\\u0435\\u043b\\u0430\\u044e\\u0449\\u0438\\u0435 \\u043f\\u0440\\u0435\\u0434\\u043e\\u0441\\u0442\\u0430\\u0432\\u043b\\u044f\\u0442\\u044c \\u0443\\u0441\\u043b\\u0443\\u0433\\u0438 \\u0441\\u0432\\u0430\\u0434\\u0435\\u0431\\u043d\\u043e\\u0439 \\u043f\\u0435\\u0440\\u0435\\u0432\\u043e\\u0437\\u043a\\u0438, \\u043f\\u0440\\u043e\\u0445\\u043e\\u0434\\u044f\\u0442 \\u043f\\u0440\\u043e\\u0432\\u0435\\u0440\\u043a\\u0443 \\u0438 \\u0440\\u0435\\u0433\\u0438\\u0441\\u0442\\u0440\\u0438\\u0440\\u0443\\u044e\\u0442\\u0441\\u044f \\u043d\\u0430 \\u043d\\u0430\\u0448\\u0435\\u0439 \\u043e\\u043d\\u043b\\u0430\\u0439\\u043d-\\u043f\\u043b\\u043e\\u0449\\u0430\\u0434\\u043a\\u0435.<\\/h4><p><strong><br><\\/strong><\\/p><p>\\u041a\\u043b\\u0438\\u0435\\u043d\\u0442\\u044b, \\u0432 \\u0441\\u0432\\u043e\\u044e \\u043e\\u0447\\u0435\\u0440\\u0435\\u0434\\u044c, \\u0438\\u043c\\u0435\\u044e\\u0442 \\u0432\\u043e\\u0437\\u043c\\u043e\\u0436\\u043d\\u043e\\u0441\\u0442\\u044c \\u0441\\u0430\\u043c\\u043e\\u0441\\u0442\\u043e\\u044f\\u0442\\u0435\\u043b\\u044c\\u043d\\u043e \\u0432\\u044b\\u0431\\u0440\\u0430\\u0442\\u044c \\u0441\\u0432\\u0430\\u0434\\u0435\\u0431\\u043d\\u044b\\u0439 \\u0430\\u0432\\u0442\\u043e\\u043c\\u043e\\u0431\\u0438\\u043b\\u044c \\u043d\\u0430 \\u043b\\u044e\\u0431\\u043e\\u0439 \\u0432\\u043a\\u0443\\u0441 \\u0438 \\u0446\\u0432\\u0435\\u0442 \\u0438\\u0437 \\u043e\\u0431\\u0448\\u0438\\u0440\\u043d\\u043e\\u0433\\u043e \\u043f\\u0435\\u0440\\u0435\\u0447\\u043d\\u044f \\u043f\\u0440\\u0435\\u0434\\u0441\\u0442\\u0430\\u0432\\u043b\\u0435\\u043d\\u043d\\u044b\\u0445 \\u0432\\u0430\\u0440\\u0438\\u0430\\u043d\\u0442\\u043e\\u0432.<\\/p><p>\\u041e\\u0434\\u043d\\u0438\\u043c \\u0438\\u0437 \\u043d\\u0430\\u0448\\u0438\\u0445 \\u043f\\u0440\\u0435\\u0438\\u043c\\u0443\\u0449\\u0435\\u0441\\u0442\\u0432 \\u044f\\u0432\\u043b\\u044f\\u0435\\u0442\\u0441\\u044f \\u0432\\u043e\\u0437\\u043c\\u043e\\u0436\\u043d\\u043e\\u0441\\u0442\\u044c \\u0432\\u044b\\u0431\\u043e\\u0440\\u0430 \\u0441\\u0440\\u0435\\u0434\\u0438 \\u0431\\u043e\\u043b\\u044c\\u0448\\u043e\\u0433\\u043e \\u043a\\u043e\\u043b\\u0438\\u0447\\u0435\\u0441\\u0442\\u0432\\u0430 \\u043f\\u0440\\u0435\\u0434\\u043b\\u043e\\u0436\\u0435\\u043d\\u0438\\u0439. \\u0412\\u0430\\u0448\\u0435\\u043c\\u0443 \\u0432\\u043d\\u0438\\u043c\\u0430\\u043d\\u0438\\u044e \\u043f\\u0440\\u0435\\u0434\\u043b\\u0430\\u0433\\u0430\\u044e\\u0442\\u0441\\u044f \\u0440\\u0430\\u0437\\u043b\\u0438\\u0447\\u043d\\u044b\\u0435 \\u0432\\u0430\\u0440\\u0438\\u0430\\u043d\\u0442\\u044b \\u043a\\u043e\\u043c\\u043f\\u043b\\u0435\\u043a\\u0442\\u0430\\u0446\\u0438\\u0438 \\u0441\\u0432\\u0430\\u0434\\u0435\\u0431\\u043d\\u043e\\u0433\\u043e \\u043a\\u043e\\u0440\\u0442\\u0435\\u0436\\u0430 - \\u043b\\u0435\\u0433\\u043a\\u043e\\u0432\\u044b\\u0435 \\u0430\\u0432\\u0442\\u043e \\u0438 \\u0432\\u043d\\u0435\\u0434\\u043e\\u0440\\u043e\\u0436\\u043d\\u0438\\u043a\\u0438, \\u0440\\u0435\\u0442\\u0440\\u043e-\\u0430\\u0432\\u0442\\u043e\\u043c\\u043e\\u0431\\u0438\\u043b\\u0438, \\u043a\\u0430\\u0431\\u0440\\u0438\\u043e\\u043b\\u0435\\u0442\\u044b, \\u043b\\u0438\\u043c\\u0443\\u0437\\u0438\\u043d\\u044b \\u0438 \\u043f\\u0440. \\u041d\\u0430 \\u0441\\u0435\\u0440\\u0432\\u0438\\u0441\\u0435 Weddingcars \\u043f\\u0440\\u0435\\u0434\\u0441\\u0442\\u0430\\u0432\\u043b\\u0435\\u043d\\u044b \\u0430\\u0432\\u0442\\u043e \\u043b\\u044e\\u0431\\u043e\\u0439 \\u0446\\u0435\\u043d\\u043e\\u0432\\u043e\\u0439 \\u043a\\u0430\\u0442\\u0435\\u0433\\u043e\\u0440\\u0438\\u0438 \\u2013 \\u043e\\u0442 \\u043c\\u043e\\u0434\\u0435\\u043b\\u0435\\u0439 \\u044d\\u043a\\u043e\\u043d\\u043e\\u043c-\\u043a\\u043b\\u0430\\u0441\\u0441\\u0430 \\u0434\\u043e \\u0430\\u0432\\u0442\\u043e\\u043c\\u0430\\u0448\\u0438\\u043d \\u043a\\u043b\\u0430\\u0441\\u0441\\u0430 \\u043b\\u044e\\u043a\\u0441. \\u0422\\u0430\\u043a\\u0436\\u0435 \\u043c\\u043e\\u0436\\u043d\\u043e \\u043d\\u0430\\u0439\\u0442\\u0438 \\u0438 \\u0437\\u0430\\u043a\\u0430\\u0437\\u0430\\u0442\\u044c \\u043a\\u043e\\u043c\\u0444\\u043e\\u0440\\u0442\\u0430\\u0431\\u0435\\u043b\\u044c\\u043d\\u044b\\u0435 \\u0430\\u0432\\u0442\\u043e\\u0431\\u0443\\u0441\\u044b \\u0438 \\u043c\\u0438\\u043a\\u0440\\u043e\\u0430\\u0432\\u0442\\u043e\\u0431\\u0443\\u0441\\u044b, \\u0447\\u0442\\u043e\\u0431\\u044b \\u043f\\u0440\\u0438\\u0432\\u0435\\u0437\\u0442\\u0438 \\u043d\\u0430 \\u043f\\u0440\\u0430\\u0437\\u0434\\u043d\\u0438\\u043a \\u0432\\u0441\\u0435\\u0445 \\u0432\\u0430\\u0448\\u0438\\u0445 \\u0433\\u043e\\u0441\\u0442\\u0435\\u0439.<\\/p><p>\\u0410\\u0432\\u0442\\u043e, \\u043f\\u0440\\u0435\\u0434\\u0441\\u0442\\u0430\\u0432\\u043b\\u0435\\u043d\\u043d\\u044b\\u0435 \\u0432 \\u043d\\u0430\\u0448\\u0435\\u043c \\u043a\\u0430\\u0442\\u0430\\u043b\\u043e\\u0433\\u0435, \\u043e\\u0431\\u043b\\u0430\\u0434\\u0430\\u044e\\u0442 \\u0431\\u0435\\u0437\\u0443\\u043f\\u0440\\u0435\\u0447\\u043d\\u044b\\u043c \\u0432\\u043d\\u0435\\u0448\\u043d\\u0438\\u043c \\u0432\\u0438\\u0434\\u043e\\u043c \\u0438 \\u043e\\u0442\\u043b\\u0438\\u0447\\u043d\\u044b\\u043c \\u0442\\u0435\\u0445\\u043d\\u0438\\u0447\\u0435\\u0441\\u043a\\u0438\\u043c \\u0441\\u043e\\u0441\\u0442\\u043e\\u044f\\u043d\\u0438\\u0435\\u043c. \\u0412\\u043e\\u0434\\u0438\\u0442\\u0435\\u043b\\u0438, \\u043a\\u043e\\u0442\\u043e\\u0440\\u044b\\u0435 \\u0440\\u0430\\u0431\\u043e\\u0442\\u0430\\u044e\\u0442 \\u0441 Weddingcars, \\u043f\\u0440\\u043e\\u0445\\u043e\\u0434\\u044f\\u0442 \\u043e\\u0431\\u044f\\u0437\\u0430\\u0442\\u0435\\u043b\\u044c\\u043d\\u0443\\u044e \\u043f\\u0440\\u043e\\u0432\\u0435\\u0440\\u043a\\u0443 \\u0438 \\u043f\\u043e\\u0434\\u043f\\u0438\\u0441\\u044b\\u0432\\u0430\\u044e\\u0442 \\u0434\\u043e\\u0433\\u043e\\u0432\\u043e\\u0440-\\u0441\\u043e\\u0433\\u043b\\u0430\\u0448\\u0435\\u043d\\u0438\\u0435, \\u0441\\u043e\\u0434\\u0435\\u0440\\u0436\\u0430\\u0449\\u0438\\u0439 \\u0443\\u0441\\u043b\\u043e\\u0432\\u0438\\u044f \\u0441\\u043e\\u0442\\u0440\\u0443\\u0434\\u043d\\u0438\\u0447\\u0435\\u0441\\u0442\\u0432\\u0430, \\u0432 \\u0442\\u043e\\u043c \\u0447\\u0438\\u0441\\u043b\\u0435 \\u043a\\u0430\\u0441\\u0430\\u0435\\u043c\\u043e \\u043e\\u043f\\u0440\\u044f\\u0442\\u043d\\u043e\\u0433\\u043e \\u0432\\u043d\\u0435\\u0448\\u043d\\u0435\\u0433\\u043e \\u0432\\u0438\\u0434\\u0430 \\u0432\\u043e\\u0434\\u0438\\u0442\\u0435\\u043b\\u044f \\u0438 \\u0430\\u0432\\u0442\\u043e\\u043c\\u043e\\u0431\\u0438\\u043b\\u044f, \\u0445\\u0438\\u043c\\u0447\\u0438\\u0441\\u0442\\u043a\\u0438 \\u0441\\u0430\\u043b\\u043e\\u043d\\u0430 \\u0438 \\u043f\\u0440.<\\/p><p>\\u0420\\u0435\\u0439\\u0442\\u0438\\u043d\\u0433 \\u0430\\u0432\\u0442\\u043e\\u043c\\u043e\\u0431\\u0438\\u043b\\u0435\\u0439 \\u0438 \\u0440\\u0435\\u0430\\u043b\\u044c\\u043d\\u044b\\u0435 \\u043e\\u0442\\u0437\\u044b\\u0432\\u044b \\u043f\\u043e\\u0441\\u0435\\u0442\\u0438\\u0442\\u0435\\u043b\\u0435\\u0439 \\u043d\\u0430 \\u0441\\u0430\\u0439\\u0442\\u0435 \\u043f\\u043e\\u043c\\u043e\\u0433\\u0443\\u0442 \\u0432\\u0430\\u043c \\u0441\\u0434\\u0435\\u043b\\u0430\\u0442\\u044c \\u0434\\u0435\\u0439\\u0441\\u0442\\u0432\\u0438\\u0442\\u0435\\u043b\\u044c\\u043d\\u043e \\u043b\\u0443\\u0447\\u0448\\u0438\\u0439 \\u0432\\u044b\\u0431\\u043e\\u0440 \\u0434\\u043b\\u044f \\u0432\\u0430\\u0448\\u0435\\u0433\\u043e \\u043d\\u0435\\u0437\\u0430\\u0431\\u044b\\u0432\\u0430\\u0435\\u043c\\u043e\\u0433\\u043e \\u043f\\u0440\\u0430\\u0437\\u0434\\u043d\\u0438\\u043a\\u0430. \\u041f\\u043e\\u044d\\u0442\\u043e\\u043c\\u0443, \\u0435\\u0441\\u043b\\u0438 \\u0432\\u044b \\u0440\\u0435\\u0448\\u0438\\u043b\\u0438 \\u0441\\u0434\\u0435\\u043b\\u0430\\u0442\\u044c \\u0412\\u0430\\u0448\\u0443 \\u0441\\u0432\\u0430\\u0434\\u044c\\u0431\\u0443 \\u0434\\u0435\\u0439\\u0441\\u0442\\u0432\\u0438\\u0442\\u0435\\u043b\\u044c\\u043d\\u043e \\u044f\\u0440\\u043a\\u043e\\u0439 \\u0438 \\u043d\\u0435\\u0437\\u0430\\u0431\\u044b\\u0432\\u0430\\u0435\\u043c\\u043e\\u0439 \\u0438 \\u043f\\u043e\\u043b\\u0443\\u0447\\u0438\\u0442\\u044c \\u0438\\u0441\\u043a\\u043b\\u044e\\u0447\\u0438\\u0442\\u0435\\u043b\\u044c\\u043d\\u043e \\u043f\\u043e\\u043b\\u043e\\u0436\\u0438\\u0442\\u0435\\u043b\\u044c\\u043d\\u044b\\u0435 \\u0432\\u043f\\u0435\\u0447\\u0430\\u0442\\u043b\\u0435\\u043d\\u0438\\u044f, \\u0432\\u043e\\u0441\\u043f\\u043e\\u043b\\u044c\\u0437\\u0443\\u0439\\u0442\\u0435\\u0441\\u044c \\u0443\\u0441\\u043b\\u0443\\u0433\\u0430\\u043c\\u0438 \\u0441\\u0435\\u0440\\u0432\\u0438\\u0441\\u0430 Weddingcars!<\\/p>"}]', 'app\\models\\Pages', 1473681484),
(5, 'update', 1, 1, '[{"password_hash":"$2y$10$QAhQ58\\/z8nV2raN7oV6Ase7DL9N48dO9itPT4DWHC2u68kInxt0fi"}]', '[{"password_hash":"$2y$10$3Oh6CrNhV3FkZE42UzCl4.M5KrylvpXgF13YE.PvC\\/7XxAoVtzFzG"}]', 'app\\models\\user\\User', 1473681550),
(6, 'update', 1, 11, '[{"text":"\\u003Ch4\\u003E    Weddingcars - \\u044d\\u0442\\u043e \\u043f\\u0435\\u0440\\u0432\\u044b\\u0439 \\u0432 \\u041f\\u043e\\u043b\\u0442\\u0430\\u0432\\u0435 \\u0438 \\u0423\\u043a\\u0440\\u0430\\u0438\\u043d\\u0435 \\u043e\\u0442\\u043a\\u0440\\u044b\\u0442\\u044b\\u0439 \\u0441\\u0435\\u0440\\u0432\\u0438\\u0441 \\u043f\\u043e\\u0438\\u0441\\u043a\\u0430 \\u0441\\u0432\\u0430\\u0434\\u0435\\u0431\\u043d\\u044b\\u0445 \\u0430\\u0432\\u0442\\u043e\\u043c\\u043e\\u0431\\u0438\\u043b\\u0435\\u0439. \\u041c\\u044b \\u0432\\u044b\\u0441\\u0442\\u0443\\u043f\\u0430\\u0435\\u043c \\u0432 \\u043a\\u0430\\u0447\\u0435\\u0441\\u0442\\u0432\\u0435 \\u043f\\u043e\\u0441\\u0440\\u0435\\u0434\\u043d\\u0438\\u043a\\u0430 \\u043c\\u0435\\u0436\\u0434\\u0443 \\u0432\\u043e\\u0434\\u0438\\u0442\\u0435\\u043b\\u044f\\u043c\\u0438 \\u0438 \\u043a\\u043b\\u0438\\u0435\\u043d\\u0442\\u0430\\u043c\\u0438. \\u0412\\u043e\\u0434\\u0438\\u0442\\u0435\\u043b\\u0438, \\u0436\\u0435\\u043b\\u0430\\u044e\\u0449\\u0438\\u0435 \\u043f\\u0440\\u0435\\u0434\\u043e\\u0441\\u0442\\u0430\\u0432\\u043b\\u044f\\u0442\\u044c \\u0443\\u0441\\u043b\\u0443\\u0433\\u0438 \\u0441\\u0432\\u0430\\u0434\\u0435\\u0431\\u043d\\u043e\\u0439 \\u043f\\u0435\\u0440\\u0435\\u0432\\u043e\\u0437\\u043a\\u0438, \\u043f\\u0440\\u043e\\u0445\\u043e\\u0434\\u044f\\u0442 \\u043f\\u0440\\u043e\\u0432\\u0435\\u0440\\u043a\\u0443 \\u0438 \\u0440\\u0435\\u0433\\u0438\\u0441\\u0442\\u0440\\u0438\\u0440\\u0443\\u044e\\u0442\\u0441\\u044f \\u043d\\u0430 \\u043d\\u0430\\u0448\\u0435\\u0439 \\u043e\\u043d\\u043b\\u0430\\u0439\\u043d-\\u043f\\u043b\\u043e\\u0449\\u0430\\u0434\\u043a\\u0435.\\u003C\\/h4\\u003E\\u003Cp\\u003E\\u003Cstrong\\u003E\\u003Cbr\\u003E\\u003C\\/strong\\u003E\\u003C\\/p\\u003E\\u003Cp\\u003E\\u041a\\u043b\\u0438\\u0435\\u043d\\u0442\\u044b, \\u0432 \\u0441\\u0432\\u043e\\u044e \\u043e\\u0447\\u0435\\u0440\\u0435\\u0434\\u044c, \\u0438\\u043c\\u0435\\u044e\\u0442 \\u0432\\u043e\\u0437\\u043c\\u043e\\u0436\\u043d\\u043e\\u0441\\u0442\\u044c \\u0441\\u0430\\u043c\\u043e\\u0441\\u0442\\u043e\\u044f\\u0442\\u0435\\u043b\\u044c\\u043d\\u043e \\u0432\\u044b\\u0431\\u0440\\u0430\\u0442\\u044c \\u0441\\u0432\\u0430\\u0434\\u0435\\u0431\\u043d\\u044b\\u0439 \\u0430\\u0432\\u0442\\u043e\\u043c\\u043e\\u0431\\u0438\\u043b\\u044c \\u043d\\u0430 \\u043b\\u044e\\u0431\\u043e\\u0439 \\u0432\\u043a\\u0443\\u0441 \\u0438 \\u0446\\u0432\\u0435\\u0442 \\u0438\\u0437 \\u043e\\u0431\\u0448\\u0438\\u0440\\u043d\\u043e\\u0433\\u043e \\u043f\\u0435\\u0440\\u0435\\u0447\\u043d\\u044f \\u043f\\u0440\\u0435\\u0434\\u0441\\u0442\\u0430\\u0432\\u043b\\u0435\\u043d\\u043d\\u044b\\u0445 \\u0432\\u0430\\u0440\\u0438\\u0430\\u043d\\u0442\\u043e\\u0432.\\u003C\\/p\\u003E\\u003Cp\\u003E\\u041e\\u0434\\u043d\\u0438\\u043c \\u0438\\u0437 \\u043d\\u0430\\u0448\\u0438\\u0445 \\u043f\\u0440\\u0435\\u0438\\u043c\\u0443\\u0449\\u0435\\u0441\\u0442\\u0432 \\u044f\\u0432\\u043b\\u044f\\u0435\\u0442\\u0441\\u044f \\u0432\\u043e\\u0437\\u043c\\u043e\\u0436\\u043d\\u043e\\u0441\\u0442\\u044c \\u0432\\u044b\\u0431\\u043e\\u0440\\u0430 \\u0441\\u0440\\u0435\\u0434\\u0438 \\u0431\\u043e\\u043b\\u044c\\u0448\\u043e\\u0433\\u043e \\u043a\\u043e\\u043b\\u0438\\u0447\\u0435\\u0441\\u0442\\u0432\\u0430 \\u043f\\u0440\\u0435\\u0434\\u043b\\u043e\\u0436\\u0435\\u043d\\u0438\\u0439. \\u0412\\u0430\\u0448\\u0435\\u043c\\u0443 \\u0432\\u043d\\u0438\\u043c\\u0430\\u043d\\u0438\\u044e \\u043f\\u0440\\u0435\\u0434\\u043b\\u0430\\u0433\\u0430\\u044e\\u0442\\u0441\\u044f \\u0440\\u0430\\u0437\\u043b\\u0438\\u0447\\u043d\\u044b\\u0435 \\u0432\\u0430\\u0440\\u0438\\u0430\\u043d\\u0442\\u044b \\u043a\\u043e\\u043c\\u043f\\u043b\\u0435\\u043a\\u0442\\u0430\\u0446\\u0438\\u0438 \\u0441\\u0432\\u0430\\u0434\\u0435\\u0431\\u043d\\u043e\\u0433\\u043e \\u043a\\u043e\\u0440\\u0442\\u0435\\u0436\\u0430 - \\u043b\\u0435\\u0433\\u043a\\u043e\\u0432\\u044b\\u0435 \\u0430\\u0432\\u0442\\u043e \\u0438 \\u0432\\u043d\\u0435\\u0434\\u043e\\u0440\\u043e\\u0436\\u043d\\u0438\\u043a\\u0438, \\u0440\\u0435\\u0442\\u0440\\u043e-\\u0430\\u0432\\u0442\\u043e\\u043c\\u043e\\u0431\\u0438\\u043b\\u0438, \\u043a\\u0430\\u0431\\u0440\\u0438\\u043e\\u043b\\u0435\\u0442\\u044b, \\u043b\\u0438\\u043c\\u0443\\u0437\\u0438\\u043d\\u044b \\u0438 \\u043f\\u0440. \\u041d\\u0430 \\u0441\\u0435\\u0440\\u0432\\u0438\\u0441\\u0435 Weddingcars \\u043f\\u0440\\u0435\\u0434\\u0441\\u0442\\u0430\\u0432\\u043b\\u0435\\u043d\\u044b \\u0430\\u0432\\u0442\\u043e \\u043b\\u044e\\u0431\\u043e\\u0439 \\u0446\\u0435\\u043d\\u043e\\u0432\\u043e\\u0439 \\u043a\\u0430\\u0442\\u0435\\u0433\\u043e\\u0440\\u0438\\u0438 \\u2013 \\u043e\\u0442 \\u043c\\u043e\\u0434\\u0435\\u043b\\u0435\\u0439 \\u044d\\u043a\\u043e\\u043d\\u043e\\u043c-\\u043a\\u043b\\u0430\\u0441\\u0441\\u0430 \\u0434\\u043e \\u0430\\u0432\\u0442\\u043e\\u043c\\u0430\\u0448\\u0438\\u043d \\u043a\\u043b\\u0430\\u0441\\u0441\\u0430 \\u043b\\u044e\\u043a\\u0441. \\u0422\\u0430\\u043a\\u0436\\u0435 \\u043c\\u043e\\u0436\\u043d\\u043e \\u043d\\u0430\\u0439\\u0442\\u0438 \\u0438 \\u0437\\u0430\\u043a\\u0430\\u0437\\u0430\\u0442\\u044c \\u043a\\u043e\\u043c\\u0444\\u043e\\u0440\\u0442\\u0430\\u0431\\u0435\\u043b\\u044c\\u043d\\u044b\\u0435 \\u0430\\u0432\\u0442\\u043e\\u0431\\u0443\\u0441\\u044b \\u0438 \\u043c\\u0438\\u043a\\u0440\\u043e\\u0430\\u0432\\u0442\\u043e\\u0431\\u0443\\u0441\\u044b, \\u0447\\u0442\\u043e\\u0431\\u044b \\u043f\\u0440\\u0438\\u0432\\u0435\\u0437\\u0442\\u0438 \\u043d\\u0430 \\u043f\\u0440\\u0430\\u0437\\u0434\\u043d\\u0438\\u043a \\u0432\\u0441\\u0435\\u0445 \\u0432\\u0430\\u0448\\u0438\\u0445 \\u0433\\u043e\\u0441\\u0442\\u0435\\u0439.\\u003C\\/p\\u003E\\u003Cp\\u003E\\u0410\\u0432\\u0442\\u043e, \\u043f\\u0440\\u0435\\u0434\\u0441\\u0442\\u0430\\u0432\\u043b\\u0435\\u043d\\u043d\\u044b\\u0435 \\u0432 \\u043d\\u0430\\u0448\\u0435\\u043c \\u043a\\u0430\\u0442\\u0430\\u043b\\u043e\\u0433\\u0435, \\u043e\\u0431\\u043b\\u0430\\u0434\\u0430\\u044e\\u0442 \\u0431\\u0435\\u0437\\u0443\\u043f\\u0440\\u0435\\u0447\\u043d\\u044b\\u043c \\u0432\\u043d\\u0435\\u0448\\u043d\\u0438\\u043c \\u0432\\u0438\\u0434\\u043e\\u043c \\u0438 \\u043e\\u0442\\u043b\\u0438\\u0447\\u043d\\u044b\\u043c \\u0442\\u0435\\u0445\\u043d\\u0438\\u0447\\u0435\\u0441\\u043a\\u0438\\u043c \\u0441\\u043e\\u0441\\u0442\\u043e\\u044f\\u043d\\u0438\\u0435\\u043c. \\u0412\\u043e\\u0434\\u0438\\u0442\\u0435\\u043b\\u0438, \\u043a\\u043e\\u0442\\u043e\\u0440\\u044b\\u0435 \\u0440\\u0430\\u0431\\u043e\\u0442\\u0430\\u044e\\u0442 \\u0441 Weddingcars, \\u043f\\u0440\\u043e\\u0445\\u043e\\u0434\\u044f\\u0442 \\u043e\\u0431\\u044f\\u0437\\u0430\\u0442\\u0435\\u043b\\u044c\\u043d\\u0443\\u044e \\u043f\\u0440\\u043e\\u0432\\u0435\\u0440\\u043a\\u0443 \\u0438 \\u043f\\u043e\\u0434\\u043f\\u0438\\u0441\\u044b\\u0432\\u0430\\u044e\\u0442 \\u0434\\u043e\\u0433\\u043e\\u0432\\u043e\\u0440-\\u0441\\u043e\\u0433\\u043b\\u0430\\u0448\\u0435\\u043d\\u0438\\u0435, \\u0441\\u043e\\u0434\\u0435\\u0440\\u0436\\u0430\\u0449\\u0438\\u0439 \\u0443\\u0441\\u043b\\u043e\\u0432\\u0438\\u044f \\u0441\\u043e\\u0442\\u0440\\u0443\\u0434\\u043d\\u0438\\u0447\\u0435\\u0441\\u0442\\u0432\\u0430, \\u0432 \\u0442\\u043e\\u043c \\u0447\\u0438\\u0441\\u043b\\u0435 \\u043a\\u0430\\u0441\\u0430\\u0435\\u043c\\u043e \\u043e\\u043f\\u0440\\u044f\\u0442\\u043d\\u043e\\u0433\\u043e \\u0432\\u043d\\u0435\\u0448\\u043d\\u0435\\u0433\\u043e \\u0432\\u0438\\u0434\\u0430 \\u0432\\u043e\\u0434\\u0438\\u0442\\u0435\\u043b\\u044f \\u0438 \\u0430\\u0432\\u0442\\u043e\\u043c\\u043e\\u0431\\u0438\\u043b\\u044f, \\u0445\\u0438\\u043c\\u0447\\u0438\\u0441\\u0442\\u043a\\u0438 \\u0441\\u0430\\u043b\\u043e\\u043d\\u0430 \\u0438 \\u043f\\u0440.\\u003C\\/p\\u003E\\u003Cp\\u003E\\u0420\\u0435\\u0439\\u0442\\u0438\\u043d\\u0433 \\u0430\\u0432\\u0442\\u043e\\u043c\\u043e\\u0431\\u0438\\u043b\\u0435\\u0439 \\u0438 \\u0440\\u0435\\u0430\\u043b\\u044c\\u043d\\u044b\\u0435 \\u043e\\u0442\\u0437\\u044b\\u0432\\u044b \\u043f\\u043e\\u0441\\u0435\\u0442\\u0438\\u0442\\u0435\\u043b\\u0435\\u0439 \\u043d\\u0430 \\u0441\\u0430\\u0439\\u0442\\u0435 \\u043f\\u043e\\u043c\\u043e\\u0433\\u0443\\u0442 \\u0432\\u0430\\u043c \\u0441\\u0434\\u0435\\u043b\\u0430\\u0442\\u044c \\u0434\\u0435\\u0439\\u0441\\u0442\\u0432\\u0438\\u0442\\u0435\\u043b\\u044c\\u043d\\u043e \\u043b\\u0443\\u0447\\u0448\\u0438\\u0439 \\u0432\\u044b\\u0431\\u043e\\u0440 \\u0434\\u043b\\u044f \\u0432\\u0430\\u0448\\u0435\\u0433\\u043e \\u043d\\u0435\\u0437\\u0430\\u0431\\u044b\\u0432\\u0430\\u0435\\u043c\\u043e\\u0433\\u043e \\u043f\\u0440\\u0430\\u0437\\u0434\\u043d\\u0438\\u043a\\u0430. \\u041f\\u043e\\u044d\\u0442\\u043e\\u043c\\u0443, \\u0435\\u0441\\u043b\\u0438 \\u0432\\u044b \\u0440\\u0435\\u0448\\u0438\\u043b\\u0438 \\u0441\\u0434\\u0435\\u043b\\u0430\\u0442\\u044c \\u0412\\u0430\\u0448\\u0443 \\u0441\\u0432\\u0430\\u0434\\u044c\\u0431\\u0443 \\u0434\\u0435\\u0439\\u0441\\u0442\\u0432\\u0438\\u0442\\u0435\\u043b\\u044c\\u043d\\u043e \\u044f\\u0440\\u043a\\u043e\\u0439 \\u0438 \\u043d\\u0435\\u0437\\u0430\\u0431\\u044b\\u0432\\u0430\\u0435\\u043c\\u043e\\u0439 \\u0438 \\u043f\\u043e\\u043b\\u0443\\u0447\\u0438\\u0442\\u044c \\u0438\\u0441\\u043a\\u043b\\u044e\\u0447\\u0438\\u0442\\u0435\\u043b\\u044c\\u043d\\u043e \\u043f\\u043e\\u043b\\u043e\\u0436\\u0438\\u0442\\u0435\\u043b\\u044c\\u043d\\u044b\\u0435 \\u0432\\u043f\\u0435\\u0447\\u0430\\u0442\\u043b\\u0435\\u043d\\u0438\\u044f, \\u0432\\u043e\\u0441\\u043f\\u043e\\u043b\\u044c\\u0437\\u0443\\u0439\\u0442\\u0435\\u0441\\u044c \\u0443\\u0441\\u043b\\u0443\\u0433\\u0430\\u043c\\u0438 \\u0441\\u0435\\u0440\\u0432\\u0438\\u0441\\u0430 Weddingcars!\\u003C\\/p\\u003E"}]', '[{"text":"\\u003Cp\\u003E\\u003Cstrong\\u003EWeddingcars\\u003C\\/strong\\u003E\\r\\n-  \\u044d\\u0442\\u043e \\u043f\\u0435\\u0440\\u0432\\u044b\\u0439 \\u0432 \\u041f\\u043e\\u043b\\u0442\\u0430\\u0432\\u0435 \\u0438 \\u0423\\u043a\\u0440\\u0430\\u0438\\u043d\\u0435 \\u043e\\u0442\\u043a\\u0440\\u044b\\u0442\\u044b\\u0439 \\u0441\\u0435\\u0440\\u0432\\u0438\\u0441 \\u043f\\u043e\\u0438\\u0441\\u043a\\u0430 \\u0441\\u0432\\u0430\\u0434\\u0435\\u0431\\u043d\\u044b\\u0445 \\u0430\\u0432\\u0442\\u043e\\u043c\\u043e\\u0431\\u0438\\u043b\\u0435\\u0439. \\u041c\\u044b \\u0432\\u044b\\u0441\\u0442\\u0443\\u043f\\u0430\\u0435\\u043c \\u0432 \\u043a\\u0430\\u0447\\u0435\\u0441\\u0442\\u0432\\u0435 \\u043f\\u043e\\u0441\\u0440\\u0435\\u0434\\u043d\\u0438\\u043a\\u0430 \\u043c\\u0435\\u0436\\u0434\\u0443 \\u0432\\u043e\\u0434\\u0438\\u0442\\u0435\\u043b\\u044f\\u043c\\u0438 \\u0438 \\u043a\\u043b\\u0438\\u0435\\u043d\\u0442\\u0430\\u043c\\u0438. \\u0412\\u043e\\u0434\\u0438\\u0442\\u0435\\u043b\\u0438, \\u0436\\u0435\\u043b\\u0430\\u044e\\u0449\\u0438\\u0435 \\u043f\\u0440\\u0435\\u0434\\u043e\\u0441\\u0442\\u0430\\u0432\\u043b\\u044f\\u0442\\u044c \\u0443\\u0441\\u043b\\u0443\\u0433\\u0438 \\u0441\\u0432\\u0430\\u0434\\u0435\\u0431\\u043d\\u043e\\u0439 \\u043f\\u0435\\u0440\\u0435\\u0432\\u043e\\u0437\\u043a\\u0438, \\u043f\\u0440\\u043e\\u0445\\u043e\\u0434\\u044f\\u0442 \\u043f\\u0440\\u043e\\u0432\\u0435\\u0440\\u043a\\u0443 \\u0438 \\u0440\\u0435\\u0433\\u0438\\u0441\\u0442\\u0440\\u0438\\u0440\\u0443\\u044e\\u0442\\u0441\\u044f \\u043d\\u0430 \\u043d\\u0430\\u0448\\u0435\\u0439 \\u043e\\u043d\\u043b\\u0430\\u0439\\u043d-\\u043f\\u043b\\u043e\\u0449\\u0430\\u0434\\u043a\\u0435. \\r\\n\\u003C\\/p\\u003E\\r\\n\\u003Cp\\u003E\\u041a\\u043b\\u0438\\u0435\\u043d\\u0442\\u044b, \\u0432 \\u0441\\u0432\\u043e\\u044e \\u043e\\u0447\\u0435\\u0440\\u0435\\u0434\\u044c, \\u0438\\u043c\\u0435\\u044e\\u0442 \\u0432\\u043e\\u0437\\u043c\\u043e\\u0436\\u043d\\u043e\\u0441\\u0442\\u044c \\u0441\\u0430\\u043c\\u043e\\u0441\\u0442\\u043e\\u044f\\u0442\\u0435\\u043b\\u044c\\u043d\\u043e \\u0432\\u044b\\u0431\\u0440\\u0430\\u0442\\u044c \\u0441\\u0432\\u0430\\u0434\\u0435\\u0431\\u043d\\u044b\\u0439 \\u0430\\u0432\\u0442\\u043e\\u043c\\u043e\\u0431\\u0438\\u043b\\u044c \\u043d\\u0430 \\u043b\\u044e\\u0431\\u043e\\u0439 \\u0432\\u043a\\u0443\\u0441 \\u0438 \\u0446\\u0432\\u0435\\u0442 \\u0438\\u0437 \\u043e\\u0431\\u0448\\u0438\\u0440\\u043d\\u043e\\u0433\\u043e \\u043f\\u0435\\u0440\\u0435\\u0447\\u043d\\u044f \\u043f\\u0440\\u0435\\u0434\\u0441\\u0442\\u0430\\u0432\\u043b\\u0435\\u043d\\u043d\\u044b\\u0445 \\u0432\\u0430\\u0440\\u0438\\u0430\\u043d\\u0442\\u043e\\u0432.\\r\\n\\u003C\\/p\\u003E\\r\\n\\u003Cp\\u003E\\u041e\\u0434\\u043d\\u0438\\u043c \\u0438\\u0437 \\u043d\\u0430\\u0448\\u0438\\u0445 \\u043f\\u0440\\u0435\\u0438\\u043c\\u0443\\u0449\\u0435\\u0441\\u0442\\u0432 \\u044f\\u0432\\u043b\\u044f\\u0435\\u0442\\u0441\\u044f \\u0432\\u043e\\u0437\\u043c\\u043e\\u0436\\u043d\\u043e\\u0441\\u0442\\u044c \\u0432\\u044b\\u0431\\u043e\\u0440\\u0430 \\u0441\\u0440\\u0435\\u0434\\u0438 \\u0431\\u043e\\u043b\\u044c\\u0448\\u043e\\u0433\\u043e \\u043a\\u043e\\u043b\\u0438\\u0447\\u0435\\u0441\\u0442\\u0432\\u0430 \\u043f\\u0440\\u0435\\u0434\\u043b\\u043e\\u0436\\u0435\\u043d\\u0438\\u0439. \\u0412\\u0430\\u0448\\u0435\\u043c\\u0443 \\u0432\\u043d\\u0438\\u043c\\u0430\\u043d\\u0438\\u044e \\u043f\\u0440\\u0435\\u0434\\u043b\\u0430\\u0433\\u0430\\u044e\\u0442\\u0441\\u044f \\u0440\\u0430\\u0437\\u043b\\u0438\\u0447\\u043d\\u044b\\u0435 \\u0432\\u0430\\u0440\\u0438\\u0430\\u043d\\u0442\\u044b \\u043a\\u043e\\u043c\\u043f\\u043b\\u0435\\u043a\\u0442\\u0430\\u0446\\u0438\\u0438 \\u0441\\u0432\\u0430\\u0434\\u0435\\u0431\\u043d\\u043e\\u0433\\u043e \\u043a\\u043e\\u0440\\u0442\\u0435\\u0436\\u0430 - \\u043b\\u0435\\u0433\\u043a\\u043e\\u0432\\u044b\\u0435 \\u0430\\u0432\\u0442\\u043e \\u0438 \\u0432\\u043d\\u0435\\u0434\\u043e\\u0440\\u043e\\u0436\\u043d\\u0438\\u043a\\u0438, \\u0440\\u0435\\u0442\\u0440\\u043e-\\u0430\\u0432\\u0442\\u043e\\u043c\\u043e\\u0431\\u0438\\u043b\\u0438, \\u043a\\u0430\\u0431\\u0440\\u0438\\u043e\\u043b\\u0435\\u0442\\u044b, \\u043b\\u0438\\u043c\\u0443\\u0437\\u0438\\u043d\\u044b \\u0438 \\u043f\\u0440. \\u041d\\u0430 \\u0441\\u0435\\u0440\\u0432\\u0438\\u0441\\u0435 Weddingcars \\u043f\\u0440\\u0435\\u0434\\u0441\\u0442\\u0430\\u0432\\u043b\\u0435\\u043d\\u044b \\u0430\\u0432\\u0442\\u043e \\u043b\\u044e\\u0431\\u043e\\u0439 \\u0446\\u0435\\u043d\\u043e\\u0432\\u043e\\u0439 \\u043a\\u0430\\u0442\\u0435\\u0433\\u043e\\u0440\\u0438\\u0438 \\u2013 \\u043e\\u0442 \\u043c\\u043e\\u0434\\u0435\\u043b\\u0435\\u0439 \\u044d\\u043a\\u043e\\u043d\\u043e\\u043c-\\u043a\\u043b\\u0430\\u0441\\u0441\\u0430 \\u0434\\u043e \\u0430\\u0432\\u0442\\u043e\\u043c\\u0430\\u0448\\u0438\\u043d \\u043a\\u043b\\u0430\\u0441\\u0441\\u0430 \\u043b\\u044e\\u043a\\u0441. \\u0422\\u0430\\u043a\\u0436\\u0435 \\u043c\\u043e\\u0436\\u043d\\u043e \\u043d\\u0430\\u0439\\u0442\\u0438 \\u0438 \\u0437\\u0430\\u043a\\u0430\\u0437\\u0430\\u0442\\u044c \\u043a\\u043e\\u043c\\u0444\\u043e\\u0440\\u0442\\u0430\\u0431\\u0435\\u043b\\u044c\\u043d\\u044b\\u0435 \\u0430\\u0432\\u0442\\u043e\\u0431\\u0443\\u0441\\u044b \\u0438 \\u043c\\u0438\\u043a\\u0440\\u043e\\u0430\\u0432\\u0442\\u043e\\u0431\\u0443\\u0441\\u044b, \\u0447\\u0442\\u043e\\u0431\\u044b \\u043f\\u0440\\u0438\\u0432\\u0435\\u0437\\u0442\\u0438 \\u043d\\u0430 \\u043f\\u0440\\u0430\\u0437\\u0434\\u043d\\u0438\\u043a \\u0432\\u0441\\u0435\\u0445 \\u0432\\u0430\\u0448\\u0438\\u0445 \\u0433\\u043e\\u0441\\u0442\\u0435\\u0439.\\r\\n\\u003C\\/p\\u003E\\r\\n\\u003Cp\\u003E\\u0410\\u0432\\u0442\\u043e, \\u043f\\u0440\\u0435\\u0434\\u0441\\u0442\\u0430\\u0432\\u043b\\u0435\\u043d\\u043d\\u044b\\u0435 \\u0432 \\u043d\\u0430\\u0448\\u0435\\u043c \\u043a\\u0430\\u0442\\u0430\\u043b\\u043e\\u0433\\u0435, \\u043e\\u0431\\u043b\\u0430\\u0434\\u0430\\u044e\\u0442 \\u0431\\u0435\\u0437\\u0443\\u043f\\u0440\\u0435\\u0447\\u043d\\u044b\\u043c \\u0432\\u043d\\u0435\\u0448\\u043d\\u0438\\u043c \\u0432\\u0438\\u0434\\u043e\\u043c \\u0438 \\u043e\\u0442\\u043b\\u0438\\u0447\\u043d\\u044b\\u043c \\u0442\\u0435\\u0445\\u043d\\u0438\\u0447\\u0435\\u0441\\u043a\\u0438\\u043c \\u0441\\u043e\\u0441\\u0442\\u043e\\u044f\\u043d\\u0438\\u0435\\u043c. \\u0412\\u043e\\u0434\\u0438\\u0442\\u0435\\u043b\\u0438, \\u043a\\u043e\\u0442\\u043e\\u0440\\u044b\\u0435 \\u0440\\u0430\\u0431\\u043e\\u0442\\u0430\\u044e\\u0442 \\u0441 Weddingcars, \\u043f\\u0440\\u043e\\u0445\\u043e\\u0434\\u044f\\u0442 \\u043e\\u0431\\u044f\\u0437\\u0430\\u0442\\u0435\\u043b\\u044c\\u043d\\u0443\\u044e \\u043f\\u0440\\u043e\\u0432\\u0435\\u0440\\u043a\\u0443 \\u0438 \\u043f\\u043e\\u0434\\u043f\\u0438\\u0441\\u044b\\u0432\\u0430\\u044e\\u0442 \\u0434\\u043e\\u0433\\u043e\\u0432\\u043e\\u0440-\\u0441\\u043e\\u0433\\u043b\\u0430\\u0448\\u0435\\u043d\\u0438\\u0435, \\u0441\\u043e\\u0434\\u0435\\u0440\\u0436\\u0430\\u0449\\u0438\\u0439 \\u0443\\u0441\\u043b\\u043e\\u0432\\u0438\\u044f \\u0441\\u043e\\u0442\\u0440\\u0443\\u0434\\u043d\\u0438\\u0447\\u0435\\u0441\\u0442\\u0432\\u0430, \\u0432 \\u0442\\u043e\\u043c \\u0447\\u0438\\u0441\\u043b\\u0435 \\u043a\\u0430\\u0441\\u0430\\u0435\\u043c\\u043e \\u043e\\u043f\\u0440\\u044f\\u0442\\u043d\\u043e\\u0433\\u043e \\u0432\\u043d\\u0435\\u0448\\u043d\\u0435\\u0433\\u043e \\u0432\\u0438\\u0434\\u0430 \\u0432\\u043e\\u0434\\u0438\\u0442\\u0435\\u043b\\u044f \\u0438 \\u0430\\u0432\\u0442\\u043e\\u043c\\u043e\\u0431\\u0438\\u043b\\u044f, \\u0445\\u0438\\u043c\\u0447\\u0438\\u0441\\u0442\\u043a\\u0438 \\u0441\\u0430\\u043b\\u043e\\u043d\\u0430 \\u0438 \\u043f\\u0440.\\r\\n\\u003C\\/p\\u003E\\r\\n\\u003Cp\\u003E\\u0420\\u0435\\u0439\\u0442\\u0438\\u043d\\u0433 \\u0430\\u0432\\u0442\\u043e\\u043c\\u043e\\u0431\\u0438\\u043b\\u0435\\u0439 \\u0438 \\u0440\\u0435\\u0430\\u043b\\u044c\\u043d\\u044b\\u0435 \\u043e\\u0442\\u0437\\u044b\\u0432\\u044b \\u043f\\u043e\\u0441\\u0435\\u0442\\u0438\\u0442\\u0435\\u043b\\u0435\\u0439 \\u043d\\u0430 \\u0441\\u0430\\u0439\\u0442\\u0435 \\u043f\\u043e\\u043c\\u043e\\u0433\\u0443\\u0442 \\u0432\\u0430\\u043c \\u0441\\u0434\\u0435\\u043b\\u0430\\u0442\\u044c \\u0434\\u0435\\u0439\\u0441\\u0442\\u0432\\u0438\\u0442\\u0435\\u043b\\u044c\\u043d\\u043e \\u043b\\u0443\\u0447\\u0448\\u0438\\u0439 \\u0432\\u044b\\u0431\\u043e\\u0440 \\u0434\\u043b\\u044f \\u0432\\u0430\\u0448\\u0435\\u0433\\u043e \\u043d\\u0435\\u0437\\u0430\\u0431\\u044b\\u0432\\u0430\\u0435\\u043c\\u043e\\u0433\\u043e \\u043f\\u0440\\u0430\\u0437\\u0434\\u043d\\u0438\\u043a\\u0430. \\u041f\\u043e\\u044d\\u0442\\u043e\\u043c\\u0443, \\u0435\\u0441\\u043b\\u0438 \\u0432\\u044b \\u0440\\u0435\\u0448\\u0438\\u043b\\u0438 \\u0441\\u0434\\u0435\\u043b\\u0430\\u0442\\u044c \\u0412\\u0430\\u0448\\u0443 \\u0441\\u0432\\u0430\\u0434\\u044c\\u0431\\u0443 \\u0434\\u0435\\u0439\\u0441\\u0442\\u0432\\u0438\\u0442\\u0435\\u043b\\u044c\\u043d\\u043e \\u044f\\u0440\\u043a\\u043e\\u0439 \\u0438 \\u043d\\u0435\\u0437\\u0430\\u0431\\u044b\\u0432\\u0430\\u0435\\u043c\\u043e\\u0439 \\u0438 \\u043f\\u043e\\u043b\\u0443\\u0447\\u0438\\u0442\\u044c \\u0438\\u0441\\u043a\\u043b\\u044e\\u0447\\u0438\\u0442\\u0435\\u043b\\u044c\\u043d\\u043e \\u043f\\u043e\\u043b\\u043e\\u0436\\u0438\\u0442\\u0435\\u043b\\u044c\\u043d\\u044b\\u0435 \\u0432\\u043f\\u0435\\u0447\\u0430\\u0442\\u043b\\u0435\\u043d\\u0438\\u044f, \\u0432\\u043e\\u0441\\u043f\\u043e\\u043b\\u044c\\u0437\\u0443\\u0439\\u0442\\u0435\\u0441\\u044c \\u0443\\u0441\\u043b\\u0443\\u0433\\u0430\\u043c\\u0438 \\u0441\\u0435\\u0440\\u0432\\u0438\\u0441\\u0430 Weddingcars!\\r\\n\\u003C\\/p\\u003E"}]', 'app\\models\\Pages', 1473682507);
INSERT INTO `access_log` (`id`, `action`, `user_id`, `item_id`, `changed`, `attributes`, `model_class`, `created_at`) VALUES
(7, 'update', 1, 11, '[{"text":"\\u003Cp\\u003E\\u003Cstrong\\u003EWeddingcars\\u003C\\/strong\\u003E\\r\\n-  \\u044d\\u0442\\u043e \\u043f\\u0435\\u0440\\u0432\\u044b\\u0439 \\u0432 \\u041f\\u043e\\u043b\\u0442\\u0430\\u0432\\u0435 \\u0438 \\u0423\\u043a\\u0440\\u0430\\u0438\\u043d\\u0435 \\u043e\\u0442\\u043a\\u0440\\u044b\\u0442\\u044b\\u0439 \\u0441\\u0435\\u0440\\u0432\\u0438\\u0441 \\u043f\\u043e\\u0438\\u0441\\u043a\\u0430 \\u0441\\u0432\\u0430\\u0434\\u0435\\u0431\\u043d\\u044b\\u0445 \\u0430\\u0432\\u0442\\u043e\\u043c\\u043e\\u0431\\u0438\\u043b\\u0435\\u0439. \\u041c\\u044b \\u0432\\u044b\\u0441\\u0442\\u0443\\u043f\\u0430\\u0435\\u043c \\u0432 \\u043a\\u0430\\u0447\\u0435\\u0441\\u0442\\u0432\\u0435 \\u043f\\u043e\\u0441\\u0440\\u0435\\u0434\\u043d\\u0438\\u043a\\u0430 \\u043c\\u0435\\u0436\\u0434\\u0443 \\u0432\\u043e\\u0434\\u0438\\u0442\\u0435\\u043b\\u044f\\u043c\\u0438 \\u0438 \\u043a\\u043b\\u0438\\u0435\\u043d\\u0442\\u0430\\u043c\\u0438. \\u0412\\u043e\\u0434\\u0438\\u0442\\u0435\\u043b\\u0438, \\u0436\\u0435\\u043b\\u0430\\u044e\\u0449\\u0438\\u0435 \\u043f\\u0440\\u0435\\u0434\\u043e\\u0441\\u0442\\u0430\\u0432\\u043b\\u044f\\u0442\\u044c \\u0443\\u0441\\u043b\\u0443\\u0433\\u0438 \\u0441\\u0432\\u0430\\u0434\\u0435\\u0431\\u043d\\u043e\\u0439 \\u043f\\u0435\\u0440\\u0435\\u0432\\u043e\\u0437\\u043a\\u0438, \\u043f\\u0440\\u043e\\u0445\\u043e\\u0434\\u044f\\u0442 \\u043f\\u0440\\u043e\\u0432\\u0435\\u0440\\u043a\\u0443 \\u0438 \\u0440\\u0435\\u0433\\u0438\\u0441\\u0442\\u0440\\u0438\\u0440\\u0443\\u044e\\u0442\\u0441\\u044f \\u043d\\u0430 \\u043d\\u0430\\u0448\\u0435\\u0439 \\u043e\\u043d\\u043b\\u0430\\u0439\\u043d-\\u043f\\u043b\\u043e\\u0449\\u0430\\u0434\\u043a\\u0435. \\r\\n\\u003C\\/p\\u003E\\r\\n\\u003Cp\\u003E\\u041a\\u043b\\u0438\\u0435\\u043d\\u0442\\u044b, \\u0432 \\u0441\\u0432\\u043e\\u044e \\u043e\\u0447\\u0435\\u0440\\u0435\\u0434\\u044c, \\u0438\\u043c\\u0435\\u044e\\u0442 \\u0432\\u043e\\u0437\\u043c\\u043e\\u0436\\u043d\\u043e\\u0441\\u0442\\u044c \\u0441\\u0430\\u043c\\u043e\\u0441\\u0442\\u043e\\u044f\\u0442\\u0435\\u043b\\u044c\\u043d\\u043e \\u0432\\u044b\\u0431\\u0440\\u0430\\u0442\\u044c \\u0441\\u0432\\u0430\\u0434\\u0435\\u0431\\u043d\\u044b\\u0439 \\u0430\\u0432\\u0442\\u043e\\u043c\\u043e\\u0431\\u0438\\u043b\\u044c \\u043d\\u0430 \\u043b\\u044e\\u0431\\u043e\\u0439 \\u0432\\u043a\\u0443\\u0441 \\u0438 \\u0446\\u0432\\u0435\\u0442 \\u0438\\u0437 \\u043e\\u0431\\u0448\\u0438\\u0440\\u043d\\u043e\\u0433\\u043e \\u043f\\u0435\\u0440\\u0435\\u0447\\u043d\\u044f \\u043f\\u0440\\u0435\\u0434\\u0441\\u0442\\u0430\\u0432\\u043b\\u0435\\u043d\\u043d\\u044b\\u0445 \\u0432\\u0430\\u0440\\u0438\\u0430\\u043d\\u0442\\u043e\\u0432.\\r\\n\\u003C\\/p\\u003E\\r\\n\\u003Cp\\u003E\\u041e\\u0434\\u043d\\u0438\\u043c \\u0438\\u0437 \\u043d\\u0430\\u0448\\u0438\\u0445 \\u043f\\u0440\\u0435\\u0438\\u043c\\u0443\\u0449\\u0435\\u0441\\u0442\\u0432 \\u044f\\u0432\\u043b\\u044f\\u0435\\u0442\\u0441\\u044f \\u0432\\u043e\\u0437\\u043c\\u043e\\u0436\\u043d\\u043e\\u0441\\u0442\\u044c \\u0432\\u044b\\u0431\\u043e\\u0440\\u0430 \\u0441\\u0440\\u0435\\u0434\\u0438 \\u0431\\u043e\\u043b\\u044c\\u0448\\u043e\\u0433\\u043e \\u043a\\u043e\\u043b\\u0438\\u0447\\u0435\\u0441\\u0442\\u0432\\u0430 \\u043f\\u0440\\u0435\\u0434\\u043b\\u043e\\u0436\\u0435\\u043d\\u0438\\u0439. \\u0412\\u0430\\u0448\\u0435\\u043c\\u0443 \\u0432\\u043d\\u0438\\u043c\\u0430\\u043d\\u0438\\u044e \\u043f\\u0440\\u0435\\u0434\\u043b\\u0430\\u0433\\u0430\\u044e\\u0442\\u0441\\u044f \\u0440\\u0430\\u0437\\u043b\\u0438\\u0447\\u043d\\u044b\\u0435 \\u0432\\u0430\\u0440\\u0438\\u0430\\u043d\\u0442\\u044b \\u043a\\u043e\\u043c\\u043f\\u043b\\u0435\\u043a\\u0442\\u0430\\u0446\\u0438\\u0438 \\u0441\\u0432\\u0430\\u0434\\u0435\\u0431\\u043d\\u043e\\u0433\\u043e \\u043a\\u043e\\u0440\\u0442\\u0435\\u0436\\u0430 - \\u043b\\u0435\\u0433\\u043a\\u043e\\u0432\\u044b\\u0435 \\u0430\\u0432\\u0442\\u043e \\u0438 \\u0432\\u043d\\u0435\\u0434\\u043e\\u0440\\u043e\\u0436\\u043d\\u0438\\u043a\\u0438, \\u0440\\u0435\\u0442\\u0440\\u043e-\\u0430\\u0432\\u0442\\u043e\\u043c\\u043e\\u0431\\u0438\\u043b\\u0438, \\u043a\\u0430\\u0431\\u0440\\u0438\\u043e\\u043b\\u0435\\u0442\\u044b, \\u043b\\u0438\\u043c\\u0443\\u0437\\u0438\\u043d\\u044b \\u0438 \\u043f\\u0440. \\u041d\\u0430 \\u0441\\u0435\\u0440\\u0432\\u0438\\u0441\\u0435 Weddingcars \\u043f\\u0440\\u0435\\u0434\\u0441\\u0442\\u0430\\u0432\\u043b\\u0435\\u043d\\u044b \\u0430\\u0432\\u0442\\u043e \\u043b\\u044e\\u0431\\u043e\\u0439 \\u0446\\u0435\\u043d\\u043e\\u0432\\u043e\\u0439 \\u043a\\u0430\\u0442\\u0435\\u0433\\u043e\\u0440\\u0438\\u0438 \\u2013 \\u043e\\u0442 \\u043c\\u043e\\u0434\\u0435\\u043b\\u0435\\u0439 \\u044d\\u043a\\u043e\\u043d\\u043e\\u043c-\\u043a\\u043b\\u0430\\u0441\\u0441\\u0430 \\u0434\\u043e \\u0430\\u0432\\u0442\\u043e\\u043c\\u0430\\u0448\\u0438\\u043d \\u043a\\u043b\\u0430\\u0441\\u0441\\u0430 \\u043b\\u044e\\u043a\\u0441. \\u0422\\u0430\\u043a\\u0436\\u0435 \\u043c\\u043e\\u0436\\u043d\\u043e \\u043d\\u0430\\u0439\\u0442\\u0438 \\u0438 \\u0437\\u0430\\u043a\\u0430\\u0437\\u0430\\u0442\\u044c \\u043a\\u043e\\u043c\\u0444\\u043e\\u0440\\u0442\\u0430\\u0431\\u0435\\u043b\\u044c\\u043d\\u044b\\u0435 \\u0430\\u0432\\u0442\\u043e\\u0431\\u0443\\u0441\\u044b \\u0438 \\u043c\\u0438\\u043a\\u0440\\u043e\\u0430\\u0432\\u0442\\u043e\\u0431\\u0443\\u0441\\u044b, \\u0447\\u0442\\u043e\\u0431\\u044b \\u043f\\u0440\\u0438\\u0432\\u0435\\u0437\\u0442\\u0438 \\u043d\\u0430 \\u043f\\u0440\\u0430\\u0437\\u0434\\u043d\\u0438\\u043a \\u0432\\u0441\\u0435\\u0445 \\u0432\\u0430\\u0448\\u0438\\u0445 \\u0433\\u043e\\u0441\\u0442\\u0435\\u0439.\\r\\n\\u003C\\/p\\u003E\\r\\n\\u003Cp\\u003E\\u0410\\u0432\\u0442\\u043e, \\u043f\\u0440\\u0435\\u0434\\u0441\\u0442\\u0430\\u0432\\u043b\\u0435\\u043d\\u043d\\u044b\\u0435 \\u0432 \\u043d\\u0430\\u0448\\u0435\\u043c \\u043a\\u0430\\u0442\\u0430\\u043b\\u043e\\u0433\\u0435, \\u043e\\u0431\\u043b\\u0430\\u0434\\u0430\\u044e\\u0442 \\u0431\\u0435\\u0437\\u0443\\u043f\\u0440\\u0435\\u0447\\u043d\\u044b\\u043c \\u0432\\u043d\\u0435\\u0448\\u043d\\u0438\\u043c \\u0432\\u0438\\u0434\\u043e\\u043c \\u0438 \\u043e\\u0442\\u043b\\u0438\\u0447\\u043d\\u044b\\u043c \\u0442\\u0435\\u0445\\u043d\\u0438\\u0447\\u0435\\u0441\\u043a\\u0438\\u043c \\u0441\\u043e\\u0441\\u0442\\u043e\\u044f\\u043d\\u0438\\u0435\\u043c. \\u0412\\u043e\\u0434\\u0438\\u0442\\u0435\\u043b\\u0438, \\u043a\\u043e\\u0442\\u043e\\u0440\\u044b\\u0435 \\u0440\\u0430\\u0431\\u043e\\u0442\\u0430\\u044e\\u0442 \\u0441 Weddingcars, \\u043f\\u0440\\u043e\\u0445\\u043e\\u0434\\u044f\\u0442 \\u043e\\u0431\\u044f\\u0437\\u0430\\u0442\\u0435\\u043b\\u044c\\u043d\\u0443\\u044e \\u043f\\u0440\\u043e\\u0432\\u0435\\u0440\\u043a\\u0443 \\u0438 \\u043f\\u043e\\u0434\\u043f\\u0438\\u0441\\u044b\\u0432\\u0430\\u044e\\u0442 \\u0434\\u043e\\u0433\\u043e\\u0432\\u043e\\u0440-\\u0441\\u043e\\u0433\\u043b\\u0430\\u0448\\u0435\\u043d\\u0438\\u0435, \\u0441\\u043e\\u0434\\u0435\\u0440\\u0436\\u0430\\u0449\\u0438\\u0439 \\u0443\\u0441\\u043b\\u043e\\u0432\\u0438\\u044f \\u0441\\u043e\\u0442\\u0440\\u0443\\u0434\\u043d\\u0438\\u0447\\u0435\\u0441\\u0442\\u0432\\u0430, \\u0432 \\u0442\\u043e\\u043c \\u0447\\u0438\\u0441\\u043b\\u0435 \\u043a\\u0430\\u0441\\u0430\\u0435\\u043c\\u043e \\u043e\\u043f\\u0440\\u044f\\u0442\\u043d\\u043e\\u0433\\u043e \\u0432\\u043d\\u0435\\u0448\\u043d\\u0435\\u0433\\u043e \\u0432\\u0438\\u0434\\u0430 \\u0432\\u043e\\u0434\\u0438\\u0442\\u0435\\u043b\\u044f \\u0438 \\u0430\\u0432\\u0442\\u043e\\u043c\\u043e\\u0431\\u0438\\u043b\\u044f, \\u0445\\u0438\\u043c\\u0447\\u0438\\u0441\\u0442\\u043a\\u0438 \\u0441\\u0430\\u043b\\u043e\\u043d\\u0430 \\u0438 \\u043f\\u0440.\\r\\n\\u003C\\/p\\u003E\\r\\n\\u003Cp\\u003E\\u0420\\u0435\\u0439\\u0442\\u0438\\u043d\\u0433 \\u0430\\u0432\\u0442\\u043e\\u043c\\u043e\\u0431\\u0438\\u043b\\u0435\\u0439 \\u0438 \\u0440\\u0435\\u0430\\u043b\\u044c\\u043d\\u044b\\u0435 \\u043e\\u0442\\u0437\\u044b\\u0432\\u044b \\u043f\\u043e\\u0441\\u0435\\u0442\\u0438\\u0442\\u0435\\u043b\\u0435\\u0439 \\u043d\\u0430 \\u0441\\u0430\\u0439\\u0442\\u0435 \\u043f\\u043e\\u043c\\u043e\\u0433\\u0443\\u0442 \\u0432\\u0430\\u043c \\u0441\\u0434\\u0435\\u043b\\u0430\\u0442\\u044c \\u0434\\u0435\\u0439\\u0441\\u0442\\u0432\\u0438\\u0442\\u0435\\u043b\\u044c\\u043d\\u043e \\u043b\\u0443\\u0447\\u0448\\u0438\\u0439 \\u0432\\u044b\\u0431\\u043e\\u0440 \\u0434\\u043b\\u044f \\u0432\\u0430\\u0448\\u0435\\u0433\\u043e \\u043d\\u0435\\u0437\\u0430\\u0431\\u044b\\u0432\\u0430\\u0435\\u043c\\u043e\\u0433\\u043e \\u043f\\u0440\\u0430\\u0437\\u0434\\u043d\\u0438\\u043a\\u0430. \\u041f\\u043e\\u044d\\u0442\\u043e\\u043c\\u0443, \\u0435\\u0441\\u043b\\u0438 \\u0432\\u044b \\u0440\\u0435\\u0448\\u0438\\u043b\\u0438 \\u0441\\u0434\\u0435\\u043b\\u0430\\u0442\\u044c \\u0412\\u0430\\u0448\\u0443 \\u0441\\u0432\\u0430\\u0434\\u044c\\u0431\\u0443 \\u0434\\u0435\\u0439\\u0441\\u0442\\u0432\\u0438\\u0442\\u0435\\u043b\\u044c\\u043d\\u043e \\u044f\\u0440\\u043a\\u043e\\u0439 \\u0438 \\u043d\\u0435\\u0437\\u0430\\u0431\\u044b\\u0432\\u0430\\u0435\\u043c\\u043e\\u0439 \\u0438 \\u043f\\u043e\\u043b\\u0443\\u0447\\u0438\\u0442\\u044c \\u0438\\u0441\\u043a\\u043b\\u044e\\u0447\\u0438\\u0442\\u0435\\u043b\\u044c\\u043d\\u043e \\u043f\\u043e\\u043b\\u043e\\u0436\\u0438\\u0442\\u0435\\u043b\\u044c\\u043d\\u044b\\u0435 \\u0432\\u043f\\u0435\\u0447\\u0430\\u0442\\u043b\\u0435\\u043d\\u0438\\u044f, \\u0432\\u043e\\u0441\\u043f\\u043e\\u043b\\u044c\\u0437\\u0443\\u0439\\u0442\\u0435\\u0441\\u044c \\u0443\\u0441\\u043b\\u0443\\u0433\\u0430\\u043c\\u0438 \\u0441\\u0435\\u0440\\u0432\\u0438\\u0441\\u0430 Weddingcars!\\r\\n\\u003C\\/p\\u003E"}]', '[{"text":"\\u003Cp style=\\"text-indent: 50px;font-weight: bold;\\"\\u003E\\r\\n\\u003Cstrong style=\\"font-size:24px\\"\\u003EWeddingcars\\u003C\\/strong\\u003E\\r\\n\\t-  \\u044d\\u0442\\u043e \\u043f\\u0435\\u0440\\u0432\\u044b\\u0439 \\u0432 \\u041f\\u043e\\u043b\\u0442\\u0430\\u0432\\u0435 \\u0438 \\u0423\\u043a\\u0440\\u0430\\u0438\\u043d\\u0435 \\u043e\\u0442\\u043a\\u0440\\u044b\\u0442\\u044b\\u0439 \\u0441\\u0435\\u0440\\u0432\\u0438\\u0441 \\u043f\\u043e\\u0438\\u0441\\u043a\\u0430 \\u0441\\u0432\\u0430\\u0434\\u0435\\u0431\\u043d\\u044b\\u0445 \\u0430\\u0432\\u0442\\u043e\\u043c\\u043e\\u0431\\u0438\\u043b\\u0435\\u0439. \\u041c\\u044b \\u0432\\u044b\\u0441\\u0442\\u0443\\u043f\\u0430\\u0435\\u043c \\u0432 \\u043a\\u0430\\u0447\\u0435\\u0441\\u0442\\u0432\\u0435 \\u043f\\u043e\\u0441\\u0440\\u0435\\u0434\\u043d\\u0438\\u043a\\u0430 \\u043c\\u0435\\u0436\\u0434\\u0443 \\u0432\\u043e\\u0434\\u0438\\u0442\\u0435\\u043b\\u044f\\u043c\\u0438 \\u0438 \\u043a\\u043b\\u0438\\u0435\\u043d\\u0442\\u0430\\u043c\\u0438. \\u0412\\u043e\\u0434\\u0438\\u0442\\u0435\\u043b\\u0438, \\u0436\\u0435\\u043b\\u0430\\u044e\\u0449\\u0438\\u0435 \\u043f\\u0440\\u0435\\u0434\\u043e\\u0441\\u0442\\u0430\\u0432\\u043b\\u044f\\u0442\\u044c \\u0443\\u0441\\u043b\\u0443\\u0433\\u0438 \\u0441\\u0432\\u0430\\u0434\\u0435\\u0431\\u043d\\u043e\\u0439 \\u043f\\u0435\\u0440\\u0435\\u0432\\u043e\\u0437\\u043a\\u0438, \\u043f\\u0440\\u043e\\u0445\\u043e\\u0434\\u044f\\u0442 \\u043f\\u0440\\u043e\\u0432\\u0435\\u0440\\u043a\\u0443 \\u0438 \\u0440\\u0435\\u0433\\u0438\\u0441\\u0442\\u0440\\u0438\\u0440\\u0443\\u044e\\u0442\\u0441\\u044f \\u043d\\u0430 \\u043d\\u0430\\u0448\\u0435\\u0439 \\u043e\\u043d\\u043b\\u0430\\u0439\\u043d-\\u043f\\u043b\\u043e\\u0449\\u0430\\u0434\\u043a\\u0435.\\r\\n\\u003C\\/p\\u003E\\r\\n\\u003Cp\\u003E\\u041a\\u043b\\u0438\\u0435\\u043d\\u0442\\u044b, \\u0432 \\u0441\\u0432\\u043e\\u044e \\u043e\\u0447\\u0435\\u0440\\u0435\\u0434\\u044c, \\u0438\\u043c\\u0435\\u044e\\u0442 \\u0432\\u043e\\u0437\\u043c\\u043e\\u0436\\u043d\\u043e\\u0441\\u0442\\u044c \\u0441\\u0430\\u043c\\u043e\\u0441\\u0442\\u043e\\u044f\\u0442\\u0435\\u043b\\u044c\\u043d\\u043e \\u0432\\u044b\\u0431\\u0440\\u0430\\u0442\\u044c \\u0441\\u0432\\u0430\\u0434\\u0435\\u0431\\u043d\\u044b\\u0439 \\u0430\\u0432\\u0442\\u043e\\u043c\\u043e\\u0431\\u0438\\u043b\\u044c \\u043d\\u0430 \\u043b\\u044e\\u0431\\u043e\\u0439 \\u0432\\u043a\\u0443\\u0441 \\u0438 \\u0446\\u0432\\u0435\\u0442 \\u0438\\u0437 \\u043e\\u0431\\u0448\\u0438\\u0440\\u043d\\u043e\\u0433\\u043e \\u043f\\u0435\\u0440\\u0435\\u0447\\u043d\\u044f \\u043f\\u0440\\u0435\\u0434\\u0441\\u0442\\u0430\\u0432\\u043b\\u0435\\u043d\\u043d\\u044b\\u0445 \\u0432\\u0430\\u0440\\u0438\\u0430\\u043d\\u0442\\u043e\\u0432.\\r\\n\\u003C\\/p\\u003E\\r\\n\\u003Cp\\u003E\\u041e\\u0434\\u043d\\u0438\\u043c \\u0438\\u0437 \\u043d\\u0430\\u0448\\u0438\\u0445 \\u043f\\u0440\\u0435\\u0438\\u043c\\u0443\\u0449\\u0435\\u0441\\u0442\\u0432 \\u044f\\u0432\\u043b\\u044f\\u0435\\u0442\\u0441\\u044f \\u0432\\u043e\\u0437\\u043c\\u043e\\u0436\\u043d\\u043e\\u0441\\u0442\\u044c \\u0432\\u044b\\u0431\\u043e\\u0440\\u0430 \\u0441\\u0440\\u0435\\u0434\\u0438 \\u0431\\u043e\\u043b\\u044c\\u0448\\u043e\\u0433\\u043e \\u043a\\u043e\\u043b\\u0438\\u0447\\u0435\\u0441\\u0442\\u0432\\u0430 \\u043f\\u0440\\u0435\\u0434\\u043b\\u043e\\u0436\\u0435\\u043d\\u0438\\u0439. \\u0412\\u0430\\u0448\\u0435\\u043c\\u0443 \\u0432\\u043d\\u0438\\u043c\\u0430\\u043d\\u0438\\u044e \\u043f\\u0440\\u0435\\u0434\\u043b\\u0430\\u0433\\u0430\\u044e\\u0442\\u0441\\u044f \\u0440\\u0430\\u0437\\u043b\\u0438\\u0447\\u043d\\u044b\\u0435 \\u0432\\u0430\\u0440\\u0438\\u0430\\u043d\\u0442\\u044b \\u043a\\u043e\\u043c\\u043f\\u043b\\u0435\\u043a\\u0442\\u0430\\u0446\\u0438\\u0438 \\u0441\\u0432\\u0430\\u0434\\u0435\\u0431\\u043d\\u043e\\u0433\\u043e \\u043a\\u043e\\u0440\\u0442\\u0435\\u0436\\u0430 - \\u043b\\u0435\\u0433\\u043a\\u043e\\u0432\\u044b\\u0435 \\u0430\\u0432\\u0442\\u043e \\u0438 \\u0432\\u043d\\u0435\\u0434\\u043e\\u0440\\u043e\\u0436\\u043d\\u0438\\u043a\\u0438, \\u0440\\u0435\\u0442\\u0440\\u043e-\\u0430\\u0432\\u0442\\u043e\\u043c\\u043e\\u0431\\u0438\\u043b\\u0438, \\u043a\\u0430\\u0431\\u0440\\u0438\\u043e\\u043b\\u0435\\u0442\\u044b, \\u043b\\u0438\\u043c\\u0443\\u0437\\u0438\\u043d\\u044b \\u0438 \\u043f\\u0440. \\u041d\\u0430 \\u0441\\u0435\\u0440\\u0432\\u0438\\u0441\\u0435 Weddingcars \\u043f\\u0440\\u0435\\u0434\\u0441\\u0442\\u0430\\u0432\\u043b\\u0435\\u043d\\u044b \\u0430\\u0432\\u0442\\u043e \\u043b\\u044e\\u0431\\u043e\\u0439 \\u0446\\u0435\\u043d\\u043e\\u0432\\u043e\\u0439 \\u043a\\u0430\\u0442\\u0435\\u0433\\u043e\\u0440\\u0438\\u0438 \\u2013 \\u043e\\u0442 \\u043c\\u043e\\u0434\\u0435\\u043b\\u0435\\u0439 \\u044d\\u043a\\u043e\\u043d\\u043e\\u043c-\\u043a\\u043b\\u0430\\u0441\\u0441\\u0430 \\u0434\\u043e \\u0430\\u0432\\u0442\\u043e\\u043c\\u0430\\u0448\\u0438\\u043d \\u043a\\u043b\\u0430\\u0441\\u0441\\u0430 \\u043b\\u044e\\u043a\\u0441. \\u0422\\u0430\\u043a\\u0436\\u0435 \\u043c\\u043e\\u0436\\u043d\\u043e \\u043d\\u0430\\u0439\\u0442\\u0438 \\u0438 \\u0437\\u0430\\u043a\\u0430\\u0437\\u0430\\u0442\\u044c \\u043a\\u043e\\u043c\\u0444\\u043e\\u0440\\u0442\\u0430\\u0431\\u0435\\u043b\\u044c\\u043d\\u044b\\u0435 \\u0430\\u0432\\u0442\\u043e\\u0431\\u0443\\u0441\\u044b \\u0438 \\u043c\\u0438\\u043a\\u0440\\u043e\\u0430\\u0432\\u0442\\u043e\\u0431\\u0443\\u0441\\u044b, \\u0447\\u0442\\u043e\\u0431\\u044b \\u043f\\u0440\\u0438\\u0432\\u0435\\u0437\\u0442\\u0438 \\u043d\\u0430 \\u043f\\u0440\\u0430\\u0437\\u0434\\u043d\\u0438\\u043a \\u0432\\u0441\\u0435\\u0445 \\u0432\\u0430\\u0448\\u0438\\u0445 \\u0433\\u043e\\u0441\\u0442\\u0435\\u0439.\\r\\n\\u003C\\/p\\u003E\\r\\n\\u003Cp\\u003E\\u0410\\u0432\\u0442\\u043e, \\u043f\\u0440\\u0435\\u0434\\u0441\\u0442\\u0430\\u0432\\u043b\\u0435\\u043d\\u043d\\u044b\\u0435 \\u0432 \\u043d\\u0430\\u0448\\u0435\\u043c \\u043a\\u0430\\u0442\\u0430\\u043b\\u043e\\u0433\\u0435, \\u043e\\u0431\\u043b\\u0430\\u0434\\u0430\\u044e\\u0442 \\u0431\\u0435\\u0437\\u0443\\u043f\\u0440\\u0435\\u0447\\u043d\\u044b\\u043c \\u0432\\u043d\\u0435\\u0448\\u043d\\u0438\\u043c \\u0432\\u0438\\u0434\\u043e\\u043c \\u0438 \\u043e\\u0442\\u043b\\u0438\\u0447\\u043d\\u044b\\u043c \\u0442\\u0435\\u0445\\u043d\\u0438\\u0447\\u0435\\u0441\\u043a\\u0438\\u043c \\u0441\\u043e\\u0441\\u0442\\u043e\\u044f\\u043d\\u0438\\u0435\\u043c. \\u0412\\u043e\\u0434\\u0438\\u0442\\u0435\\u043b\\u0438, \\u043a\\u043e\\u0442\\u043e\\u0440\\u044b\\u0435 \\u0440\\u0430\\u0431\\u043e\\u0442\\u0430\\u044e\\u0442 \\u0441 Weddingcars, \\u043f\\u0440\\u043e\\u0445\\u043e\\u0434\\u044f\\u0442 \\u043e\\u0431\\u044f\\u0437\\u0430\\u0442\\u0435\\u043b\\u044c\\u043d\\u0443\\u044e \\u043f\\u0440\\u043e\\u0432\\u0435\\u0440\\u043a\\u0443 \\u0438 \\u043f\\u043e\\u0434\\u043f\\u0438\\u0441\\u044b\\u0432\\u0430\\u044e\\u0442 \\u0434\\u043e\\u0433\\u043e\\u0432\\u043e\\u0440-\\u0441\\u043e\\u0433\\u043b\\u0430\\u0448\\u0435\\u043d\\u0438\\u0435, \\u0441\\u043e\\u0434\\u0435\\u0440\\u0436\\u0430\\u0449\\u0438\\u0439 \\u0443\\u0441\\u043b\\u043e\\u0432\\u0438\\u044f \\u0441\\u043e\\u0442\\u0440\\u0443\\u0434\\u043d\\u0438\\u0447\\u0435\\u0441\\u0442\\u0432\\u0430, \\u0432 \\u0442\\u043e\\u043c \\u0447\\u0438\\u0441\\u043b\\u0435 \\u043a\\u0430\\u0441\\u0430\\u0435\\u043c\\u043e \\u043e\\u043f\\u0440\\u044f\\u0442\\u043d\\u043e\\u0433\\u043e \\u0432\\u043d\\u0435\\u0448\\u043d\\u0435\\u0433\\u043e \\u0432\\u0438\\u0434\\u0430 \\u0432\\u043e\\u0434\\u0438\\u0442\\u0435\\u043b\\u044f \\u0438 \\u0430\\u0432\\u0442\\u043e\\u043c\\u043e\\u0431\\u0438\\u043b\\u044f, \\u0445\\u0438\\u043c\\u0447\\u0438\\u0441\\u0442\\u043a\\u0438 \\u0441\\u0430\\u043b\\u043e\\u043d\\u0430 \\u0438 \\u043f\\u0440.\\r\\n\\u003C\\/p\\u003E\\r\\n\\u003Cp\\u003E\\u0420\\u0435\\u0439\\u0442\\u0438\\u043d\\u0433 \\u0430\\u0432\\u0442\\u043e\\u043c\\u043e\\u0431\\u0438\\u043b\\u0435\\u0439 \\u0438 \\u0440\\u0435\\u0430\\u043b\\u044c\\u043d\\u044b\\u0435 \\u043e\\u0442\\u0437\\u044b\\u0432\\u044b \\u043f\\u043e\\u0441\\u0435\\u0442\\u0438\\u0442\\u0435\\u043b\\u0435\\u0439 \\u043d\\u0430 \\u0441\\u0430\\u0439\\u0442\\u0435 \\u043f\\u043e\\u043c\\u043e\\u0433\\u0443\\u0442 \\u0432\\u0430\\u043c \\u0441\\u0434\\u0435\\u043b\\u0430\\u0442\\u044c \\u0434\\u0435\\u0439\\u0441\\u0442\\u0432\\u0438\\u0442\\u0435\\u043b\\u044c\\u043d\\u043e \\u043b\\u0443\\u0447\\u0448\\u0438\\u0439 \\u0432\\u044b\\u0431\\u043e\\u0440 \\u0434\\u043b\\u044f \\u0432\\u0430\\u0448\\u0435\\u0433\\u043e \\u043d\\u0435\\u0437\\u0430\\u0431\\u044b\\u0432\\u0430\\u0435\\u043c\\u043e\\u0433\\u043e \\u043f\\u0440\\u0430\\u0437\\u0434\\u043d\\u0438\\u043a\\u0430. \\u041f\\u043e\\u044d\\u0442\\u043e\\u043c\\u0443, \\u0435\\u0441\\u043b\\u0438 \\u0432\\u044b \\u0440\\u0435\\u0448\\u0438\\u043b\\u0438 \\u0441\\u0434\\u0435\\u043b\\u0430\\u0442\\u044c \\u0412\\u0430\\u0448\\u0443 \\u0441\\u0432\\u0430\\u0434\\u044c\\u0431\\u0443 \\u0434\\u0435\\u0439\\u0441\\u0442\\u0432\\u0438\\u0442\\u0435\\u043b\\u044c\\u043d\\u043e \\u044f\\u0440\\u043a\\u043e\\u0439 \\u0438 \\u043d\\u0435\\u0437\\u0430\\u0431\\u044b\\u0432\\u0430\\u0435\\u043c\\u043e\\u0439 \\u0438 \\u043f\\u043e\\u043b\\u0443\\u0447\\u0438\\u0442\\u044c \\u0438\\u0441\\u043a\\u043b\\u044e\\u0447\\u0438\\u0442\\u0435\\u043b\\u044c\\u043d\\u043e \\u043f\\u043e\\u043b\\u043e\\u0436\\u0438\\u0442\\u0435\\u043b\\u044c\\u043d\\u044b\\u0435 \\u0432\\u043f\\u0435\\u0447\\u0430\\u0442\\u043b\\u0435\\u043d\\u0438\\u044f, \\u0432\\u043e\\u0441\\u043f\\u043e\\u043b\\u044c\\u0437\\u0443\\u0439\\u0442\\u0435\\u0441\\u044c \\u0443\\u0441\\u043b\\u0443\\u0433\\u0430\\u043c\\u0438 \\u0441\\u0435\\u0440\\u0432\\u0438\\u0441\\u0430 Weddingcars!\\r\\n\\u003C\\/p\\u003E"}]', 'app\\models\\Pages', 1473682687),
(8, 'update', 1, 11, '[{"text":"\\u003Cp style=\\"text-indent: 50px;font-weight: bold;\\"\\u003E\\r\\n\\u003Cstrong style=\\"font-size:24px\\"\\u003EWeddingcars\\u003C\\/strong\\u003E\\r\\n\\t-  \\u044d\\u0442\\u043e \\u043f\\u0435\\u0440\\u0432\\u044b\\u0439 \\u0432 \\u041f\\u043e\\u043b\\u0442\\u0430\\u0432\\u0435 \\u0438 \\u0423\\u043a\\u0440\\u0430\\u0438\\u043d\\u0435 \\u043e\\u0442\\u043a\\u0440\\u044b\\u0442\\u044b\\u0439 \\u0441\\u0435\\u0440\\u0432\\u0438\\u0441 \\u043f\\u043e\\u0438\\u0441\\u043a\\u0430 \\u0441\\u0432\\u0430\\u0434\\u0435\\u0431\\u043d\\u044b\\u0445 \\u0430\\u0432\\u0442\\u043e\\u043c\\u043e\\u0431\\u0438\\u043b\\u0435\\u0439. \\u041c\\u044b \\u0432\\u044b\\u0441\\u0442\\u0443\\u043f\\u0430\\u0435\\u043c \\u0432 \\u043a\\u0430\\u0447\\u0435\\u0441\\u0442\\u0432\\u0435 \\u043f\\u043e\\u0441\\u0440\\u0435\\u0434\\u043d\\u0438\\u043a\\u0430 \\u043c\\u0435\\u0436\\u0434\\u0443 \\u0432\\u043e\\u0434\\u0438\\u0442\\u0435\\u043b\\u044f\\u043c\\u0438 \\u0438 \\u043a\\u043b\\u0438\\u0435\\u043d\\u0442\\u0430\\u043c\\u0438. \\u0412\\u043e\\u0434\\u0438\\u0442\\u0435\\u043b\\u0438, \\u0436\\u0435\\u043b\\u0430\\u044e\\u0449\\u0438\\u0435 \\u043f\\u0440\\u0435\\u0434\\u043e\\u0441\\u0442\\u0430\\u0432\\u043b\\u044f\\u0442\\u044c \\u0443\\u0441\\u043b\\u0443\\u0433\\u0438 \\u0441\\u0432\\u0430\\u0434\\u0435\\u0431\\u043d\\u043e\\u0439 \\u043f\\u0435\\u0440\\u0435\\u0432\\u043e\\u0437\\u043a\\u0438, \\u043f\\u0440\\u043e\\u0445\\u043e\\u0434\\u044f\\u0442 \\u043f\\u0440\\u043e\\u0432\\u0435\\u0440\\u043a\\u0443 \\u0438 \\u0440\\u0435\\u0433\\u0438\\u0441\\u0442\\u0440\\u0438\\u0440\\u0443\\u044e\\u0442\\u0441\\u044f \\u043d\\u0430 \\u043d\\u0430\\u0448\\u0435\\u0439 \\u043e\\u043d\\u043b\\u0430\\u0439\\u043d-\\u043f\\u043b\\u043e\\u0449\\u0430\\u0434\\u043a\\u0435.\\r\\n\\u003C\\/p\\u003E\\r\\n\\u003Cp\\u003E\\u041a\\u043b\\u0438\\u0435\\u043d\\u0442\\u044b, \\u0432 \\u0441\\u0432\\u043e\\u044e \\u043e\\u0447\\u0435\\u0440\\u0435\\u0434\\u044c, \\u0438\\u043c\\u0435\\u044e\\u0442 \\u0432\\u043e\\u0437\\u043c\\u043e\\u0436\\u043d\\u043e\\u0441\\u0442\\u044c \\u0441\\u0430\\u043c\\u043e\\u0441\\u0442\\u043e\\u044f\\u0442\\u0435\\u043b\\u044c\\u043d\\u043e \\u0432\\u044b\\u0431\\u0440\\u0430\\u0442\\u044c \\u0441\\u0432\\u0430\\u0434\\u0435\\u0431\\u043d\\u044b\\u0439 \\u0430\\u0432\\u0442\\u043e\\u043c\\u043e\\u0431\\u0438\\u043b\\u044c \\u043d\\u0430 \\u043b\\u044e\\u0431\\u043e\\u0439 \\u0432\\u043a\\u0443\\u0441 \\u0438 \\u0446\\u0432\\u0435\\u0442 \\u0438\\u0437 \\u043e\\u0431\\u0448\\u0438\\u0440\\u043d\\u043e\\u0433\\u043e \\u043f\\u0435\\u0440\\u0435\\u0447\\u043d\\u044f \\u043f\\u0440\\u0435\\u0434\\u0441\\u0442\\u0430\\u0432\\u043b\\u0435\\u043d\\u043d\\u044b\\u0445 \\u0432\\u0430\\u0440\\u0438\\u0430\\u043d\\u0442\\u043e\\u0432.\\r\\n\\u003C\\/p\\u003E\\r\\n\\u003Cp\\u003E\\u041e\\u0434\\u043d\\u0438\\u043c \\u0438\\u0437 \\u043d\\u0430\\u0448\\u0438\\u0445 \\u043f\\u0440\\u0435\\u0438\\u043c\\u0443\\u0449\\u0435\\u0441\\u0442\\u0432 \\u044f\\u0432\\u043b\\u044f\\u0435\\u0442\\u0441\\u044f \\u0432\\u043e\\u0437\\u043c\\u043e\\u0436\\u043d\\u043e\\u0441\\u0442\\u044c \\u0432\\u044b\\u0431\\u043e\\u0440\\u0430 \\u0441\\u0440\\u0435\\u0434\\u0438 \\u0431\\u043e\\u043b\\u044c\\u0448\\u043e\\u0433\\u043e \\u043a\\u043e\\u043b\\u0438\\u0447\\u0435\\u0441\\u0442\\u0432\\u0430 \\u043f\\u0440\\u0435\\u0434\\u043b\\u043e\\u0436\\u0435\\u043d\\u0438\\u0439. \\u0412\\u0430\\u0448\\u0435\\u043c\\u0443 \\u0432\\u043d\\u0438\\u043c\\u0430\\u043d\\u0438\\u044e \\u043f\\u0440\\u0435\\u0434\\u043b\\u0430\\u0433\\u0430\\u044e\\u0442\\u0441\\u044f \\u0440\\u0430\\u0437\\u043b\\u0438\\u0447\\u043d\\u044b\\u0435 \\u0432\\u0430\\u0440\\u0438\\u0430\\u043d\\u0442\\u044b \\u043a\\u043e\\u043c\\u043f\\u043b\\u0435\\u043a\\u0442\\u0430\\u0446\\u0438\\u0438 \\u0441\\u0432\\u0430\\u0434\\u0435\\u0431\\u043d\\u043e\\u0433\\u043e \\u043a\\u043e\\u0440\\u0442\\u0435\\u0436\\u0430 - \\u043b\\u0435\\u0433\\u043a\\u043e\\u0432\\u044b\\u0435 \\u0430\\u0432\\u0442\\u043e \\u0438 \\u0432\\u043d\\u0435\\u0434\\u043e\\u0440\\u043e\\u0436\\u043d\\u0438\\u043a\\u0438, \\u0440\\u0435\\u0442\\u0440\\u043e-\\u0430\\u0432\\u0442\\u043e\\u043c\\u043e\\u0431\\u0438\\u043b\\u0438, \\u043a\\u0430\\u0431\\u0440\\u0438\\u043e\\u043b\\u0435\\u0442\\u044b, \\u043b\\u0438\\u043c\\u0443\\u0437\\u0438\\u043d\\u044b \\u0438 \\u043f\\u0440. \\u041d\\u0430 \\u0441\\u0435\\u0440\\u0432\\u0438\\u0441\\u0435 Weddingcars \\u043f\\u0440\\u0435\\u0434\\u0441\\u0442\\u0430\\u0432\\u043b\\u0435\\u043d\\u044b \\u0430\\u0432\\u0442\\u043e \\u043b\\u044e\\u0431\\u043e\\u0439 \\u0446\\u0435\\u043d\\u043e\\u0432\\u043e\\u0439 \\u043a\\u0430\\u0442\\u0435\\u0433\\u043e\\u0440\\u0438\\u0438 \\u2013 \\u043e\\u0442 \\u043c\\u043e\\u0434\\u0435\\u043b\\u0435\\u0439 \\u044d\\u043a\\u043e\\u043d\\u043e\\u043c-\\u043a\\u043b\\u0430\\u0441\\u0441\\u0430 \\u0434\\u043e \\u0430\\u0432\\u0442\\u043e\\u043c\\u0430\\u0448\\u0438\\u043d \\u043a\\u043b\\u0430\\u0441\\u0441\\u0430 \\u043b\\u044e\\u043a\\u0441. \\u0422\\u0430\\u043a\\u0436\\u0435 \\u043c\\u043e\\u0436\\u043d\\u043e \\u043d\\u0430\\u0439\\u0442\\u0438 \\u0438 \\u0437\\u0430\\u043a\\u0430\\u0437\\u0430\\u0442\\u044c \\u043a\\u043e\\u043c\\u0444\\u043e\\u0440\\u0442\\u0430\\u0431\\u0435\\u043b\\u044c\\u043d\\u044b\\u0435 \\u0430\\u0432\\u0442\\u043e\\u0431\\u0443\\u0441\\u044b \\u0438 \\u043c\\u0438\\u043a\\u0440\\u043e\\u0430\\u0432\\u0442\\u043e\\u0431\\u0443\\u0441\\u044b, \\u0447\\u0442\\u043e\\u0431\\u044b \\u043f\\u0440\\u0438\\u0432\\u0435\\u0437\\u0442\\u0438 \\u043d\\u0430 \\u043f\\u0440\\u0430\\u0437\\u0434\\u043d\\u0438\\u043a \\u0432\\u0441\\u0435\\u0445 \\u0432\\u0430\\u0448\\u0438\\u0445 \\u0433\\u043e\\u0441\\u0442\\u0435\\u0439.\\r\\n\\u003C\\/p\\u003E\\r\\n\\u003Cp\\u003E\\u0410\\u0432\\u0442\\u043e, \\u043f\\u0440\\u0435\\u0434\\u0441\\u0442\\u0430\\u0432\\u043b\\u0435\\u043d\\u043d\\u044b\\u0435 \\u0432 \\u043d\\u0430\\u0448\\u0435\\u043c \\u043a\\u0430\\u0442\\u0430\\u043b\\u043e\\u0433\\u0435, \\u043e\\u0431\\u043b\\u0430\\u0434\\u0430\\u044e\\u0442 \\u0431\\u0435\\u0437\\u0443\\u043f\\u0440\\u0435\\u0447\\u043d\\u044b\\u043c \\u0432\\u043d\\u0435\\u0448\\u043d\\u0438\\u043c \\u0432\\u0438\\u0434\\u043e\\u043c \\u0438 \\u043e\\u0442\\u043b\\u0438\\u0447\\u043d\\u044b\\u043c \\u0442\\u0435\\u0445\\u043d\\u0438\\u0447\\u0435\\u0441\\u043a\\u0438\\u043c \\u0441\\u043e\\u0441\\u0442\\u043e\\u044f\\u043d\\u0438\\u0435\\u043c. \\u0412\\u043e\\u0434\\u0438\\u0442\\u0435\\u043b\\u0438, \\u043a\\u043e\\u0442\\u043e\\u0440\\u044b\\u0435 \\u0440\\u0430\\u0431\\u043e\\u0442\\u0430\\u044e\\u0442 \\u0441 Weddingcars, \\u043f\\u0440\\u043e\\u0445\\u043e\\u0434\\u044f\\u0442 \\u043e\\u0431\\u044f\\u0437\\u0430\\u0442\\u0435\\u043b\\u044c\\u043d\\u0443\\u044e \\u043f\\u0440\\u043e\\u0432\\u0435\\u0440\\u043a\\u0443 \\u0438 \\u043f\\u043e\\u0434\\u043f\\u0438\\u0441\\u044b\\u0432\\u0430\\u044e\\u0442 \\u0434\\u043e\\u0433\\u043e\\u0432\\u043e\\u0440-\\u0441\\u043e\\u0433\\u043b\\u0430\\u0448\\u0435\\u043d\\u0438\\u0435, \\u0441\\u043e\\u0434\\u0435\\u0440\\u0436\\u0430\\u0449\\u0438\\u0439 \\u0443\\u0441\\u043b\\u043e\\u0432\\u0438\\u044f \\u0441\\u043e\\u0442\\u0440\\u0443\\u0434\\u043d\\u0438\\u0447\\u0435\\u0441\\u0442\\u0432\\u0430, \\u0432 \\u0442\\u043e\\u043c \\u0447\\u0438\\u0441\\u043b\\u0435 \\u043a\\u0430\\u0441\\u0430\\u0435\\u043c\\u043e \\u043e\\u043f\\u0440\\u044f\\u0442\\u043d\\u043e\\u0433\\u043e \\u0432\\u043d\\u0435\\u0448\\u043d\\u0435\\u0433\\u043e \\u0432\\u0438\\u0434\\u0430 \\u0432\\u043e\\u0434\\u0438\\u0442\\u0435\\u043b\\u044f \\u0438 \\u0430\\u0432\\u0442\\u043e\\u043c\\u043e\\u0431\\u0438\\u043b\\u044f, \\u0445\\u0438\\u043c\\u0447\\u0438\\u0441\\u0442\\u043a\\u0438 \\u0441\\u0430\\u043b\\u043e\\u043d\\u0430 \\u0438 \\u043f\\u0440.\\r\\n\\u003C\\/p\\u003E\\r\\n\\u003Cp\\u003E\\u0420\\u0435\\u0439\\u0442\\u0438\\u043d\\u0433 \\u0430\\u0432\\u0442\\u043e\\u043c\\u043e\\u0431\\u0438\\u043b\\u0435\\u0439 \\u0438 \\u0440\\u0435\\u0430\\u043b\\u044c\\u043d\\u044b\\u0435 \\u043e\\u0442\\u0437\\u044b\\u0432\\u044b \\u043f\\u043e\\u0441\\u0435\\u0442\\u0438\\u0442\\u0435\\u043b\\u0435\\u0439 \\u043d\\u0430 \\u0441\\u0430\\u0439\\u0442\\u0435 \\u043f\\u043e\\u043c\\u043e\\u0433\\u0443\\u0442 \\u0432\\u0430\\u043c \\u0441\\u0434\\u0435\\u043b\\u0430\\u0442\\u044c \\u0434\\u0435\\u0439\\u0441\\u0442\\u0432\\u0438\\u0442\\u0435\\u043b\\u044c\\u043d\\u043e \\u043b\\u0443\\u0447\\u0448\\u0438\\u0439 \\u0432\\u044b\\u0431\\u043e\\u0440 \\u0434\\u043b\\u044f \\u0432\\u0430\\u0448\\u0435\\u0433\\u043e \\u043d\\u0435\\u0437\\u0430\\u0431\\u044b\\u0432\\u0430\\u0435\\u043c\\u043e\\u0433\\u043e \\u043f\\u0440\\u0430\\u0437\\u0434\\u043d\\u0438\\u043a\\u0430. \\u041f\\u043e\\u044d\\u0442\\u043e\\u043c\\u0443, \\u0435\\u0441\\u043b\\u0438 \\u0432\\u044b \\u0440\\u0435\\u0448\\u0438\\u043b\\u0438 \\u0441\\u0434\\u0435\\u043b\\u0430\\u0442\\u044c \\u0412\\u0430\\u0448\\u0443 \\u0441\\u0432\\u0430\\u0434\\u044c\\u0431\\u0443 \\u0434\\u0435\\u0439\\u0441\\u0442\\u0432\\u0438\\u0442\\u0435\\u043b\\u044c\\u043d\\u043e \\u044f\\u0440\\u043a\\u043e\\u0439 \\u0438 \\u043d\\u0435\\u0437\\u0430\\u0431\\u044b\\u0432\\u0430\\u0435\\u043c\\u043e\\u0439 \\u0438 \\u043f\\u043e\\u043b\\u0443\\u0447\\u0438\\u0442\\u044c \\u0438\\u0441\\u043a\\u043b\\u044e\\u0447\\u0438\\u0442\\u0435\\u043b\\u044c\\u043d\\u043e \\u043f\\u043e\\u043b\\u043e\\u0436\\u0438\\u0442\\u0435\\u043b\\u044c\\u043d\\u044b\\u0435 \\u0432\\u043f\\u0435\\u0447\\u0430\\u0442\\u043b\\u0435\\u043d\\u0438\\u044f, \\u0432\\u043e\\u0441\\u043f\\u043e\\u043b\\u044c\\u0437\\u0443\\u0439\\u0442\\u0435\\u0441\\u044c \\u0443\\u0441\\u043b\\u0443\\u0433\\u0430\\u043c\\u0438 \\u0441\\u0435\\u0440\\u0432\\u0438\\u0441\\u0430 Weddingcars!\\r\\n\\u003C\\/p\\u003E"}]', '[{"text":"\\u003Cp style=\\"text-indent: 50px;font-weight: bold; margin-top:20px\\"\\u003E\\r\\n\\t\\u003Cstrong style=\\"font-size:24px\\"\\u003EWeddingcars\\u003C\\/strong\\u003E\\r\\n\\t-  \\u044d\\u0442\\u043e \\u043f\\u0435\\u0440\\u0432\\u044b\\u0439 \\u0432 \\u041f\\u043e\\u043b\\u0442\\u0430\\u0432\\u0435 \\u0438 \\u0423\\u043a\\u0440\\u0430\\u0438\\u043d\\u0435 \\u043e\\u0442\\u043a\\u0440\\u044b\\u0442\\u044b\\u0439 \\u0441\\u0435\\u0440\\u0432\\u0438\\u0441 \\u043f\\u043e\\u0438\\u0441\\u043a\\u0430 \\u0441\\u0432\\u0430\\u0434\\u0435\\u0431\\u043d\\u044b\\u0445 \\u0430\\u0432\\u0442\\u043e\\u043c\\u043e\\u0431\\u0438\\u043b\\u0435\\u0439. \\u041c\\u044b \\u0432\\u044b\\u0441\\u0442\\u0443\\u043f\\u0430\\u0435\\u043c \\u0432 \\u043a\\u0430\\u0447\\u0435\\u0441\\u0442\\u0432\\u0435 \\u043f\\u043e\\u0441\\u0440\\u0435\\u0434\\u043d\\u0438\\u043a\\u0430 \\u043c\\u0435\\u0436\\u0434\\u0443 \\u0432\\u043e\\u0434\\u0438\\u0442\\u0435\\u043b\\u044f\\u043c\\u0438 \\u0438 \\u043a\\u043b\\u0438\\u0435\\u043d\\u0442\\u0430\\u043c\\u0438. \\u0412\\u043e\\u0434\\u0438\\u0442\\u0435\\u043b\\u0438, \\u0436\\u0435\\u043b\\u0430\\u044e\\u0449\\u0438\\u0435 \\u043f\\u0440\\u0435\\u0434\\u043e\\u0441\\u0442\\u0430\\u0432\\u043b\\u044f\\u0442\\u044c \\u0443\\u0441\\u043b\\u0443\\u0433\\u0438 \\u0441\\u0432\\u0430\\u0434\\u0435\\u0431\\u043d\\u043e\\u0439 \\u043f\\u0435\\u0440\\u0435\\u0432\\u043e\\u0437\\u043a\\u0438, \\u043f\\u0440\\u043e\\u0445\\u043e\\u0434\\u044f\\u0442 \\u043f\\u0440\\u043e\\u0432\\u0435\\u0440\\u043a\\u0443 \\u0438 \\u0440\\u0435\\u0433\\u0438\\u0441\\u0442\\u0440\\u0438\\u0440\\u0443\\u044e\\u0442\\u0441\\u044f \\u043d\\u0430 \\u043d\\u0430\\u0448\\u0435\\u0439 \\u043e\\u043d\\u043b\\u0430\\u0439\\u043d-\\u043f\\u043b\\u043e\\u0449\\u0430\\u0434\\u043a\\u0435.\\r\\n\\u003C\\/p\\u003E\\r\\n\\u003Cp\\u003E\\u041a\\u043b\\u0438\\u0435\\u043d\\u0442\\u044b, \\u0432 \\u0441\\u0432\\u043e\\u044e \\u043e\\u0447\\u0435\\u0440\\u0435\\u0434\\u044c, \\u0438\\u043c\\u0435\\u044e\\u0442 \\u0432\\u043e\\u0437\\u043c\\u043e\\u0436\\u043d\\u043e\\u0441\\u0442\\u044c \\u0441\\u0430\\u043c\\u043e\\u0441\\u0442\\u043e\\u044f\\u0442\\u0435\\u043b\\u044c\\u043d\\u043e \\u0432\\u044b\\u0431\\u0440\\u0430\\u0442\\u044c \\u0441\\u0432\\u0430\\u0434\\u0435\\u0431\\u043d\\u044b\\u0439 \\u0430\\u0432\\u0442\\u043e\\u043c\\u043e\\u0431\\u0438\\u043b\\u044c \\u043d\\u0430 \\u043b\\u044e\\u0431\\u043e\\u0439 \\u0432\\u043a\\u0443\\u0441 \\u0438 \\u0446\\u0432\\u0435\\u0442 \\u0438\\u0437 \\u043e\\u0431\\u0448\\u0438\\u0440\\u043d\\u043e\\u0433\\u043e \\u043f\\u0435\\u0440\\u0435\\u0447\\u043d\\u044f \\u043f\\u0440\\u0435\\u0434\\u0441\\u0442\\u0430\\u0432\\u043b\\u0435\\u043d\\u043d\\u044b\\u0445 \\u0432\\u0430\\u0440\\u0438\\u0430\\u043d\\u0442\\u043e\\u0432.\\r\\n\\u003C\\/p\\u003E\\r\\n\\u003Cp\\u003E\\u041e\\u0434\\u043d\\u0438\\u043c \\u0438\\u0437 \\u043d\\u0430\\u0448\\u0438\\u0445 \\u043f\\u0440\\u0435\\u0438\\u043c\\u0443\\u0449\\u0435\\u0441\\u0442\\u0432 \\u044f\\u0432\\u043b\\u044f\\u0435\\u0442\\u0441\\u044f \\u0432\\u043e\\u0437\\u043c\\u043e\\u0436\\u043d\\u043e\\u0441\\u0442\\u044c \\u0432\\u044b\\u0431\\u043e\\u0440\\u0430 \\u0441\\u0440\\u0435\\u0434\\u0438 \\u0431\\u043e\\u043b\\u044c\\u0448\\u043e\\u0433\\u043e \\u043a\\u043e\\u043b\\u0438\\u0447\\u0435\\u0441\\u0442\\u0432\\u0430 \\u043f\\u0440\\u0435\\u0434\\u043b\\u043e\\u0436\\u0435\\u043d\\u0438\\u0439. \\u0412\\u0430\\u0448\\u0435\\u043c\\u0443 \\u0432\\u043d\\u0438\\u043c\\u0430\\u043d\\u0438\\u044e \\u043f\\u0440\\u0435\\u0434\\u043b\\u0430\\u0433\\u0430\\u044e\\u0442\\u0441\\u044f \\u0440\\u0430\\u0437\\u043b\\u0438\\u0447\\u043d\\u044b\\u0435 \\u0432\\u0430\\u0440\\u0438\\u0430\\u043d\\u0442\\u044b \\u043a\\u043e\\u043c\\u043f\\u043b\\u0435\\u043a\\u0442\\u0430\\u0446\\u0438\\u0438 \\u0441\\u0432\\u0430\\u0434\\u0435\\u0431\\u043d\\u043e\\u0433\\u043e \\u043a\\u043e\\u0440\\u0442\\u0435\\u0436\\u0430 - \\u043b\\u0435\\u0433\\u043a\\u043e\\u0432\\u044b\\u0435 \\u0430\\u0432\\u0442\\u043e \\u0438 \\u0432\\u043d\\u0435\\u0434\\u043e\\u0440\\u043e\\u0436\\u043d\\u0438\\u043a\\u0438, \\u0440\\u0435\\u0442\\u0440\\u043e-\\u0430\\u0432\\u0442\\u043e\\u043c\\u043e\\u0431\\u0438\\u043b\\u0438, \\u043a\\u0430\\u0431\\u0440\\u0438\\u043e\\u043b\\u0435\\u0442\\u044b, \\u043b\\u0438\\u043c\\u0443\\u0437\\u0438\\u043d\\u044b \\u0438 \\u043f\\u0440. \\u041d\\u0430 \\u0441\\u0435\\u0440\\u0432\\u0438\\u0441\\u0435 Weddingcars \\u043f\\u0440\\u0435\\u0434\\u0441\\u0442\\u0430\\u0432\\u043b\\u0435\\u043d\\u044b \\u0430\\u0432\\u0442\\u043e \\u043b\\u044e\\u0431\\u043e\\u0439 \\u0446\\u0435\\u043d\\u043e\\u0432\\u043e\\u0439 \\u043a\\u0430\\u0442\\u0435\\u0433\\u043e\\u0440\\u0438\\u0438 \\u2013 \\u043e\\u0442 \\u043c\\u043e\\u0434\\u0435\\u043b\\u0435\\u0439 \\u044d\\u043a\\u043e\\u043d\\u043e\\u043c-\\u043a\\u043b\\u0430\\u0441\\u0441\\u0430 \\u0434\\u043e \\u0430\\u0432\\u0442\\u043e\\u043c\\u0430\\u0448\\u0438\\u043d \\u043a\\u043b\\u0430\\u0441\\u0441\\u0430 \\u043b\\u044e\\u043a\\u0441. \\u0422\\u0430\\u043a\\u0436\\u0435 \\u043c\\u043e\\u0436\\u043d\\u043e \\u043d\\u0430\\u0439\\u0442\\u0438 \\u0438 \\u0437\\u0430\\u043a\\u0430\\u0437\\u0430\\u0442\\u044c \\u043a\\u043e\\u043c\\u0444\\u043e\\u0440\\u0442\\u0430\\u0431\\u0435\\u043b\\u044c\\u043d\\u044b\\u0435 \\u0430\\u0432\\u0442\\u043e\\u0431\\u0443\\u0441\\u044b \\u0438 \\u043c\\u0438\\u043a\\u0440\\u043e\\u0430\\u0432\\u0442\\u043e\\u0431\\u0443\\u0441\\u044b, \\u0447\\u0442\\u043e\\u0431\\u044b \\u043f\\u0440\\u0438\\u0432\\u0435\\u0437\\u0442\\u0438 \\u043d\\u0430 \\u043f\\u0440\\u0430\\u0437\\u0434\\u043d\\u0438\\u043a \\u0432\\u0441\\u0435\\u0445 \\u0432\\u0430\\u0448\\u0438\\u0445 \\u0433\\u043e\\u0441\\u0442\\u0435\\u0439.\\r\\n\\u003C\\/p\\u003E\\r\\n\\u003Cp\\u003E\\u0410\\u0432\\u0442\\u043e, \\u043f\\u0440\\u0435\\u0434\\u0441\\u0442\\u0430\\u0432\\u043b\\u0435\\u043d\\u043d\\u044b\\u0435 \\u0432 \\u043d\\u0430\\u0448\\u0435\\u043c \\u043a\\u0430\\u0442\\u0430\\u043b\\u043e\\u0433\\u0435, \\u043e\\u0431\\u043b\\u0430\\u0434\\u0430\\u044e\\u0442 \\u0431\\u0435\\u0437\\u0443\\u043f\\u0440\\u0435\\u0447\\u043d\\u044b\\u043c \\u0432\\u043d\\u0435\\u0448\\u043d\\u0438\\u043c \\u0432\\u0438\\u0434\\u043e\\u043c \\u0438 \\u043e\\u0442\\u043b\\u0438\\u0447\\u043d\\u044b\\u043c \\u0442\\u0435\\u0445\\u043d\\u0438\\u0447\\u0435\\u0441\\u043a\\u0438\\u043c \\u0441\\u043e\\u0441\\u0442\\u043e\\u044f\\u043d\\u0438\\u0435\\u043c. \\u0412\\u043e\\u0434\\u0438\\u0442\\u0435\\u043b\\u0438, \\u043a\\u043e\\u0442\\u043e\\u0440\\u044b\\u0435 \\u0440\\u0430\\u0431\\u043e\\u0442\\u0430\\u044e\\u0442 \\u0441 Weddingcars, \\u043f\\u0440\\u043e\\u0445\\u043e\\u0434\\u044f\\u0442 \\u043e\\u0431\\u044f\\u0437\\u0430\\u0442\\u0435\\u043b\\u044c\\u043d\\u0443\\u044e \\u043f\\u0440\\u043e\\u0432\\u0435\\u0440\\u043a\\u0443 \\u0438 \\u043f\\u043e\\u0434\\u043f\\u0438\\u0441\\u044b\\u0432\\u0430\\u044e\\u0442 \\u0434\\u043e\\u0433\\u043e\\u0432\\u043e\\u0440-\\u0441\\u043e\\u0433\\u043b\\u0430\\u0448\\u0435\\u043d\\u0438\\u0435, \\u0441\\u043e\\u0434\\u0435\\u0440\\u0436\\u0430\\u0449\\u0438\\u0439 \\u0443\\u0441\\u043b\\u043e\\u0432\\u0438\\u044f \\u0441\\u043e\\u0442\\u0440\\u0443\\u0434\\u043d\\u0438\\u0447\\u0435\\u0441\\u0442\\u0432\\u0430, \\u0432 \\u0442\\u043e\\u043c \\u0447\\u0438\\u0441\\u043b\\u0435 \\u043a\\u0430\\u0441\\u0430\\u0435\\u043c\\u043e \\u043e\\u043f\\u0440\\u044f\\u0442\\u043d\\u043e\\u0433\\u043e \\u0432\\u043d\\u0435\\u0448\\u043d\\u0435\\u0433\\u043e \\u0432\\u0438\\u0434\\u0430 \\u0432\\u043e\\u0434\\u0438\\u0442\\u0435\\u043b\\u044f \\u0438 \\u0430\\u0432\\u0442\\u043e\\u043c\\u043e\\u0431\\u0438\\u043b\\u044f, \\u0445\\u0438\\u043c\\u0447\\u0438\\u0441\\u0442\\u043a\\u0438 \\u0441\\u0430\\u043b\\u043e\\u043d\\u0430 \\u0438 \\u043f\\u0440.\\r\\n\\u003C\\/p\\u003E\\r\\n\\u003Cp\\u003E\\u0420\\u0435\\u0439\\u0442\\u0438\\u043d\\u0433 \\u0430\\u0432\\u0442\\u043e\\u043c\\u043e\\u0431\\u0438\\u043b\\u0435\\u0439 \\u0438 \\u0440\\u0435\\u0430\\u043b\\u044c\\u043d\\u044b\\u0435 \\u043e\\u0442\\u0437\\u044b\\u0432\\u044b \\u043f\\u043e\\u0441\\u0435\\u0442\\u0438\\u0442\\u0435\\u043b\\u0435\\u0439 \\u043d\\u0430 \\u0441\\u0430\\u0439\\u0442\\u0435 \\u043f\\u043e\\u043c\\u043e\\u0433\\u0443\\u0442 \\u0432\\u0430\\u043c \\u0441\\u0434\\u0435\\u043b\\u0430\\u0442\\u044c \\u0434\\u0435\\u0439\\u0441\\u0442\\u0432\\u0438\\u0442\\u0435\\u043b\\u044c\\u043d\\u043e \\u043b\\u0443\\u0447\\u0448\\u0438\\u0439 \\u0432\\u044b\\u0431\\u043e\\u0440 \\u0434\\u043b\\u044f \\u0432\\u0430\\u0448\\u0435\\u0433\\u043e \\u043d\\u0435\\u0437\\u0430\\u0431\\u044b\\u0432\\u0430\\u0435\\u043c\\u043e\\u0433\\u043e \\u043f\\u0440\\u0430\\u0437\\u0434\\u043d\\u0438\\u043a\\u0430. \\u041f\\u043e\\u044d\\u0442\\u043e\\u043c\\u0443, \\u0435\\u0441\\u043b\\u0438 \\u0432\\u044b \\u0440\\u0435\\u0448\\u0438\\u043b\\u0438 \\u0441\\u0434\\u0435\\u043b\\u0430\\u0442\\u044c \\u0412\\u0430\\u0448\\u0443 \\u0441\\u0432\\u0430\\u0434\\u044c\\u0431\\u0443 \\u0434\\u0435\\u0439\\u0441\\u0442\\u0432\\u0438\\u0442\\u0435\\u043b\\u044c\\u043d\\u043e \\u044f\\u0440\\u043a\\u043e\\u0439 \\u0438 \\u043d\\u0435\\u0437\\u0430\\u0431\\u044b\\u0432\\u0430\\u0435\\u043c\\u043e\\u0439 \\u0438 \\u043f\\u043e\\u043b\\u0443\\u0447\\u0438\\u0442\\u044c \\u0438\\u0441\\u043a\\u043b\\u044e\\u0447\\u0438\\u0442\\u0435\\u043b\\u044c\\u043d\\u043e \\u043f\\u043e\\u043b\\u043e\\u0436\\u0438\\u0442\\u0435\\u043b\\u044c\\u043d\\u044b\\u0435 \\u0432\\u043f\\u0435\\u0447\\u0430\\u0442\\u043b\\u0435\\u043d\\u0438\\u044f, \\u0432\\u043e\\u0441\\u043f\\u043e\\u043b\\u044c\\u0437\\u0443\\u0439\\u0442\\u0435\\u0441\\u044c \\u0443\\u0441\\u043b\\u0443\\u0433\\u0430\\u043c\\u0438 \\u0441\\u0435\\u0440\\u0432\\u0438\\u0441\\u0430 Weddingcars!\\r\\n\\u003C\\/p\\u003E"}]', 'app\\models\\Pages', 1473682787);
INSERT INTO `access_log` (`id`, `action`, `user_id`, `item_id`, `changed`, `attributes`, `model_class`, `created_at`) VALUES
(9, 'update', 1, 11, '[{"text":"\\u003Cp style=\\"text-indent: 50px;font-weight: bold; margin-top:20px\\"\\u003E\\r\\n\\t\\u003Cstrong style=\\"font-size:24px\\"\\u003EWeddingcars\\u003C\\/strong\\u003E\\r\\n\\t-  \\u044d\\u0442\\u043e \\u043f\\u0435\\u0440\\u0432\\u044b\\u0439 \\u0432 \\u041f\\u043e\\u043b\\u0442\\u0430\\u0432\\u0435 \\u0438 \\u0423\\u043a\\u0440\\u0430\\u0438\\u043d\\u0435 \\u043e\\u0442\\u043a\\u0440\\u044b\\u0442\\u044b\\u0439 \\u0441\\u0435\\u0440\\u0432\\u0438\\u0441 \\u043f\\u043e\\u0438\\u0441\\u043a\\u0430 \\u0441\\u0432\\u0430\\u0434\\u0435\\u0431\\u043d\\u044b\\u0445 \\u0430\\u0432\\u0442\\u043e\\u043c\\u043e\\u0431\\u0438\\u043b\\u0435\\u0439. \\u041c\\u044b \\u0432\\u044b\\u0441\\u0442\\u0443\\u043f\\u0430\\u0435\\u043c \\u0432 \\u043a\\u0430\\u0447\\u0435\\u0441\\u0442\\u0432\\u0435 \\u043f\\u043e\\u0441\\u0440\\u0435\\u0434\\u043d\\u0438\\u043a\\u0430 \\u043c\\u0435\\u0436\\u0434\\u0443 \\u0432\\u043e\\u0434\\u0438\\u0442\\u0435\\u043b\\u044f\\u043c\\u0438 \\u0438 \\u043a\\u043b\\u0438\\u0435\\u043d\\u0442\\u0430\\u043c\\u0438. \\u0412\\u043e\\u0434\\u0438\\u0442\\u0435\\u043b\\u0438, \\u0436\\u0435\\u043b\\u0430\\u044e\\u0449\\u0438\\u0435 \\u043f\\u0440\\u0435\\u0434\\u043e\\u0441\\u0442\\u0430\\u0432\\u043b\\u044f\\u0442\\u044c \\u0443\\u0441\\u043b\\u0443\\u0433\\u0438 \\u0441\\u0432\\u0430\\u0434\\u0435\\u0431\\u043d\\u043e\\u0439 \\u043f\\u0435\\u0440\\u0435\\u0432\\u043e\\u0437\\u043a\\u0438, \\u043f\\u0440\\u043e\\u0445\\u043e\\u0434\\u044f\\u0442 \\u043f\\u0440\\u043e\\u0432\\u0435\\u0440\\u043a\\u0443 \\u0438 \\u0440\\u0435\\u0433\\u0438\\u0441\\u0442\\u0440\\u0438\\u0440\\u0443\\u044e\\u0442\\u0441\\u044f \\u043d\\u0430 \\u043d\\u0430\\u0448\\u0435\\u0439 \\u043e\\u043d\\u043b\\u0430\\u0439\\u043d-\\u043f\\u043b\\u043e\\u0449\\u0430\\u0434\\u043a\\u0435.\\r\\n\\u003C\\/p\\u003E\\r\\n\\u003Cp\\u003E\\u041a\\u043b\\u0438\\u0435\\u043d\\u0442\\u044b, \\u0432 \\u0441\\u0432\\u043e\\u044e \\u043e\\u0447\\u0435\\u0440\\u0435\\u0434\\u044c, \\u0438\\u043c\\u0435\\u044e\\u0442 \\u0432\\u043e\\u0437\\u043c\\u043e\\u0436\\u043d\\u043e\\u0441\\u0442\\u044c \\u0441\\u0430\\u043c\\u043e\\u0441\\u0442\\u043e\\u044f\\u0442\\u0435\\u043b\\u044c\\u043d\\u043e \\u0432\\u044b\\u0431\\u0440\\u0430\\u0442\\u044c \\u0441\\u0432\\u0430\\u0434\\u0435\\u0431\\u043d\\u044b\\u0439 \\u0430\\u0432\\u0442\\u043e\\u043c\\u043e\\u0431\\u0438\\u043b\\u044c \\u043d\\u0430 \\u043b\\u044e\\u0431\\u043e\\u0439 \\u0432\\u043a\\u0443\\u0441 \\u0438 \\u0446\\u0432\\u0435\\u0442 \\u0438\\u0437 \\u043e\\u0431\\u0448\\u0438\\u0440\\u043d\\u043e\\u0433\\u043e \\u043f\\u0435\\u0440\\u0435\\u0447\\u043d\\u044f \\u043f\\u0440\\u0435\\u0434\\u0441\\u0442\\u0430\\u0432\\u043b\\u0435\\u043d\\u043d\\u044b\\u0445 \\u0432\\u0430\\u0440\\u0438\\u0430\\u043d\\u0442\\u043e\\u0432.\\r\\n\\u003C\\/p\\u003E\\r\\n\\u003Cp\\u003E\\u041e\\u0434\\u043d\\u0438\\u043c \\u0438\\u0437 \\u043d\\u0430\\u0448\\u0438\\u0445 \\u043f\\u0440\\u0435\\u0438\\u043c\\u0443\\u0449\\u0435\\u0441\\u0442\\u0432 \\u044f\\u0432\\u043b\\u044f\\u0435\\u0442\\u0441\\u044f \\u0432\\u043e\\u0437\\u043c\\u043e\\u0436\\u043d\\u043e\\u0441\\u0442\\u044c \\u0432\\u044b\\u0431\\u043e\\u0440\\u0430 \\u0441\\u0440\\u0435\\u0434\\u0438 \\u0431\\u043e\\u043b\\u044c\\u0448\\u043e\\u0433\\u043e \\u043a\\u043e\\u043b\\u0438\\u0447\\u0435\\u0441\\u0442\\u0432\\u0430 \\u043f\\u0440\\u0435\\u0434\\u043b\\u043e\\u0436\\u0435\\u043d\\u0438\\u0439. \\u0412\\u0430\\u0448\\u0435\\u043c\\u0443 \\u0432\\u043d\\u0438\\u043c\\u0430\\u043d\\u0438\\u044e \\u043f\\u0440\\u0435\\u0434\\u043b\\u0430\\u0433\\u0430\\u044e\\u0442\\u0441\\u044f \\u0440\\u0430\\u0437\\u043b\\u0438\\u0447\\u043d\\u044b\\u0435 \\u0432\\u0430\\u0440\\u0438\\u0430\\u043d\\u0442\\u044b \\u043a\\u043e\\u043c\\u043f\\u043b\\u0435\\u043a\\u0442\\u0430\\u0446\\u0438\\u0438 \\u0441\\u0432\\u0430\\u0434\\u0435\\u0431\\u043d\\u043e\\u0433\\u043e \\u043a\\u043e\\u0440\\u0442\\u0435\\u0436\\u0430 - \\u043b\\u0435\\u0433\\u043a\\u043e\\u0432\\u044b\\u0435 \\u0430\\u0432\\u0442\\u043e \\u0438 \\u0432\\u043d\\u0435\\u0434\\u043e\\u0440\\u043e\\u0436\\u043d\\u0438\\u043a\\u0438, \\u0440\\u0435\\u0442\\u0440\\u043e-\\u0430\\u0432\\u0442\\u043e\\u043c\\u043e\\u0431\\u0438\\u043b\\u0438, \\u043a\\u0430\\u0431\\u0440\\u0438\\u043e\\u043b\\u0435\\u0442\\u044b, \\u043b\\u0438\\u043c\\u0443\\u0437\\u0438\\u043d\\u044b \\u0438 \\u043f\\u0440. \\u041d\\u0430 \\u0441\\u0435\\u0440\\u0432\\u0438\\u0441\\u0435 Weddingcars \\u043f\\u0440\\u0435\\u0434\\u0441\\u0442\\u0430\\u0432\\u043b\\u0435\\u043d\\u044b \\u0430\\u0432\\u0442\\u043e \\u043b\\u044e\\u0431\\u043e\\u0439 \\u0446\\u0435\\u043d\\u043e\\u0432\\u043e\\u0439 \\u043a\\u0430\\u0442\\u0435\\u0433\\u043e\\u0440\\u0438\\u0438 \\u2013 \\u043e\\u0442 \\u043c\\u043e\\u0434\\u0435\\u043b\\u0435\\u0439 \\u044d\\u043a\\u043e\\u043d\\u043e\\u043c-\\u043a\\u043b\\u0430\\u0441\\u0441\\u0430 \\u0434\\u043e \\u0430\\u0432\\u0442\\u043e\\u043c\\u0430\\u0448\\u0438\\u043d \\u043a\\u043b\\u0430\\u0441\\u0441\\u0430 \\u043b\\u044e\\u043a\\u0441. \\u0422\\u0430\\u043a\\u0436\\u0435 \\u043c\\u043e\\u0436\\u043d\\u043e \\u043d\\u0430\\u0439\\u0442\\u0438 \\u0438 \\u0437\\u0430\\u043a\\u0430\\u0437\\u0430\\u0442\\u044c \\u043a\\u043e\\u043c\\u0444\\u043e\\u0440\\u0442\\u0430\\u0431\\u0435\\u043b\\u044c\\u043d\\u044b\\u0435 \\u0430\\u0432\\u0442\\u043e\\u0431\\u0443\\u0441\\u044b \\u0438 \\u043c\\u0438\\u043a\\u0440\\u043e\\u0430\\u0432\\u0442\\u043e\\u0431\\u0443\\u0441\\u044b, \\u0447\\u0442\\u043e\\u0431\\u044b \\u043f\\u0440\\u0438\\u0432\\u0435\\u0437\\u0442\\u0438 \\u043d\\u0430 \\u043f\\u0440\\u0430\\u0437\\u0434\\u043d\\u0438\\u043a \\u0432\\u0441\\u0435\\u0445 \\u0432\\u0430\\u0448\\u0438\\u0445 \\u0433\\u043e\\u0441\\u0442\\u0435\\u0439.\\r\\n\\u003C\\/p\\u003E\\r\\n\\u003Cp\\u003E\\u0410\\u0432\\u0442\\u043e, \\u043f\\u0440\\u0435\\u0434\\u0441\\u0442\\u0430\\u0432\\u043b\\u0435\\u043d\\u043d\\u044b\\u0435 \\u0432 \\u043d\\u0430\\u0448\\u0435\\u043c \\u043a\\u0430\\u0442\\u0430\\u043b\\u043e\\u0433\\u0435, \\u043e\\u0431\\u043b\\u0430\\u0434\\u0430\\u044e\\u0442 \\u0431\\u0435\\u0437\\u0443\\u043f\\u0440\\u0435\\u0447\\u043d\\u044b\\u043c \\u0432\\u043d\\u0435\\u0448\\u043d\\u0438\\u043c \\u0432\\u0438\\u0434\\u043e\\u043c \\u0438 \\u043e\\u0442\\u043b\\u0438\\u0447\\u043d\\u044b\\u043c \\u0442\\u0435\\u0445\\u043d\\u0438\\u0447\\u0435\\u0441\\u043a\\u0438\\u043c \\u0441\\u043e\\u0441\\u0442\\u043e\\u044f\\u043d\\u0438\\u0435\\u043c. \\u0412\\u043e\\u0434\\u0438\\u0442\\u0435\\u043b\\u0438, \\u043a\\u043e\\u0442\\u043e\\u0440\\u044b\\u0435 \\u0440\\u0430\\u0431\\u043e\\u0442\\u0430\\u044e\\u0442 \\u0441 Weddingcars, \\u043f\\u0440\\u043e\\u0445\\u043e\\u0434\\u044f\\u0442 \\u043e\\u0431\\u044f\\u0437\\u0430\\u0442\\u0435\\u043b\\u044c\\u043d\\u0443\\u044e \\u043f\\u0440\\u043e\\u0432\\u0435\\u0440\\u043a\\u0443 \\u0438 \\u043f\\u043e\\u0434\\u043f\\u0438\\u0441\\u044b\\u0432\\u0430\\u044e\\u0442 \\u0434\\u043e\\u0433\\u043e\\u0432\\u043e\\u0440-\\u0441\\u043e\\u0433\\u043b\\u0430\\u0448\\u0435\\u043d\\u0438\\u0435, \\u0441\\u043e\\u0434\\u0435\\u0440\\u0436\\u0430\\u0449\\u0438\\u0439 \\u0443\\u0441\\u043b\\u043e\\u0432\\u0438\\u044f \\u0441\\u043e\\u0442\\u0440\\u0443\\u0434\\u043d\\u0438\\u0447\\u0435\\u0441\\u0442\\u0432\\u0430, \\u0432 \\u0442\\u043e\\u043c \\u0447\\u0438\\u0441\\u043b\\u0435 \\u043a\\u0430\\u0441\\u0430\\u0435\\u043c\\u043e \\u043e\\u043f\\u0440\\u044f\\u0442\\u043d\\u043e\\u0433\\u043e \\u0432\\u043d\\u0435\\u0448\\u043d\\u0435\\u0433\\u043e \\u0432\\u0438\\u0434\\u0430 \\u0432\\u043e\\u0434\\u0438\\u0442\\u0435\\u043b\\u044f \\u0438 \\u0430\\u0432\\u0442\\u043e\\u043c\\u043e\\u0431\\u0438\\u043b\\u044f, \\u0445\\u0438\\u043c\\u0447\\u0438\\u0441\\u0442\\u043a\\u0438 \\u0441\\u0430\\u043b\\u043e\\u043d\\u0430 \\u0438 \\u043f\\u0440.\\r\\n\\u003C\\/p\\u003E\\r\\n\\u003Cp\\u003E\\u0420\\u0435\\u0439\\u0442\\u0438\\u043d\\u0433 \\u0430\\u0432\\u0442\\u043e\\u043c\\u043e\\u0431\\u0438\\u043b\\u0435\\u0439 \\u0438 \\u0440\\u0435\\u0430\\u043b\\u044c\\u043d\\u044b\\u0435 \\u043e\\u0442\\u0437\\u044b\\u0432\\u044b \\u043f\\u043e\\u0441\\u0435\\u0442\\u0438\\u0442\\u0435\\u043b\\u0435\\u0439 \\u043d\\u0430 \\u0441\\u0430\\u0439\\u0442\\u0435 \\u043f\\u043e\\u043c\\u043e\\u0433\\u0443\\u0442 \\u0432\\u0430\\u043c \\u0441\\u0434\\u0435\\u043b\\u0430\\u0442\\u044c \\u0434\\u0435\\u0439\\u0441\\u0442\\u0432\\u0438\\u0442\\u0435\\u043b\\u044c\\u043d\\u043e \\u043b\\u0443\\u0447\\u0448\\u0438\\u0439 \\u0432\\u044b\\u0431\\u043e\\u0440 \\u0434\\u043b\\u044f \\u0432\\u0430\\u0448\\u0435\\u0433\\u043e \\u043d\\u0435\\u0437\\u0430\\u0431\\u044b\\u0432\\u0430\\u0435\\u043c\\u043e\\u0433\\u043e \\u043f\\u0440\\u0430\\u0437\\u0434\\u043d\\u0438\\u043a\\u0430. \\u041f\\u043e\\u044d\\u0442\\u043e\\u043c\\u0443, \\u0435\\u0441\\u043b\\u0438 \\u0432\\u044b \\u0440\\u0435\\u0448\\u0438\\u043b\\u0438 \\u0441\\u0434\\u0435\\u043b\\u0430\\u0442\\u044c \\u0412\\u0430\\u0448\\u0443 \\u0441\\u0432\\u0430\\u0434\\u044c\\u0431\\u0443 \\u0434\\u0435\\u0439\\u0441\\u0442\\u0432\\u0438\\u0442\\u0435\\u043b\\u044c\\u043d\\u043e \\u044f\\u0440\\u043a\\u043e\\u0439 \\u0438 \\u043d\\u0435\\u0437\\u0430\\u0431\\u044b\\u0432\\u0430\\u0435\\u043c\\u043e\\u0439 \\u0438 \\u043f\\u043e\\u043b\\u0443\\u0447\\u0438\\u0442\\u044c \\u0438\\u0441\\u043a\\u043b\\u044e\\u0447\\u0438\\u0442\\u0435\\u043b\\u044c\\u043d\\u043e \\u043f\\u043e\\u043b\\u043e\\u0436\\u0438\\u0442\\u0435\\u043b\\u044c\\u043d\\u044b\\u0435 \\u0432\\u043f\\u0435\\u0447\\u0430\\u0442\\u043b\\u0435\\u043d\\u0438\\u044f, \\u0432\\u043e\\u0441\\u043f\\u043e\\u043b\\u044c\\u0437\\u0443\\u0439\\u0442\\u0435\\u0441\\u044c \\u0443\\u0441\\u043b\\u0443\\u0433\\u0430\\u043c\\u0438 \\u0441\\u0435\\u0440\\u0432\\u0438\\u0441\\u0430 Weddingcars!\\r\\n\\u003C\\/p\\u003E"}]', '[{"text":"\\u003Cp style=\\"text-indent: 50px;font-weight: bold; margin-top:20px\\"\\u003E\\r\\n\\t\\u003Cstrong style=\\"font-size:24px\\"\\u003EWeddingcars\\u003C\\/strong\\u003E\\r\\n\\t-  \\u044d\\u0442\\u043e \\u043f\\u0435\\u0440\\u0432\\u044b\\u0439 \\u0432 \\u041f\\u043e\\u043b\\u0442\\u0430\\u0432\\u0435 \\u0438 \\u0423\\u043a\\u0440\\u0430\\u0438\\u043d\\u0435 \\u043e\\u0442\\u043a\\u0440\\u044b\\u0442\\u044b\\u0439 \\u0441\\u0435\\u0440\\u0432\\u0438\\u0441 \\u043f\\u043e\\u0438\\u0441\\u043a\\u0430 \\u0441\\u0432\\u0430\\u0434\\u0435\\u0431\\u043d\\u044b\\u0445 \\u0430\\u0432\\u0442\\u043e\\u043c\\u043e\\u0431\\u0438\\u043b\\u0435\\u0439. \\u041c\\u044b \\u0432\\u044b\\u0441\\u0442\\u0443\\u043f\\u0430\\u0435\\u043c \\u0432 \\u043a\\u0430\\u0447\\u0435\\u0441\\u0442\\u0432\\u0435 \\u043f\\u043e\\u0441\\u0440\\u0435\\u0434\\u043d\\u0438\\u043a\\u0430 \\u043c\\u0435\\u0436\\u0434\\u0443 \\u0432\\u043e\\u0434\\u0438\\u0442\\u0435\\u043b\\u044f\\u043c\\u0438 \\u0438 \\u043a\\u043b\\u0438\\u0435\\u043d\\u0442\\u0430\\u043c\\u0438. \\u0412\\u043e\\u0434\\u0438\\u0442\\u0435\\u043b\\u0438, \\u0436\\u0435\\u043b\\u0430\\u044e\\u0449\\u0438\\u0435 \\u043f\\u0440\\u0435\\u0434\\u043e\\u0441\\u0442\\u0430\\u0432\\u043b\\u044f\\u0442\\u044c \\u0443\\u0441\\u043b\\u0443\\u0433\\u0438 \\u0441\\u0432\\u0430\\u0434\\u0435\\u0431\\u043d\\u043e\\u0439 \\u043f\\u0435\\u0440\\u0435\\u0432\\u043e\\u0437\\u043a\\u0438, \\u043f\\u0440\\u043e\\u0445\\u043e\\u0434\\u044f\\u0442 \\u043f\\u0440\\u043e\\u0432\\u0435\\u0440\\u043a\\u0443 \\u0438 \\u0440\\u0435\\u0433\\u0438\\u0441\\u0442\\u0440\\u0438\\u0440\\u0443\\u044e\\u0442\\u0441\\u044f \\u043d\\u0430 \\u043d\\u0430\\u0448\\u0435\\u0439 \\u043e\\u043d\\u043b\\u0430\\u0439\\u043d-\\u043f\\u043b\\u043e\\u0449\\u0430\\u0434\\u043a\\u0435.\\r\\n\\u003C\\/p\\u003E\\u003Cp\\u003E\\u041a\\u043b\\u0438\\u0435\\u043d\\u0442\\u044b, \\u0432 \\u0441\\u0432\\u043e\\u044e \\u043e\\u0447\\u0435\\u0440\\u0435\\u0434\\u044c, \\u0438\\u043c\\u0435\\u044e\\u0442 \\u0432\\u043e\\u0437\\u043c\\u043e\\u0436\\u043d\\u043e\\u0441\\u0442\\u044c \\u0441\\u0430\\u043c\\u043e\\u0441\\u0442\\u043e\\u044f\\u0442\\u0435\\u043b\\u044c\\u043d\\u043e \\u0432\\u044b\\u0431\\u0440\\u0430\\u0442\\u044c \\u0441\\u0432\\u0430\\u0434\\u0435\\u0431\\u043d\\u044b\\u0439 \\u0430\\u0432\\u0442\\u043e\\u043c\\u043e\\u0431\\u0438\\u043b\\u044c \\u043d\\u0430 \\u043b\\u044e\\u0431\\u043e\\u0439 \\u0432\\u043a\\u0443\\u0441 \\u0438 \\u0446\\u0432\\u0435\\u0442 \\u0438\\u0437 \\u043e\\u0431\\u0448\\u0438\\u0440\\u043d\\u043e\\u0433\\u043e \\u043f\\u0435\\u0440\\u0435\\u0447\\u043d\\u044f \\u043f\\u0440\\u0435\\u0434\\u0441\\u0442\\u0430\\u0432\\u043b\\u0435\\u043d\\u043d\\u044b\\u0445 \\u0432\\u0430\\u0440\\u0438\\u0430\\u043d\\u0442\\u043e\\u0432.\\r\\n\\u003C\\/p\\u003E\\u003Cp\\u003E\\u041e\\u0434\\u043d\\u0438\\u043c \\u0438\\u0437 \\u043d\\u0430\\u0448\\u0438\\u0445 \\u043f\\u0440\\u0435\\u0438\\u043c\\u0443\\u0449\\u0435\\u0441\\u0442\\u0432 \\u044f\\u0432\\u043b\\u044f\\u0435\\u0442\\u0441\\u044f \\u0432\\u043e\\u0437\\u043c\\u043e\\u0436\\u043d\\u043e\\u0441\\u0442\\u044c \\u0432\\u044b\\u0431\\u043e\\u0440\\u0430 \\u0441\\u0440\\u0435\\u0434\\u0438 \\u0431\\u043e\\u043b\\u044c\\u0448\\u043e\\u0433\\u043e \\u043a\\u043e\\u043b\\u0438\\u0447\\u0435\\u0441\\u0442\\u0432\\u0430 \\u043f\\u0440\\u0435\\u0434\\u043b\\u043e\\u0436\\u0435\\u043d\\u0438\\u0439. \\u0412\\u0430\\u0448\\u0435\\u043c\\u0443 \\u0432\\u043d\\u0438\\u043c\\u0430\\u043d\\u0438\\u044e \\u043f\\u0440\\u0435\\u0434\\u043b\\u0430\\u0433\\u0430\\u044e\\u0442\\u0441\\u044f \\u0440\\u0430\\u0437\\u043b\\u0438\\u0447\\u043d\\u044b\\u0435 \\u0432\\u0430\\u0440\\u0438\\u0430\\u043d\\u0442\\u044b \\u043a\\u043e\\u043c\\u043f\\u043b\\u0435\\u043a\\u0442\\u0430\\u0446\\u0438\\u0438 \\u0441\\u0432\\u0430\\u0434\\u0435\\u0431\\u043d\\u043e\\u0433\\u043e \\u043a\\u043e\\u0440\\u0442\\u0435\\u0436\\u0430 - \\u043b\\u0435\\u0433\\u043a\\u043e\\u0432\\u044b\\u0435 \\u0430\\u0432\\u0442\\u043e \\u0438 \\u0432\\u043d\\u0435\\u0434\\u043e\\u0440\\u043e\\u0436\\u043d\\u0438\\u043a\\u0438, \\u0440\\u0435\\u0442\\u0440\\u043e-\\u0430\\u0432\\u0442\\u043e\\u043c\\u043e\\u0431\\u0438\\u043b\\u0438, \\u043a\\u0430\\u0431\\u0440\\u0438\\u043e\\u043b\\u0435\\u0442\\u044b, \\u043b\\u0438\\u043c\\u0443\\u0437\\u0438\\u043d\\u044b \\u0438 \\u043f\\u0440. \\u041d\\u0430 \\u0441\\u0435\\u0440\\u0432\\u0438\\u0441\\u0435 Weddingcars \\u043f\\u0440\\u0435\\u0434\\u0441\\u0442\\u0430\\u0432\\u043b\\u0435\\u043d\\u044b \\u0430\\u0432\\u0442\\u043e \\u043b\\u044e\\u0431\\u043e\\u0439 \\u0446\\u0435\\u043d\\u043e\\u0432\\u043e\\u0439 \\u043a\\u0430\\u0442\\u0435\\u0433\\u043e\\u0440\\u0438\\u0438 \\u2013 \\u043e\\u0442 \\u043c\\u043e\\u0434\\u0435\\u043b\\u0435\\u0439 \\u044d\\u043a\\u043e\\u043d\\u043e\\u043c-\\u043a\\u043b\\u0430\\u0441\\u0441\\u0430 \\u0434\\u043e \\u0430\\u0432\\u0442\\u043e\\u043c\\u0430\\u0448\\u0438\\u043d \\u043a\\u043b\\u0430\\u0441\\u0441\\u0430 \\u043b\\u044e\\u043a\\u0441. \\u0422\\u0430\\u043a\\u0436\\u0435 \\u043c\\u043e\\u0436\\u043d\\u043e \\u043d\\u0430\\u0439\\u0442\\u0438 \\u0438 \\u0437\\u0430\\u043a\\u0430\\u0437\\u0430\\u0442\\u044c \\u043a\\u043e\\u043c\\u0444\\u043e\\u0440\\u0442\\u0430\\u0431\\u0435\\u043b\\u044c\\u043d\\u044b\\u0435 \\u0430\\u0432\\u0442\\u043e\\u0431\\u0443\\u0441\\u044b \\u0438 \\u043c\\u0438\\u043a\\u0440\\u043e\\u0430\\u0432\\u0442\\u043e\\u0431\\u0443\\u0441\\u044b, \\u0447\\u0442\\u043e\\u0431\\u044b \\u043f\\u0440\\u0438\\u0432\\u0435\\u0437\\u0442\\u0438 \\u043d\\u0430 \\u043f\\u0440\\u0430\\u0437\\u0434\\u043d\\u0438\\u043a \\u0432\\u0441\\u0435\\u0445 \\u0432\\u0430\\u0448\\u0438\\u0445 \\u0433\\u043e\\u0441\\u0442\\u0435\\u0439.\\r\\n\\u003C\\/p\\u003E\\u003Cp\\u003E\\u0410\\u0432\\u0442\\u043e, \\u043f\\u0440\\u0435\\u0434\\u0441\\u0442\\u0430\\u0432\\u043b\\u0435\\u043d\\u043d\\u044b\\u0435 \\u0432 \\u043d\\u0430\\u0448\\u0435\\u043c \\u043a\\u0430\\u0442\\u0430\\u043b\\u043e\\u0433\\u0435, \\u043e\\u0431\\u043b\\u0430\\u0434\\u0430\\u044e\\u0442 \\u0431\\u0435\\u0437\\u0443\\u043f\\u0440\\u0435\\u0447\\u043d\\u044b\\u043c \\u0432\\u043d\\u0435\\u0448\\u043d\\u0438\\u043c \\u0432\\u0438\\u0434\\u043e\\u043c \\u0438 \\u043e\\u0442\\u043b\\u0438\\u0447\\u043d\\u044b\\u043c \\u0442\\u0435\\u0445\\u043d\\u0438\\u0447\\u0435\\u0441\\u043a\\u0438\\u043c \\u0441\\u043e\\u0441\\u0442\\u043e\\u044f\\u043d\\u0438\\u0435\\u043c. \\u0412\\u043e\\u0434\\u0438\\u0442\\u0435\\u043b\\u0438, \\u043a\\u043e\\u0442\\u043e\\u0440\\u044b\\u0435 \\u0440\\u0430\\u0431\\u043e\\u0442\\u0430\\u044e\\u0442 \\u0441 Weddingcars, \\u043f\\u0440\\u043e\\u0445\\u043e\\u0434\\u044f\\u0442 \\u043e\\u0431\\u044f\\u0437\\u0430\\u0442\\u0435\\u043b\\u044c\\u043d\\u0443\\u044e \\u043f\\u0440\\u043e\\u0432\\u0435\\u0440\\u043a\\u0443 \\u0438 \\u043f\\u043e\\u0434\\u043f\\u0438\\u0441\\u044b\\u0432\\u0430\\u044e\\u0442 \\u0434\\u043e\\u0433\\u043e\\u0432\\u043e\\u0440-\\u0441\\u043e\\u0433\\u043b\\u0430\\u0448\\u0435\\u043d\\u0438\\u0435, \\u0441\\u043e\\u0434\\u0435\\u0440\\u0436\\u0430\\u0449\\u0438\\u0439 \\u0443\\u0441\\u043b\\u043e\\u0432\\u0438\\u044f \\u0441\\u043e\\u0442\\u0440\\u0443\\u0434\\u043d\\u0438\\u0447\\u0435\\u0441\\u0442\\u0432\\u0430, \\u0432 \\u0442\\u043e\\u043c \\u0447\\u0438\\u0441\\u043b\\u0435 \\u043a\\u0430\\u0441\\u0430\\u0435\\u043c\\u043e \\u043e\\u043f\\u0440\\u044f\\u0442\\u043d\\u043e\\u0433\\u043e \\u0432\\u043d\\u0435\\u0448\\u043d\\u0435\\u0433\\u043e \\u0432\\u0438\\u0434\\u0430 \\u0432\\u043e\\u0434\\u0438\\u0442\\u0435\\u043b\\u044f \\u0438 \\u0430\\u0432\\u0442\\u043e\\u043c\\u043e\\u0431\\u0438\\u043b\\u044f, \\u0445\\u0438\\u043c\\u0447\\u0438\\u0441\\u0442\\u043a\\u0438 \\u0441\\u0430\\u043b\\u043e\\u043d\\u0430 \\u0438 \\u043f\\u0440.\\r\\n\\u003C\\/p\\u003E\\u003Cp\\u003E\\u0420\\u0435\\u0439\\u0442\\u0438\\u043d\\u0433 \\u0430\\u0432\\u0442\\u043e\\u043c\\u043e\\u0431\\u0438\\u043b\\u0435\\u0439 \\u0438 \\u0440\\u0435\\u0430\\u043b\\u044c\\u043d\\u044b\\u0435 \\u043e\\u0442\\u0437\\u044b\\u0432\\u044b \\u043f\\u043e\\u0441\\u0435\\u0442\\u0438\\u0442\\u0435\\u043b\\u0435\\u0439 \\u043d\\u0430 \\u0441\\u0430\\u0439\\u0442\\u0435 \\u043f\\u043e\\u043c\\u043e\\u0433\\u0443\\u0442 \\u0432\\u0430\\u043c \\u0441\\u0434\\u0435\\u043b\\u0430\\u0442\\u044c \\u0434\\u0435\\u0439\\u0441\\u0442\\u0432\\u0438\\u0442\\u0435\\u043b\\u044c\\u043d\\u043e \\u043b\\u0443\\u0447\\u0448\\u0438\\u0439 \\u0432\\u044b\\u0431\\u043e\\u0440 \\u0434\\u043b\\u044f \\u0432\\u0430\\u0448\\u0435\\u0433\\u043e \\u043d\\u0435\\u0437\\u0430\\u0431\\u044b\\u0432\\u0430\\u0435\\u043c\\u043e\\u0433\\u043e \\u043f\\u0440\\u0430\\u0437\\u0434\\u043d\\u0438\\u043a\\u0430. \\u041f\\u043e\\u044d\\u0442\\u043e\\u043c\\u0443, \\u0435\\u0441\\u043b\\u0438 \\u0432\\u044b \\u0440\\u0435\\u0448\\u0438\\u043b\\u0438 \\u0441\\u0434\\u0435\\u043b\\u0430\\u0442\\u044c \\u0412\\u0430\\u0448\\u0443 \\u0441\\u0432\\u0430\\u0434\\u044c\\u0431\\u0443 \\u0434\\u0435\\u0439\\u0441\\u0442\\u0432\\u0438\\u0442\\u0435\\u043b\\u044c\\u043d\\u043e \\u044f\\u0440\\u043a\\u043e\\u0439 \\u0438 \\u043d\\u0435\\u0437\\u0430\\u0431\\u044b\\u0432\\u0430\\u0435\\u043c\\u043e\\u0439 \\u0438 \\u043f\\u043e\\u043b\\u0443\\u0447\\u0438\\u0442\\u044c \\u0438\\u0441\\u043a\\u043b\\u044e\\u0447\\u0438\\u0442\\u0435\\u043b\\u044c\\u043d\\u043e \\u043f\\u043e\\u043b\\u043e\\u0436\\u0438\\u0442\\u0435\\u043b\\u044c\\u043d\\u044b\\u0435 \\u0432\\u043f\\u0435\\u0447\\u0430\\u0442\\u043b\\u0435\\u043d\\u0438\\u044f, \\u0432\\u043e\\u0441\\u043f\\u043e\\u043b\\u044c\\u0437\\u0443\\u0439\\u0442\\u0435\\u0441\\u044c \\u0443\\u0441\\u043b\\u0443\\u0433\\u0430\\u043c\\u0438 \\u0441\\u0435\\u0440\\u0432\\u0438\\u0441\\u0430 Weddingcars!\\r\\n\\u003C\\/p\\u003E"}]', 'app\\models\\Pages', 1473682979),
(10, 'update', 1, 11, '[{"text":"\\u003Cp style=\\"text-indent: 50px;font-weight: bold; margin-top:20px\\"\\u003E\\r\\n\\t\\u003Cstrong style=\\"font-size:24px\\"\\u003EWeddingcars\\u003C\\/strong\\u003E\\r\\n\\t-  \\u044d\\u0442\\u043e \\u043f\\u0435\\u0440\\u0432\\u044b\\u0439 \\u0432 \\u041f\\u043e\\u043b\\u0442\\u0430\\u0432\\u0435 \\u0438 \\u0423\\u043a\\u0440\\u0430\\u0438\\u043d\\u0435 \\u043e\\u0442\\u043a\\u0440\\u044b\\u0442\\u044b\\u0439 \\u0441\\u0435\\u0440\\u0432\\u0438\\u0441 \\u043f\\u043e\\u0438\\u0441\\u043a\\u0430 \\u0441\\u0432\\u0430\\u0434\\u0435\\u0431\\u043d\\u044b\\u0445 \\u0430\\u0432\\u0442\\u043e\\u043c\\u043e\\u0431\\u0438\\u043b\\u0435\\u0439. \\u041c\\u044b \\u0432\\u044b\\u0441\\u0442\\u0443\\u043f\\u0430\\u0435\\u043c \\u0432 \\u043a\\u0430\\u0447\\u0435\\u0441\\u0442\\u0432\\u0435 \\u043f\\u043e\\u0441\\u0440\\u0435\\u0434\\u043d\\u0438\\u043a\\u0430 \\u043c\\u0435\\u0436\\u0434\\u0443 \\u0432\\u043e\\u0434\\u0438\\u0442\\u0435\\u043b\\u044f\\u043c\\u0438 \\u0438 \\u043a\\u043b\\u0438\\u0435\\u043d\\u0442\\u0430\\u043c\\u0438. \\u0412\\u043e\\u0434\\u0438\\u0442\\u0435\\u043b\\u0438, \\u0436\\u0435\\u043b\\u0430\\u044e\\u0449\\u0438\\u0435 \\u043f\\u0440\\u0435\\u0434\\u043e\\u0441\\u0442\\u0430\\u0432\\u043b\\u044f\\u0442\\u044c \\u0443\\u0441\\u043b\\u0443\\u0433\\u0438 \\u0441\\u0432\\u0430\\u0434\\u0435\\u0431\\u043d\\u043e\\u0439 \\u043f\\u0435\\u0440\\u0435\\u0432\\u043e\\u0437\\u043a\\u0438, \\u043f\\u0440\\u043e\\u0445\\u043e\\u0434\\u044f\\u0442 \\u043f\\u0440\\u043e\\u0432\\u0435\\u0440\\u043a\\u0443 \\u0438 \\u0440\\u0435\\u0433\\u0438\\u0441\\u0442\\u0440\\u0438\\u0440\\u0443\\u044e\\u0442\\u0441\\u044f \\u043d\\u0430 \\u043d\\u0430\\u0448\\u0435\\u0439 \\u043e\\u043d\\u043b\\u0430\\u0439\\u043d-\\u043f\\u043b\\u043e\\u0449\\u0430\\u0434\\u043a\\u0435.\\r\\n\\u003C\\/p\\u003E\\u003Cp\\u003E\\u041a\\u043b\\u0438\\u0435\\u043d\\u0442\\u044b, \\u0432 \\u0441\\u0432\\u043e\\u044e \\u043e\\u0447\\u0435\\u0440\\u0435\\u0434\\u044c, \\u0438\\u043c\\u0435\\u044e\\u0442 \\u0432\\u043e\\u0437\\u043c\\u043e\\u0436\\u043d\\u043e\\u0441\\u0442\\u044c \\u0441\\u0430\\u043c\\u043e\\u0441\\u0442\\u043e\\u044f\\u0442\\u0435\\u043b\\u044c\\u043d\\u043e \\u0432\\u044b\\u0431\\u0440\\u0430\\u0442\\u044c \\u0441\\u0432\\u0430\\u0434\\u0435\\u0431\\u043d\\u044b\\u0439 \\u0430\\u0432\\u0442\\u043e\\u043c\\u043e\\u0431\\u0438\\u043b\\u044c \\u043d\\u0430 \\u043b\\u044e\\u0431\\u043e\\u0439 \\u0432\\u043a\\u0443\\u0441 \\u0438 \\u0446\\u0432\\u0435\\u0442 \\u0438\\u0437 \\u043e\\u0431\\u0448\\u0438\\u0440\\u043d\\u043e\\u0433\\u043e \\u043f\\u0435\\u0440\\u0435\\u0447\\u043d\\u044f \\u043f\\u0440\\u0435\\u0434\\u0441\\u0442\\u0430\\u0432\\u043b\\u0435\\u043d\\u043d\\u044b\\u0445 \\u0432\\u0430\\u0440\\u0438\\u0430\\u043d\\u0442\\u043e\\u0432.\\r\\n\\u003C\\/p\\u003E\\u003Cp\\u003E\\u041e\\u0434\\u043d\\u0438\\u043c \\u0438\\u0437 \\u043d\\u0430\\u0448\\u0438\\u0445 \\u043f\\u0440\\u0435\\u0438\\u043c\\u0443\\u0449\\u0435\\u0441\\u0442\\u0432 \\u044f\\u0432\\u043b\\u044f\\u0435\\u0442\\u0441\\u044f \\u0432\\u043e\\u0437\\u043c\\u043e\\u0436\\u043d\\u043e\\u0441\\u0442\\u044c \\u0432\\u044b\\u0431\\u043e\\u0440\\u0430 \\u0441\\u0440\\u0435\\u0434\\u0438 \\u0431\\u043e\\u043b\\u044c\\u0448\\u043e\\u0433\\u043e \\u043a\\u043e\\u043b\\u0438\\u0447\\u0435\\u0441\\u0442\\u0432\\u0430 \\u043f\\u0440\\u0435\\u0434\\u043b\\u043e\\u0436\\u0435\\u043d\\u0438\\u0439. \\u0412\\u0430\\u0448\\u0435\\u043c\\u0443 \\u0432\\u043d\\u0438\\u043c\\u0430\\u043d\\u0438\\u044e \\u043f\\u0440\\u0435\\u0434\\u043b\\u0430\\u0433\\u0430\\u044e\\u0442\\u0441\\u044f \\u0440\\u0430\\u0437\\u043b\\u0438\\u0447\\u043d\\u044b\\u0435 \\u0432\\u0430\\u0440\\u0438\\u0430\\u043d\\u0442\\u044b \\u043a\\u043e\\u043c\\u043f\\u043b\\u0435\\u043a\\u0442\\u0430\\u0446\\u0438\\u0438 \\u0441\\u0432\\u0430\\u0434\\u0435\\u0431\\u043d\\u043e\\u0433\\u043e \\u043a\\u043e\\u0440\\u0442\\u0435\\u0436\\u0430 - \\u043b\\u0435\\u0433\\u043a\\u043e\\u0432\\u044b\\u0435 \\u0430\\u0432\\u0442\\u043e \\u0438 \\u0432\\u043d\\u0435\\u0434\\u043e\\u0440\\u043e\\u0436\\u043d\\u0438\\u043a\\u0438, \\u0440\\u0435\\u0442\\u0440\\u043e-\\u0430\\u0432\\u0442\\u043e\\u043c\\u043e\\u0431\\u0438\\u043b\\u0438, \\u043a\\u0430\\u0431\\u0440\\u0438\\u043e\\u043b\\u0435\\u0442\\u044b, \\u043b\\u0438\\u043c\\u0443\\u0437\\u0438\\u043d\\u044b \\u0438 \\u043f\\u0440. \\u041d\\u0430 \\u0441\\u0435\\u0440\\u0432\\u0438\\u0441\\u0435 Weddingcars \\u043f\\u0440\\u0435\\u0434\\u0441\\u0442\\u0430\\u0432\\u043b\\u0435\\u043d\\u044b \\u0430\\u0432\\u0442\\u043e \\u043b\\u044e\\u0431\\u043e\\u0439 \\u0446\\u0435\\u043d\\u043e\\u0432\\u043e\\u0439 \\u043a\\u0430\\u0442\\u0435\\u0433\\u043e\\u0440\\u0438\\u0438 \\u2013 \\u043e\\u0442 \\u043c\\u043e\\u0434\\u0435\\u043b\\u0435\\u0439 \\u044d\\u043a\\u043e\\u043d\\u043e\\u043c-\\u043a\\u043b\\u0430\\u0441\\u0441\\u0430 \\u0434\\u043e \\u0430\\u0432\\u0442\\u043e\\u043c\\u0430\\u0448\\u0438\\u043d \\u043a\\u043b\\u0430\\u0441\\u0441\\u0430 \\u043b\\u044e\\u043a\\u0441. \\u0422\\u0430\\u043a\\u0436\\u0435 \\u043c\\u043e\\u0436\\u043d\\u043e \\u043d\\u0430\\u0439\\u0442\\u0438 \\u0438 \\u0437\\u0430\\u043a\\u0430\\u0437\\u0430\\u0442\\u044c \\u043a\\u043e\\u043c\\u0444\\u043e\\u0440\\u0442\\u0430\\u0431\\u0435\\u043b\\u044c\\u043d\\u044b\\u0435 \\u0430\\u0432\\u0442\\u043e\\u0431\\u0443\\u0441\\u044b \\u0438 \\u043c\\u0438\\u043a\\u0440\\u043e\\u0430\\u0432\\u0442\\u043e\\u0431\\u0443\\u0441\\u044b, \\u0447\\u0442\\u043e\\u0431\\u044b \\u043f\\u0440\\u0438\\u0432\\u0435\\u0437\\u0442\\u0438 \\u043d\\u0430 \\u043f\\u0440\\u0430\\u0437\\u0434\\u043d\\u0438\\u043a \\u0432\\u0441\\u0435\\u0445 \\u0432\\u0430\\u0448\\u0438\\u0445 \\u0433\\u043e\\u0441\\u0442\\u0435\\u0439.\\r\\n\\u003C\\/p\\u003E\\u003Cp\\u003E\\u0410\\u0432\\u0442\\u043e, \\u043f\\u0440\\u0435\\u0434\\u0441\\u0442\\u0430\\u0432\\u043b\\u0435\\u043d\\u043d\\u044b\\u0435 \\u0432 \\u043d\\u0430\\u0448\\u0435\\u043c \\u043a\\u0430\\u0442\\u0430\\u043b\\u043e\\u0433\\u0435, \\u043e\\u0431\\u043b\\u0430\\u0434\\u0430\\u044e\\u0442 \\u0431\\u0435\\u0437\\u0443\\u043f\\u0440\\u0435\\u0447\\u043d\\u044b\\u043c \\u0432\\u043d\\u0435\\u0448\\u043d\\u0438\\u043c \\u0432\\u0438\\u0434\\u043e\\u043c \\u0438 \\u043e\\u0442\\u043b\\u0438\\u0447\\u043d\\u044b\\u043c \\u0442\\u0435\\u0445\\u043d\\u0438\\u0447\\u0435\\u0441\\u043a\\u0438\\u043c \\u0441\\u043e\\u0441\\u0442\\u043e\\u044f\\u043d\\u0438\\u0435\\u043c. \\u0412\\u043e\\u0434\\u0438\\u0442\\u0435\\u043b\\u0438, \\u043a\\u043e\\u0442\\u043e\\u0440\\u044b\\u0435 \\u0440\\u0430\\u0431\\u043e\\u0442\\u0430\\u044e\\u0442 \\u0441 Weddingcars, \\u043f\\u0440\\u043e\\u0445\\u043e\\u0434\\u044f\\u0442 \\u043e\\u0431\\u044f\\u0437\\u0430\\u0442\\u0435\\u043b\\u044c\\u043d\\u0443\\u044e \\u043f\\u0440\\u043e\\u0432\\u0435\\u0440\\u043a\\u0443 \\u0438 \\u043f\\u043e\\u0434\\u043f\\u0438\\u0441\\u044b\\u0432\\u0430\\u044e\\u0442 \\u0434\\u043e\\u0433\\u043e\\u0432\\u043e\\u0440-\\u0441\\u043e\\u0433\\u043b\\u0430\\u0448\\u0435\\u043d\\u0438\\u0435, \\u0441\\u043e\\u0434\\u0435\\u0440\\u0436\\u0430\\u0449\\u0438\\u0439 \\u0443\\u0441\\u043b\\u043e\\u0432\\u0438\\u044f \\u0441\\u043e\\u0442\\u0440\\u0443\\u0434\\u043d\\u0438\\u0447\\u0435\\u0441\\u0442\\u0432\\u0430, \\u0432 \\u0442\\u043e\\u043c \\u0447\\u0438\\u0441\\u043b\\u0435 \\u043a\\u0430\\u0441\\u0430\\u0435\\u043c\\u043e \\u043e\\u043f\\u0440\\u044f\\u0442\\u043d\\u043e\\u0433\\u043e \\u0432\\u043d\\u0435\\u0448\\u043d\\u0435\\u0433\\u043e \\u0432\\u0438\\u0434\\u0430 \\u0432\\u043e\\u0434\\u0438\\u0442\\u0435\\u043b\\u044f \\u0438 \\u0430\\u0432\\u0442\\u043e\\u043c\\u043e\\u0431\\u0438\\u043b\\u044f, \\u0445\\u0438\\u043c\\u0447\\u0438\\u0441\\u0442\\u043a\\u0438 \\u0441\\u0430\\u043b\\u043e\\u043d\\u0430 \\u0438 \\u043f\\u0440.\\r\\n\\u003C\\/p\\u003E\\u003Cp\\u003E\\u0420\\u0435\\u0439\\u0442\\u0438\\u043d\\u0433 \\u0430\\u0432\\u0442\\u043e\\u043c\\u043e\\u0431\\u0438\\u043b\\u0435\\u0439 \\u0438 \\u0440\\u0435\\u0430\\u043b\\u044c\\u043d\\u044b\\u0435 \\u043e\\u0442\\u0437\\u044b\\u0432\\u044b \\u043f\\u043e\\u0441\\u0435\\u0442\\u0438\\u0442\\u0435\\u043b\\u0435\\u0439 \\u043d\\u0430 \\u0441\\u0430\\u0439\\u0442\\u0435 \\u043f\\u043e\\u043c\\u043e\\u0433\\u0443\\u0442 \\u0432\\u0430\\u043c \\u0441\\u0434\\u0435\\u043b\\u0430\\u0442\\u044c \\u0434\\u0435\\u0439\\u0441\\u0442\\u0432\\u0438\\u0442\\u0435\\u043b\\u044c\\u043d\\u043e \\u043b\\u0443\\u0447\\u0448\\u0438\\u0439 \\u0432\\u044b\\u0431\\u043e\\u0440 \\u0434\\u043b\\u044f \\u0432\\u0430\\u0448\\u0435\\u0433\\u043e \\u043d\\u0435\\u0437\\u0430\\u0431\\u044b\\u0432\\u0430\\u0435\\u043c\\u043e\\u0433\\u043e \\u043f\\u0440\\u0430\\u0437\\u0434\\u043d\\u0438\\u043a\\u0430. \\u041f\\u043e\\u044d\\u0442\\u043e\\u043c\\u0443, \\u0435\\u0441\\u043b\\u0438 \\u0432\\u044b \\u0440\\u0435\\u0448\\u0438\\u043b\\u0438 \\u0441\\u0434\\u0435\\u043b\\u0430\\u0442\\u044c \\u0412\\u0430\\u0448\\u0443 \\u0441\\u0432\\u0430\\u0434\\u044c\\u0431\\u0443 \\u0434\\u0435\\u0439\\u0441\\u0442\\u0432\\u0438\\u0442\\u0435\\u043b\\u044c\\u043d\\u043e \\u044f\\u0440\\u043a\\u043e\\u0439 \\u0438 \\u043d\\u0435\\u0437\\u0430\\u0431\\u044b\\u0432\\u0430\\u0435\\u043c\\u043e\\u0439 \\u0438 \\u043f\\u043e\\u043b\\u0443\\u0447\\u0438\\u0442\\u044c \\u0438\\u0441\\u043a\\u043b\\u044e\\u0447\\u0438\\u0442\\u0435\\u043b\\u044c\\u043d\\u043e \\u043f\\u043e\\u043b\\u043e\\u0436\\u0438\\u0442\\u0435\\u043b\\u044c\\u043d\\u044b\\u0435 \\u0432\\u043f\\u0435\\u0447\\u0430\\u0442\\u043b\\u0435\\u043d\\u0438\\u044f, \\u0432\\u043e\\u0441\\u043f\\u043e\\u043b\\u044c\\u0437\\u0443\\u0439\\u0442\\u0435\\u0441\\u044c \\u0443\\u0441\\u043b\\u0443\\u0433\\u0430\\u043c\\u0438 \\u0441\\u0435\\u0440\\u0432\\u0438\\u0441\\u0430 Weddingcars!\\r\\n\\u003C\\/p\\u003E"}]', '[{"text":"\\u003Cp style=\\"text-indent: 50px;font-weight: bold; margin-top:20px; color:#797272; margin-bottom:20px\\"\\u003E\\r\\n\\t\\u003Cstrong style=\\"font-size:24px\\"\\u003EWeddingcars\\u003C\\/strong\\u003E\\r\\n\\t-  \\u044d\\u0442\\u043e \\u043f\\u0435\\u0440\\u0432\\u044b\\u0439 \\u0432 \\u041f\\u043e\\u043b\\u0442\\u0430\\u0432\\u0435 \\u0438 \\u0423\\u043a\\u0440\\u0430\\u0438\\u043d\\u0435 \\u043e\\u0442\\u043a\\u0440\\u044b\\u0442\\u044b\\u0439 \\u0441\\u0435\\u0440\\u0432\\u0438\\u0441 \\u043f\\u043e\\u0438\\u0441\\u043a\\u0430 \\u0441\\u0432\\u0430\\u0434\\u0435\\u0431\\u043d\\u044b\\u0445 \\u0430\\u0432\\u0442\\u043e\\u043c\\u043e\\u0431\\u0438\\u043b\\u0435\\u0439. \\u041c\\u044b \\u0432\\u044b\\u0441\\u0442\\u0443\\u043f\\u0430\\u0435\\u043c \\u0432 \\u043a\\u0430\\u0447\\u0435\\u0441\\u0442\\u0432\\u0435 \\u043f\\u043e\\u0441\\u0440\\u0435\\u0434\\u043d\\u0438\\u043a\\u0430 \\u043c\\u0435\\u0436\\u0434\\u0443 \\u0432\\u043e\\u0434\\u0438\\u0442\\u0435\\u043b\\u044f\\u043c\\u0438 \\u0438 \\u043a\\u043b\\u0438\\u0435\\u043d\\u0442\\u0430\\u043c\\u0438. \\u0412\\u043e\\u0434\\u0438\\u0442\\u0435\\u043b\\u0438, \\u0436\\u0435\\u043b\\u0430\\u044e\\u0449\\u0438\\u0435 \\u043f\\u0440\\u0435\\u0434\\u043e\\u0441\\u0442\\u0430\\u0432\\u043b\\u044f\\u0442\\u044c \\u0443\\u0441\\u043b\\u0443\\u0433\\u0438 \\u0441\\u0432\\u0430\\u0434\\u0435\\u0431\\u043d\\u043e\\u0439 \\u043f\\u0435\\u0440\\u0435\\u0432\\u043e\\u0437\\u043a\\u0438, \\u043f\\u0440\\u043e\\u0445\\u043e\\u0434\\u044f\\u0442 \\u043f\\u0440\\u043e\\u0432\\u0435\\u0440\\u043a\\u0443 \\u0438 \\u0440\\u0435\\u0433\\u0438\\u0441\\u0442\\u0440\\u0438\\u0440\\u0443\\u044e\\u0442\\u0441\\u044f \\u043d\\u0430 \\u043d\\u0430\\u0448\\u0435\\u0439 \\u043e\\u043d\\u043b\\u0430\\u0439\\u043d-\\u043f\\u043b\\u043e\\u0449\\u0430\\u0434\\u043a\\u0435.\\r\\n\\u003C\\/p\\u003E\\r\\n\\u003Cp\\u003E\\u041a\\u043b\\u0438\\u0435\\u043d\\u0442\\u044b, \\u0432 \\u0441\\u0432\\u043e\\u044e \\u043e\\u0447\\u0435\\u0440\\u0435\\u0434\\u044c, \\u0438\\u043c\\u0435\\u044e\\u0442 \\u0432\\u043e\\u0437\\u043c\\u043e\\u0436\\u043d\\u043e\\u0441\\u0442\\u044c \\u0441\\u0430\\u043c\\u043e\\u0441\\u0442\\u043e\\u044f\\u0442\\u0435\\u043b\\u044c\\u043d\\u043e \\u0432\\u044b\\u0431\\u0440\\u0430\\u0442\\u044c \\u0441\\u0432\\u0430\\u0434\\u0435\\u0431\\u043d\\u044b\\u0439 \\u0430\\u0432\\u0442\\u043e\\u043c\\u043e\\u0431\\u0438\\u043b\\u044c \\u043d\\u0430 \\u043b\\u044e\\u0431\\u043e\\u0439 \\u0432\\u043a\\u0443\\u0441 \\u0438 \\u0446\\u0432\\u0435\\u0442 \\u0438\\u0437 \\u043e\\u0431\\u0448\\u0438\\u0440\\u043d\\u043e\\u0433\\u043e \\u043f\\u0435\\u0440\\u0435\\u0447\\u043d\\u044f \\u043f\\u0440\\u0435\\u0434\\u0441\\u0442\\u0430\\u0432\\u043b\\u0435\\u043d\\u043d\\u044b\\u0445 \\u0432\\u0430\\u0440\\u0438\\u0430\\u043d\\u0442\\u043e\\u0432.\\r\\n\\u003C\\/p\\u003E\\r\\n\\u003Cp\\u003E\\u041e\\u0434\\u043d\\u0438\\u043c \\u0438\\u0437 \\u043d\\u0430\\u0448\\u0438\\u0445 \\u043f\\u0440\\u0435\\u0438\\u043c\\u0443\\u0449\\u0435\\u0441\\u0442\\u0432 \\u044f\\u0432\\u043b\\u044f\\u0435\\u0442\\u0441\\u044f \\u0432\\u043e\\u0437\\u043c\\u043e\\u0436\\u043d\\u043e\\u0441\\u0442\\u044c \\u0432\\u044b\\u0431\\u043e\\u0440\\u0430 \\u0441\\u0440\\u0435\\u0434\\u0438 \\u0431\\u043e\\u043b\\u044c\\u0448\\u043e\\u0433\\u043e \\u043a\\u043e\\u043b\\u0438\\u0447\\u0435\\u0441\\u0442\\u0432\\u0430 \\u043f\\u0440\\u0435\\u0434\\u043b\\u043e\\u0436\\u0435\\u043d\\u0438\\u0439. \\u0412\\u0430\\u0448\\u0435\\u043c\\u0443 \\u0432\\u043d\\u0438\\u043c\\u0430\\u043d\\u0438\\u044e \\u043f\\u0440\\u0435\\u0434\\u043b\\u0430\\u0433\\u0430\\u044e\\u0442\\u0441\\u044f \\u0440\\u0430\\u0437\\u043b\\u0438\\u0447\\u043d\\u044b\\u0435 \\u0432\\u0430\\u0440\\u0438\\u0430\\u043d\\u0442\\u044b \\u043a\\u043e\\u043c\\u043f\\u043b\\u0435\\u043a\\u0442\\u0430\\u0446\\u0438\\u0438 \\u0441\\u0432\\u0430\\u0434\\u0435\\u0431\\u043d\\u043e\\u0433\\u043e \\u043a\\u043e\\u0440\\u0442\\u0435\\u0436\\u0430 - \\u043b\\u0435\\u0433\\u043a\\u043e\\u0432\\u044b\\u0435 \\u0430\\u0432\\u0442\\u043e \\u0438 \\u0432\\u043d\\u0435\\u0434\\u043e\\u0440\\u043e\\u0436\\u043d\\u0438\\u043a\\u0438, \\u0440\\u0435\\u0442\\u0440\\u043e-\\u0430\\u0432\\u0442\\u043e\\u043c\\u043e\\u0431\\u0438\\u043b\\u0438, \\u043a\\u0430\\u0431\\u0440\\u0438\\u043e\\u043b\\u0435\\u0442\\u044b, \\u043b\\u0438\\u043c\\u0443\\u0437\\u0438\\u043d\\u044b \\u0438 \\u043f\\u0440. \\u041d\\u0430 \\u0441\\u0435\\u0440\\u0432\\u0438\\u0441\\u0435 Weddingcars \\u043f\\u0440\\u0435\\u0434\\u0441\\u0442\\u0430\\u0432\\u043b\\u0435\\u043d\\u044b \\u0430\\u0432\\u0442\\u043e \\u043b\\u044e\\u0431\\u043e\\u0439 \\u0446\\u0435\\u043d\\u043e\\u0432\\u043e\\u0439 \\u043a\\u0430\\u0442\\u0435\\u0433\\u043e\\u0440\\u0438\\u0438 \\u2013 \\u043e\\u0442 \\u043c\\u043e\\u0434\\u0435\\u043b\\u0435\\u0439 \\u044d\\u043a\\u043e\\u043d\\u043e\\u043c-\\u043a\\u043b\\u0430\\u0441\\u0441\\u0430 \\u0434\\u043e \\u0430\\u0432\\u0442\\u043e\\u043c\\u0430\\u0448\\u0438\\u043d \\u043a\\u043b\\u0430\\u0441\\u0441\\u0430 \\u043b\\u044e\\u043a\\u0441. \\u0422\\u0430\\u043a\\u0436\\u0435 \\u043c\\u043e\\u0436\\u043d\\u043e \\u043d\\u0430\\u0439\\u0442\\u0438 \\u0438 \\u0437\\u0430\\u043a\\u0430\\u0437\\u0430\\u0442\\u044c \\u043a\\u043e\\u043c\\u0444\\u043e\\u0440\\u0442\\u0430\\u0431\\u0435\\u043b\\u044c\\u043d\\u044b\\u0435 \\u0430\\u0432\\u0442\\u043e\\u0431\\u0443\\u0441\\u044b \\u0438 \\u043c\\u0438\\u043a\\u0440\\u043e\\u0430\\u0432\\u0442\\u043e\\u0431\\u0443\\u0441\\u044b, \\u0447\\u0442\\u043e\\u0431\\u044b \\u043f\\u0440\\u0438\\u0432\\u0435\\u0437\\u0442\\u0438 \\u043d\\u0430 \\u043f\\u0440\\u0430\\u0437\\u0434\\u043d\\u0438\\u043a \\u0432\\u0441\\u0435\\u0445 \\u0432\\u0430\\u0448\\u0438\\u0445 \\u0433\\u043e\\u0441\\u0442\\u0435\\u0439.\\r\\n\\u003C\\/p\\u003E\\r\\n\\u003Cp\\u003E\\u0410\\u0432\\u0442\\u043e, \\u043f\\u0440\\u0435\\u0434\\u0441\\u0442\\u0430\\u0432\\u043b\\u0435\\u043d\\u043d\\u044b\\u0435 \\u0432 \\u043d\\u0430\\u0448\\u0435\\u043c \\u043a\\u0430\\u0442\\u0430\\u043b\\u043e\\u0433\\u0435, \\u043e\\u0431\\u043b\\u0430\\u0434\\u0430\\u044e\\u0442 \\u0431\\u0435\\u0437\\u0443\\u043f\\u0440\\u0435\\u0447\\u043d\\u044b\\u043c \\u0432\\u043d\\u0435\\u0448\\u043d\\u0438\\u043c \\u0432\\u0438\\u0434\\u043e\\u043c \\u0438 \\u043e\\u0442\\u043b\\u0438\\u0447\\u043d\\u044b\\u043c \\u0442\\u0435\\u0445\\u043d\\u0438\\u0447\\u0435\\u0441\\u043a\\u0438\\u043c \\u0441\\u043e\\u0441\\u0442\\u043e\\u044f\\u043d\\u0438\\u0435\\u043c. \\u0412\\u043e\\u0434\\u0438\\u0442\\u0435\\u043b\\u0438, \\u043a\\u043e\\u0442\\u043e\\u0440\\u044b\\u0435 \\u0440\\u0430\\u0431\\u043e\\u0442\\u0430\\u044e\\u0442 \\u0441 Weddingcars, \\u043f\\u0440\\u043e\\u0445\\u043e\\u0434\\u044f\\u0442 \\u043e\\u0431\\u044f\\u0437\\u0430\\u0442\\u0435\\u043b\\u044c\\u043d\\u0443\\u044e \\u043f\\u0440\\u043e\\u0432\\u0435\\u0440\\u043a\\u0443 \\u0438 \\u043f\\u043e\\u0434\\u043f\\u0438\\u0441\\u044b\\u0432\\u0430\\u044e\\u0442 \\u0434\\u043e\\u0433\\u043e\\u0432\\u043e\\u0440-\\u0441\\u043e\\u0433\\u043b\\u0430\\u0448\\u0435\\u043d\\u0438\\u0435, \\u0441\\u043e\\u0434\\u0435\\u0440\\u0436\\u0430\\u0449\\u0438\\u0439 \\u0443\\u0441\\u043b\\u043e\\u0432\\u0438\\u044f \\u0441\\u043e\\u0442\\u0440\\u0443\\u0434\\u043d\\u0438\\u0447\\u0435\\u0441\\u0442\\u0432\\u0430, \\u0432 \\u0442\\u043e\\u043c \\u0447\\u0438\\u0441\\u043b\\u0435 \\u043a\\u0430\\u0441\\u0430\\u0435\\u043c\\u043e \\u043e\\u043f\\u0440\\u044f\\u0442\\u043d\\u043e\\u0433\\u043e \\u0432\\u043d\\u0435\\u0448\\u043d\\u0435\\u0433\\u043e \\u0432\\u0438\\u0434\\u0430 \\u0432\\u043e\\u0434\\u0438\\u0442\\u0435\\u043b\\u044f \\u0438 \\u0430\\u0432\\u0442\\u043e\\u043c\\u043e\\u0431\\u0438\\u043b\\u044f, \\u0445\\u0438\\u043c\\u0447\\u0438\\u0441\\u0442\\u043a\\u0438 \\u0441\\u0430\\u043b\\u043e\\u043d\\u0430 \\u0438 \\u043f\\u0440.\\r\\n\\u003C\\/p\\u003E\\r\\n\\u003Cp\\u003E\\u0420\\u0435\\u0439\\u0442\\u0438\\u043d\\u0433 \\u0430\\u0432\\u0442\\u043e\\u043c\\u043e\\u0431\\u0438\\u043b\\u0435\\u0439 \\u0438 \\u0440\\u0435\\u0430\\u043b\\u044c\\u043d\\u044b\\u0435 \\u043e\\u0442\\u0437\\u044b\\u0432\\u044b \\u043f\\u043e\\u0441\\u0435\\u0442\\u0438\\u0442\\u0435\\u043b\\u0435\\u0439 \\u043d\\u0430 \\u0441\\u0430\\u0439\\u0442\\u0435 \\u043f\\u043e\\u043c\\u043e\\u0433\\u0443\\u0442 \\u0432\\u0430\\u043c \\u0441\\u0434\\u0435\\u043b\\u0430\\u0442\\u044c \\u0434\\u0435\\u0439\\u0441\\u0442\\u0432\\u0438\\u0442\\u0435\\u043b\\u044c\\u043d\\u043e \\u043b\\u0443\\u0447\\u0448\\u0438\\u0439 \\u0432\\u044b\\u0431\\u043e\\u0440 \\u0434\\u043b\\u044f \\u0432\\u0430\\u0448\\u0435\\u0433\\u043e \\u043d\\u0435\\u0437\\u0430\\u0431\\u044b\\u0432\\u0430\\u0435\\u043c\\u043e\\u0433\\u043e \\u043f\\u0440\\u0430\\u0437\\u0434\\u043d\\u0438\\u043a\\u0430. \\u041f\\u043e\\u044d\\u0442\\u043e\\u043c\\u0443, \\u0435\\u0441\\u043b\\u0438 \\u0432\\u044b \\u0440\\u0435\\u0448\\u0438\\u043b\\u0438 \\u0441\\u0434\\u0435\\u043b\\u0430\\u0442\\u044c \\u0412\\u0430\\u0448\\u0443 \\u0441\\u0432\\u0430\\u0434\\u044c\\u0431\\u0443 \\u0434\\u0435\\u0439\\u0441\\u0442\\u0432\\u0438\\u0442\\u0435\\u043b\\u044c\\u043d\\u043e \\u044f\\u0440\\u043a\\u043e\\u0439 \\u0438 \\u043d\\u0435\\u0437\\u0430\\u0431\\u044b\\u0432\\u0430\\u0435\\u043c\\u043e\\u0439 \\u0438 \\u043f\\u043e\\u043b\\u0443\\u0447\\u0438\\u0442\\u044c \\u0438\\u0441\\u043a\\u043b\\u044e\\u0447\\u0438\\u0442\\u0435\\u043b\\u044c\\u043d\\u043e \\u043f\\u043e\\u043b\\u043e\\u0436\\u0438\\u0442\\u0435\\u043b\\u044c\\u043d\\u044b\\u0435 \\u0432\\u043f\\u0435\\u0447\\u0430\\u0442\\u043b\\u0435\\u043d\\u0438\\u044f, \\u0432\\u043e\\u0441\\u043f\\u043e\\u043b\\u044c\\u0437\\u0443\\u0439\\u0442\\u0435\\u0441\\u044c \\u0443\\u0441\\u043b\\u0443\\u0433\\u0430\\u043c\\u0438 \\u0441\\u0435\\u0440\\u0432\\u0438\\u0441\\u0430 Weddingcars!\\r\\n\\u003C\\/p\\u003E"}]', 'app\\models\\Pages', 1473683188);
INSERT INTO `access_log` (`id`, `action`, `user_id`, `item_id`, `changed`, `attributes`, `model_class`, `created_at`) VALUES
(11, 'update', 1, 11, '[{"text":"\\u003Cp style=\\"text-indent: 50px;font-weight: bold; margin-top:20px; color:#797272; margin-bottom:20px\\"\\u003E\\r\\n\\t\\u003Cstrong style=\\"font-size:24px\\"\\u003EWeddingcars\\u003C\\/strong\\u003E\\r\\n\\t-  \\u044d\\u0442\\u043e \\u043f\\u0435\\u0440\\u0432\\u044b\\u0439 \\u0432 \\u041f\\u043e\\u043b\\u0442\\u0430\\u0432\\u0435 \\u0438 \\u0423\\u043a\\u0440\\u0430\\u0438\\u043d\\u0435 \\u043e\\u0442\\u043a\\u0440\\u044b\\u0442\\u044b\\u0439 \\u0441\\u0435\\u0440\\u0432\\u0438\\u0441 \\u043f\\u043e\\u0438\\u0441\\u043a\\u0430 \\u0441\\u0432\\u0430\\u0434\\u0435\\u0431\\u043d\\u044b\\u0445 \\u0430\\u0432\\u0442\\u043e\\u043c\\u043e\\u0431\\u0438\\u043b\\u0435\\u0439. \\u041c\\u044b \\u0432\\u044b\\u0441\\u0442\\u0443\\u043f\\u0430\\u0435\\u043c \\u0432 \\u043a\\u0430\\u0447\\u0435\\u0441\\u0442\\u0432\\u0435 \\u043f\\u043e\\u0441\\u0440\\u0435\\u0434\\u043d\\u0438\\u043a\\u0430 \\u043c\\u0435\\u0436\\u0434\\u0443 \\u0432\\u043e\\u0434\\u0438\\u0442\\u0435\\u043b\\u044f\\u043c\\u0438 \\u0438 \\u043a\\u043b\\u0438\\u0435\\u043d\\u0442\\u0430\\u043c\\u0438. \\u0412\\u043e\\u0434\\u0438\\u0442\\u0435\\u043b\\u0438, \\u0436\\u0435\\u043b\\u0430\\u044e\\u0449\\u0438\\u0435 \\u043f\\u0440\\u0435\\u0434\\u043e\\u0441\\u0442\\u0430\\u0432\\u043b\\u044f\\u0442\\u044c \\u0443\\u0441\\u043b\\u0443\\u0433\\u0438 \\u0441\\u0432\\u0430\\u0434\\u0435\\u0431\\u043d\\u043e\\u0439 \\u043f\\u0435\\u0440\\u0435\\u0432\\u043e\\u0437\\u043a\\u0438, \\u043f\\u0440\\u043e\\u0445\\u043e\\u0434\\u044f\\u0442 \\u043f\\u0440\\u043e\\u0432\\u0435\\u0440\\u043a\\u0443 \\u0438 \\u0440\\u0435\\u0433\\u0438\\u0441\\u0442\\u0440\\u0438\\u0440\\u0443\\u044e\\u0442\\u0441\\u044f \\u043d\\u0430 \\u043d\\u0430\\u0448\\u0435\\u0439 \\u043e\\u043d\\u043b\\u0430\\u0439\\u043d-\\u043f\\u043b\\u043e\\u0449\\u0430\\u0434\\u043a\\u0435.\\r\\n\\u003C\\/p\\u003E\\r\\n\\u003Cp\\u003E\\u041a\\u043b\\u0438\\u0435\\u043d\\u0442\\u044b, \\u0432 \\u0441\\u0432\\u043e\\u044e \\u043e\\u0447\\u0435\\u0440\\u0435\\u0434\\u044c, \\u0438\\u043c\\u0435\\u044e\\u0442 \\u0432\\u043e\\u0437\\u043c\\u043e\\u0436\\u043d\\u043e\\u0441\\u0442\\u044c \\u0441\\u0430\\u043c\\u043e\\u0441\\u0442\\u043e\\u044f\\u0442\\u0435\\u043b\\u044c\\u043d\\u043e \\u0432\\u044b\\u0431\\u0440\\u0430\\u0442\\u044c \\u0441\\u0432\\u0430\\u0434\\u0435\\u0431\\u043d\\u044b\\u0439 \\u0430\\u0432\\u0442\\u043e\\u043c\\u043e\\u0431\\u0438\\u043b\\u044c \\u043d\\u0430 \\u043b\\u044e\\u0431\\u043e\\u0439 \\u0432\\u043a\\u0443\\u0441 \\u0438 \\u0446\\u0432\\u0435\\u0442 \\u0438\\u0437 \\u043e\\u0431\\u0448\\u0438\\u0440\\u043d\\u043e\\u0433\\u043e \\u043f\\u0435\\u0440\\u0435\\u0447\\u043d\\u044f \\u043f\\u0440\\u0435\\u0434\\u0441\\u0442\\u0430\\u0432\\u043b\\u0435\\u043d\\u043d\\u044b\\u0445 \\u0432\\u0430\\u0440\\u0438\\u0430\\u043d\\u0442\\u043e\\u0432.\\r\\n\\u003C\\/p\\u003E\\r\\n\\u003Cp\\u003E\\u041e\\u0434\\u043d\\u0438\\u043c \\u0438\\u0437 \\u043d\\u0430\\u0448\\u0438\\u0445 \\u043f\\u0440\\u0435\\u0438\\u043c\\u0443\\u0449\\u0435\\u0441\\u0442\\u0432 \\u044f\\u0432\\u043b\\u044f\\u0435\\u0442\\u0441\\u044f \\u0432\\u043e\\u0437\\u043c\\u043e\\u0436\\u043d\\u043e\\u0441\\u0442\\u044c \\u0432\\u044b\\u0431\\u043e\\u0440\\u0430 \\u0441\\u0440\\u0435\\u0434\\u0438 \\u0431\\u043e\\u043b\\u044c\\u0448\\u043e\\u0433\\u043e \\u043a\\u043e\\u043b\\u0438\\u0447\\u0435\\u0441\\u0442\\u0432\\u0430 \\u043f\\u0440\\u0435\\u0434\\u043b\\u043e\\u0436\\u0435\\u043d\\u0438\\u0439. \\u0412\\u0430\\u0448\\u0435\\u043c\\u0443 \\u0432\\u043d\\u0438\\u043c\\u0430\\u043d\\u0438\\u044e \\u043f\\u0440\\u0435\\u0434\\u043b\\u0430\\u0433\\u0430\\u044e\\u0442\\u0441\\u044f \\u0440\\u0430\\u0437\\u043b\\u0438\\u0447\\u043d\\u044b\\u0435 \\u0432\\u0430\\u0440\\u0438\\u0430\\u043d\\u0442\\u044b \\u043a\\u043e\\u043c\\u043f\\u043b\\u0435\\u043a\\u0442\\u0430\\u0446\\u0438\\u0438 \\u0441\\u0432\\u0430\\u0434\\u0435\\u0431\\u043d\\u043e\\u0433\\u043e \\u043a\\u043e\\u0440\\u0442\\u0435\\u0436\\u0430 - \\u043b\\u0435\\u0433\\u043a\\u043e\\u0432\\u044b\\u0435 \\u0430\\u0432\\u0442\\u043e \\u0438 \\u0432\\u043d\\u0435\\u0434\\u043e\\u0440\\u043e\\u0436\\u043d\\u0438\\u043a\\u0438, \\u0440\\u0435\\u0442\\u0440\\u043e-\\u0430\\u0432\\u0442\\u043e\\u043c\\u043e\\u0431\\u0438\\u043b\\u0438, \\u043a\\u0430\\u0431\\u0440\\u0438\\u043e\\u043b\\u0435\\u0442\\u044b, \\u043b\\u0438\\u043c\\u0443\\u0437\\u0438\\u043d\\u044b \\u0438 \\u043f\\u0440. \\u041d\\u0430 \\u0441\\u0435\\u0440\\u0432\\u0438\\u0441\\u0435 Weddingcars \\u043f\\u0440\\u0435\\u0434\\u0441\\u0442\\u0430\\u0432\\u043b\\u0435\\u043d\\u044b \\u0430\\u0432\\u0442\\u043e \\u043b\\u044e\\u0431\\u043e\\u0439 \\u0446\\u0435\\u043d\\u043e\\u0432\\u043e\\u0439 \\u043a\\u0430\\u0442\\u0435\\u0433\\u043e\\u0440\\u0438\\u0438 \\u2013 \\u043e\\u0442 \\u043c\\u043e\\u0434\\u0435\\u043b\\u0435\\u0439 \\u044d\\u043a\\u043e\\u043d\\u043e\\u043c-\\u043a\\u043b\\u0430\\u0441\\u0441\\u0430 \\u0434\\u043e \\u0430\\u0432\\u0442\\u043e\\u043c\\u0430\\u0448\\u0438\\u043d \\u043a\\u043b\\u0430\\u0441\\u0441\\u0430 \\u043b\\u044e\\u043a\\u0441. \\u0422\\u0430\\u043a\\u0436\\u0435 \\u043c\\u043e\\u0436\\u043d\\u043e \\u043d\\u0430\\u0439\\u0442\\u0438 \\u0438 \\u0437\\u0430\\u043a\\u0430\\u0437\\u0430\\u0442\\u044c \\u043a\\u043e\\u043c\\u0444\\u043e\\u0440\\u0442\\u0430\\u0431\\u0435\\u043b\\u044c\\u043d\\u044b\\u0435 \\u0430\\u0432\\u0442\\u043e\\u0431\\u0443\\u0441\\u044b \\u0438 \\u043c\\u0438\\u043a\\u0440\\u043e\\u0430\\u0432\\u0442\\u043e\\u0431\\u0443\\u0441\\u044b, \\u0447\\u0442\\u043e\\u0431\\u044b \\u043f\\u0440\\u0438\\u0432\\u0435\\u0437\\u0442\\u0438 \\u043d\\u0430 \\u043f\\u0440\\u0430\\u0437\\u0434\\u043d\\u0438\\u043a \\u0432\\u0441\\u0435\\u0445 \\u0432\\u0430\\u0448\\u0438\\u0445 \\u0433\\u043e\\u0441\\u0442\\u0435\\u0439.\\r\\n\\u003C\\/p\\u003E\\r\\n\\u003Cp\\u003E\\u0410\\u0432\\u0442\\u043e, \\u043f\\u0440\\u0435\\u0434\\u0441\\u0442\\u0430\\u0432\\u043b\\u0435\\u043d\\u043d\\u044b\\u0435 \\u0432 \\u043d\\u0430\\u0448\\u0435\\u043c \\u043a\\u0430\\u0442\\u0430\\u043b\\u043e\\u0433\\u0435, \\u043e\\u0431\\u043b\\u0430\\u0434\\u0430\\u044e\\u0442 \\u0431\\u0435\\u0437\\u0443\\u043f\\u0440\\u0435\\u0447\\u043d\\u044b\\u043c \\u0432\\u043d\\u0435\\u0448\\u043d\\u0438\\u043c \\u0432\\u0438\\u0434\\u043e\\u043c \\u0438 \\u043e\\u0442\\u043b\\u0438\\u0447\\u043d\\u044b\\u043c \\u0442\\u0435\\u0445\\u043d\\u0438\\u0447\\u0435\\u0441\\u043a\\u0438\\u043c \\u0441\\u043e\\u0441\\u0442\\u043e\\u044f\\u043d\\u0438\\u0435\\u043c. \\u0412\\u043e\\u0434\\u0438\\u0442\\u0435\\u043b\\u0438, \\u043a\\u043e\\u0442\\u043e\\u0440\\u044b\\u0435 \\u0440\\u0430\\u0431\\u043e\\u0442\\u0430\\u044e\\u0442 \\u0441 Weddingcars, \\u043f\\u0440\\u043e\\u0445\\u043e\\u0434\\u044f\\u0442 \\u043e\\u0431\\u044f\\u0437\\u0430\\u0442\\u0435\\u043b\\u044c\\u043d\\u0443\\u044e \\u043f\\u0440\\u043e\\u0432\\u0435\\u0440\\u043a\\u0443 \\u0438 \\u043f\\u043e\\u0434\\u043f\\u0438\\u0441\\u044b\\u0432\\u0430\\u044e\\u0442 \\u0434\\u043e\\u0433\\u043e\\u0432\\u043e\\u0440-\\u0441\\u043e\\u0433\\u043b\\u0430\\u0448\\u0435\\u043d\\u0438\\u0435, \\u0441\\u043e\\u0434\\u0435\\u0440\\u0436\\u0430\\u0449\\u0438\\u0439 \\u0443\\u0441\\u043b\\u043e\\u0432\\u0438\\u044f \\u0441\\u043e\\u0442\\u0440\\u0443\\u0434\\u043d\\u0438\\u0447\\u0435\\u0441\\u0442\\u0432\\u0430, \\u0432 \\u0442\\u043e\\u043c \\u0447\\u0438\\u0441\\u043b\\u0435 \\u043a\\u0430\\u0441\\u0430\\u0435\\u043c\\u043e \\u043e\\u043f\\u0440\\u044f\\u0442\\u043d\\u043e\\u0433\\u043e \\u0432\\u043d\\u0435\\u0448\\u043d\\u0435\\u0433\\u043e \\u0432\\u0438\\u0434\\u0430 \\u0432\\u043e\\u0434\\u0438\\u0442\\u0435\\u043b\\u044f \\u0438 \\u0430\\u0432\\u0442\\u043e\\u043c\\u043e\\u0431\\u0438\\u043b\\u044f, \\u0445\\u0438\\u043c\\u0447\\u0438\\u0441\\u0442\\u043a\\u0438 \\u0441\\u0430\\u043b\\u043e\\u043d\\u0430 \\u0438 \\u043f\\u0440.\\r\\n\\u003C\\/p\\u003E\\r\\n\\u003Cp\\u003E\\u0420\\u0435\\u0439\\u0442\\u0438\\u043d\\u0433 \\u0430\\u0432\\u0442\\u043e\\u043c\\u043e\\u0431\\u0438\\u043b\\u0435\\u0439 \\u0438 \\u0440\\u0435\\u0430\\u043b\\u044c\\u043d\\u044b\\u0435 \\u043e\\u0442\\u0437\\u044b\\u0432\\u044b \\u043f\\u043e\\u0441\\u0435\\u0442\\u0438\\u0442\\u0435\\u043b\\u0435\\u0439 \\u043d\\u0430 \\u0441\\u0430\\u0439\\u0442\\u0435 \\u043f\\u043e\\u043c\\u043e\\u0433\\u0443\\u0442 \\u0432\\u0430\\u043c \\u0441\\u0434\\u0435\\u043b\\u0430\\u0442\\u044c \\u0434\\u0435\\u0439\\u0441\\u0442\\u0432\\u0438\\u0442\\u0435\\u043b\\u044c\\u043d\\u043e \\u043b\\u0443\\u0447\\u0448\\u0438\\u0439 \\u0432\\u044b\\u0431\\u043e\\u0440 \\u0434\\u043b\\u044f \\u0432\\u0430\\u0448\\u0435\\u0433\\u043e \\u043d\\u0435\\u0437\\u0430\\u0431\\u044b\\u0432\\u0430\\u0435\\u043c\\u043e\\u0433\\u043e \\u043f\\u0440\\u0430\\u0437\\u0434\\u043d\\u0438\\u043a\\u0430. \\u041f\\u043e\\u044d\\u0442\\u043e\\u043c\\u0443, \\u0435\\u0441\\u043b\\u0438 \\u0432\\u044b \\u0440\\u0435\\u0448\\u0438\\u043b\\u0438 \\u0441\\u0434\\u0435\\u043b\\u0430\\u0442\\u044c \\u0412\\u0430\\u0448\\u0443 \\u0441\\u0432\\u0430\\u0434\\u044c\\u0431\\u0443 \\u0434\\u0435\\u0439\\u0441\\u0442\\u0432\\u0438\\u0442\\u0435\\u043b\\u044c\\u043d\\u043e \\u044f\\u0440\\u043a\\u043e\\u0439 \\u0438 \\u043d\\u0435\\u0437\\u0430\\u0431\\u044b\\u0432\\u0430\\u0435\\u043c\\u043e\\u0439 \\u0438 \\u043f\\u043e\\u043b\\u0443\\u0447\\u0438\\u0442\\u044c \\u0438\\u0441\\u043a\\u043b\\u044e\\u0447\\u0438\\u0442\\u0435\\u043b\\u044c\\u043d\\u043e \\u043f\\u043e\\u043b\\u043e\\u0436\\u0438\\u0442\\u0435\\u043b\\u044c\\u043d\\u044b\\u0435 \\u0432\\u043f\\u0435\\u0447\\u0430\\u0442\\u043b\\u0435\\u043d\\u0438\\u044f, \\u0432\\u043e\\u0441\\u043f\\u043e\\u043b\\u044c\\u0437\\u0443\\u0439\\u0442\\u0435\\u0441\\u044c \\u0443\\u0441\\u043b\\u0443\\u0433\\u0430\\u043c\\u0438 \\u0441\\u0435\\u0440\\u0432\\u0438\\u0441\\u0430 Weddingcars!\\r\\n\\u003C\\/p\\u003E"}]', '[{"text":"\\u003Cp style=\\"text-indent: 50px;font-weight: bold; color:#797272; margin-bottom:20px\\"\\u003E\\r\\n\\t\\u003Cstrong style=\\"font-size:24px\\"\\u003EWeddingcars\\u003C\\/strong\\u003E\\r\\n\\t-  \\u044d\\u0442\\u043e \\u043f\\u0435\\u0440\\u0432\\u044b\\u0439 \\u0432 \\u041f\\u043e\\u043b\\u0442\\u0430\\u0432\\u0435 \\u0438 \\u0423\\u043a\\u0440\\u0430\\u0438\\u043d\\u0435 \\u043e\\u0442\\u043a\\u0440\\u044b\\u0442\\u044b\\u0439 \\u0441\\u0435\\u0440\\u0432\\u0438\\u0441 \\u043f\\u043e\\u0438\\u0441\\u043a\\u0430 \\u0441\\u0432\\u0430\\u0434\\u0435\\u0431\\u043d\\u044b\\u0445 \\u0430\\u0432\\u0442\\u043e\\u043c\\u043e\\u0431\\u0438\\u043b\\u0435\\u0439. \\u041c\\u044b \\u0432\\u044b\\u0441\\u0442\\u0443\\u043f\\u0430\\u0435\\u043c \\u0432 \\u043a\\u0430\\u0447\\u0435\\u0441\\u0442\\u0432\\u0435 \\u043f\\u043e\\u0441\\u0440\\u0435\\u0434\\u043d\\u0438\\u043a\\u0430 \\u043c\\u0435\\u0436\\u0434\\u0443 \\u0432\\u043e\\u0434\\u0438\\u0442\\u0435\\u043b\\u044f\\u043c\\u0438 \\u0438 \\u043a\\u043b\\u0438\\u0435\\u043d\\u0442\\u0430\\u043c\\u0438. \\u0412\\u043e\\u0434\\u0438\\u0442\\u0435\\u043b\\u0438, \\u0436\\u0435\\u043b\\u0430\\u044e\\u0449\\u0438\\u0435 \\u043f\\u0440\\u0435\\u0434\\u043e\\u0441\\u0442\\u0430\\u0432\\u043b\\u044f\\u0442\\u044c \\u0443\\u0441\\u043b\\u0443\\u0433\\u0438 \\u0441\\u0432\\u0430\\u0434\\u0435\\u0431\\u043d\\u043e\\u0439 \\u043f\\u0435\\u0440\\u0435\\u0432\\u043e\\u0437\\u043a\\u0438, \\u043f\\u0440\\u043e\\u0445\\u043e\\u0434\\u044f\\u0442 \\u043f\\u0440\\u043e\\u0432\\u0435\\u0440\\u043a\\u0443 \\u0438 \\u0440\\u0435\\u0433\\u0438\\u0441\\u0442\\u0440\\u0438\\u0440\\u0443\\u044e\\u0442\\u0441\\u044f \\u043d\\u0430 \\u043d\\u0430\\u0448\\u0435\\u0439 \\u043e\\u043d\\u043b\\u0430\\u0439\\u043d-\\u043f\\u043b\\u043e\\u0449\\u0430\\u0434\\u043a\\u0435.\\r\\n\\u003C\\/p\\u003E\\r\\n\\u003Cp\\u003E\\u041a\\u043b\\u0438\\u0435\\u043d\\u0442\\u044b, \\u0432 \\u0441\\u0432\\u043e\\u044e \\u043e\\u0447\\u0435\\u0440\\u0435\\u0434\\u044c, \\u0438\\u043c\\u0435\\u044e\\u0442 \\u0432\\u043e\\u0437\\u043c\\u043e\\u0436\\u043d\\u043e\\u0441\\u0442\\u044c \\u0441\\u0430\\u043c\\u043e\\u0441\\u0442\\u043e\\u044f\\u0442\\u0435\\u043b\\u044c\\u043d\\u043e \\u0432\\u044b\\u0431\\u0440\\u0430\\u0442\\u044c \\u0441\\u0432\\u0430\\u0434\\u0435\\u0431\\u043d\\u044b\\u0439 \\u0430\\u0432\\u0442\\u043e\\u043c\\u043e\\u0431\\u0438\\u043b\\u044c \\u043d\\u0430 \\u043b\\u044e\\u0431\\u043e\\u0439 \\u0432\\u043a\\u0443\\u0441 \\u0438 \\u0446\\u0432\\u0435\\u0442 \\u0438\\u0437 \\u043e\\u0431\\u0448\\u0438\\u0440\\u043d\\u043e\\u0433\\u043e \\u043f\\u0435\\u0440\\u0435\\u0447\\u043d\\u044f \\u043f\\u0440\\u0435\\u0434\\u0441\\u0442\\u0430\\u0432\\u043b\\u0435\\u043d\\u043d\\u044b\\u0445 \\u0432\\u0430\\u0440\\u0438\\u0430\\u043d\\u0442\\u043e\\u0432.\\r\\n\\u003C\\/p\\u003E\\r\\n\\u003Cp\\u003E\\u041e\\u0434\\u043d\\u0438\\u043c \\u0438\\u0437 \\u043d\\u0430\\u0448\\u0438\\u0445 \\u043f\\u0440\\u0435\\u0438\\u043c\\u0443\\u0449\\u0435\\u0441\\u0442\\u0432 \\u044f\\u0432\\u043b\\u044f\\u0435\\u0442\\u0441\\u044f \\u0432\\u043e\\u0437\\u043c\\u043e\\u0436\\u043d\\u043e\\u0441\\u0442\\u044c \\u0432\\u044b\\u0431\\u043e\\u0440\\u0430 \\u0441\\u0440\\u0435\\u0434\\u0438 \\u0431\\u043e\\u043b\\u044c\\u0448\\u043e\\u0433\\u043e \\u043a\\u043e\\u043b\\u0438\\u0447\\u0435\\u0441\\u0442\\u0432\\u0430 \\u043f\\u0440\\u0435\\u0434\\u043b\\u043e\\u0436\\u0435\\u043d\\u0438\\u0439. \\u0412\\u0430\\u0448\\u0435\\u043c\\u0443 \\u0432\\u043d\\u0438\\u043c\\u0430\\u043d\\u0438\\u044e \\u043f\\u0440\\u0435\\u0434\\u043b\\u0430\\u0433\\u0430\\u044e\\u0442\\u0441\\u044f \\u0440\\u0430\\u0437\\u043b\\u0438\\u0447\\u043d\\u044b\\u0435 \\u0432\\u0430\\u0440\\u0438\\u0430\\u043d\\u0442\\u044b \\u043a\\u043e\\u043c\\u043f\\u043b\\u0435\\u043a\\u0442\\u0430\\u0446\\u0438\\u0438 \\u0441\\u0432\\u0430\\u0434\\u0435\\u0431\\u043d\\u043e\\u0433\\u043e \\u043a\\u043e\\u0440\\u0442\\u0435\\u0436\\u0430 - \\u043b\\u0435\\u0433\\u043a\\u043e\\u0432\\u044b\\u0435 \\u0430\\u0432\\u0442\\u043e \\u0438 \\u0432\\u043d\\u0435\\u0434\\u043e\\u0440\\u043e\\u0436\\u043d\\u0438\\u043a\\u0438, \\u0440\\u0435\\u0442\\u0440\\u043e-\\u0430\\u0432\\u0442\\u043e\\u043c\\u043e\\u0431\\u0438\\u043b\\u0438, \\u043a\\u0430\\u0431\\u0440\\u0438\\u043e\\u043b\\u0435\\u0442\\u044b, \\u043b\\u0438\\u043c\\u0443\\u0437\\u0438\\u043d\\u044b \\u0438 \\u043f\\u0440. \\u041d\\u0430 \\u0441\\u0435\\u0440\\u0432\\u0438\\u0441\\u0435 Weddingcars \\u043f\\u0440\\u0435\\u0434\\u0441\\u0442\\u0430\\u0432\\u043b\\u0435\\u043d\\u044b \\u0430\\u0432\\u0442\\u043e \\u043b\\u044e\\u0431\\u043e\\u0439 \\u0446\\u0435\\u043d\\u043e\\u0432\\u043e\\u0439 \\u043a\\u0430\\u0442\\u0435\\u0433\\u043e\\u0440\\u0438\\u0438 \\u2013 \\u043e\\u0442 \\u043c\\u043e\\u0434\\u0435\\u043b\\u0435\\u0439 \\u044d\\u043a\\u043e\\u043d\\u043e\\u043c-\\u043a\\u043b\\u0430\\u0441\\u0441\\u0430 \\u0434\\u043e \\u0430\\u0432\\u0442\\u043e\\u043c\\u0430\\u0448\\u0438\\u043d \\u043a\\u043b\\u0430\\u0441\\u0441\\u0430 \\u043b\\u044e\\u043a\\u0441. \\u0422\\u0430\\u043a\\u0436\\u0435 \\u043c\\u043e\\u0436\\u043d\\u043e \\u043d\\u0430\\u0439\\u0442\\u0438 \\u0438 \\u0437\\u0430\\u043a\\u0430\\u0437\\u0430\\u0442\\u044c \\u043a\\u043e\\u043c\\u0444\\u043e\\u0440\\u0442\\u0430\\u0431\\u0435\\u043b\\u044c\\u043d\\u044b\\u0435 \\u0430\\u0432\\u0442\\u043e\\u0431\\u0443\\u0441\\u044b \\u0438 \\u043c\\u0438\\u043a\\u0440\\u043e\\u0430\\u0432\\u0442\\u043e\\u0431\\u0443\\u0441\\u044b, \\u0447\\u0442\\u043e\\u0431\\u044b \\u043f\\u0440\\u0438\\u0432\\u0435\\u0437\\u0442\\u0438 \\u043d\\u0430 \\u043f\\u0440\\u0430\\u0437\\u0434\\u043d\\u0438\\u043a \\u0432\\u0441\\u0435\\u0445 \\u0432\\u0430\\u0448\\u0438\\u0445 \\u0433\\u043e\\u0441\\u0442\\u0435\\u0439.\\r\\n\\u003C\\/p\\u003E\\r\\n\\u003Cp\\u003E\\u0410\\u0432\\u0442\\u043e, \\u043f\\u0440\\u0435\\u0434\\u0441\\u0442\\u0430\\u0432\\u043b\\u0435\\u043d\\u043d\\u044b\\u0435 \\u0432 \\u043d\\u0430\\u0448\\u0435\\u043c \\u043a\\u0430\\u0442\\u0430\\u043b\\u043e\\u0433\\u0435, \\u043e\\u0431\\u043b\\u0430\\u0434\\u0430\\u044e\\u0442 \\u0431\\u0435\\u0437\\u0443\\u043f\\u0440\\u0435\\u0447\\u043d\\u044b\\u043c \\u0432\\u043d\\u0435\\u0448\\u043d\\u0438\\u043c \\u0432\\u0438\\u0434\\u043e\\u043c \\u0438 \\u043e\\u0442\\u043b\\u0438\\u0447\\u043d\\u044b\\u043c \\u0442\\u0435\\u0445\\u043d\\u0438\\u0447\\u0435\\u0441\\u043a\\u0438\\u043c \\u0441\\u043e\\u0441\\u0442\\u043e\\u044f\\u043d\\u0438\\u0435\\u043c. \\u0412\\u043e\\u0434\\u0438\\u0442\\u0435\\u043b\\u0438, \\u043a\\u043e\\u0442\\u043e\\u0440\\u044b\\u0435 \\u0440\\u0430\\u0431\\u043e\\u0442\\u0430\\u044e\\u0442 \\u0441 Weddingcars, \\u043f\\u0440\\u043e\\u0445\\u043e\\u0434\\u044f\\u0442 \\u043e\\u0431\\u044f\\u0437\\u0430\\u0442\\u0435\\u043b\\u044c\\u043d\\u0443\\u044e \\u043f\\u0440\\u043e\\u0432\\u0435\\u0440\\u043a\\u0443 \\u0438 \\u043f\\u043e\\u0434\\u043f\\u0438\\u0441\\u044b\\u0432\\u0430\\u044e\\u0442 \\u0434\\u043e\\u0433\\u043e\\u0432\\u043e\\u0440-\\u0441\\u043e\\u0433\\u043b\\u0430\\u0448\\u0435\\u043d\\u0438\\u0435, \\u0441\\u043e\\u0434\\u0435\\u0440\\u0436\\u0430\\u0449\\u0438\\u0439 \\u0443\\u0441\\u043b\\u043e\\u0432\\u0438\\u044f \\u0441\\u043e\\u0442\\u0440\\u0443\\u0434\\u043d\\u0438\\u0447\\u0435\\u0441\\u0442\\u0432\\u0430, \\u0432 \\u0442\\u043e\\u043c \\u0447\\u0438\\u0441\\u043b\\u0435 \\u043a\\u0430\\u0441\\u0430\\u0435\\u043c\\u043e \\u043e\\u043f\\u0440\\u044f\\u0442\\u043d\\u043e\\u0433\\u043e \\u0432\\u043d\\u0435\\u0448\\u043d\\u0435\\u0433\\u043e \\u0432\\u0438\\u0434\\u0430 \\u0432\\u043e\\u0434\\u0438\\u0442\\u0435\\u043b\\u044f \\u0438 \\u0430\\u0432\\u0442\\u043e\\u043c\\u043e\\u0431\\u0438\\u043b\\u044f, \\u0445\\u0438\\u043c\\u0447\\u0438\\u0441\\u0442\\u043a\\u0438 \\u0441\\u0430\\u043b\\u043e\\u043d\\u0430 \\u0438 \\u043f\\u0440.\\r\\n\\u003C\\/p\\u003E\\r\\n\\u003Cp\\u003E\\u0420\\u0435\\u0439\\u0442\\u0438\\u043d\\u0433 \\u0430\\u0432\\u0442\\u043e\\u043c\\u043e\\u0431\\u0438\\u043b\\u0435\\u0439 \\u0438 \\u0440\\u0435\\u0430\\u043b\\u044c\\u043d\\u044b\\u0435 \\u043e\\u0442\\u0437\\u044b\\u0432\\u044b \\u043f\\u043e\\u0441\\u0435\\u0442\\u0438\\u0442\\u0435\\u043b\\u0435\\u0439 \\u043d\\u0430 \\u0441\\u0430\\u0439\\u0442\\u0435 \\u043f\\u043e\\u043c\\u043e\\u0433\\u0443\\u0442 \\u0432\\u0430\\u043c \\u0441\\u0434\\u0435\\u043b\\u0430\\u0442\\u044c \\u0434\\u0435\\u0439\\u0441\\u0442\\u0432\\u0438\\u0442\\u0435\\u043b\\u044c\\u043d\\u043e \\u043b\\u0443\\u0447\\u0448\\u0438\\u0439 \\u0432\\u044b\\u0431\\u043e\\u0440 \\u0434\\u043b\\u044f \\u0432\\u0430\\u0448\\u0435\\u0433\\u043e \\u043d\\u0435\\u0437\\u0430\\u0431\\u044b\\u0432\\u0430\\u0435\\u043c\\u043e\\u0433\\u043e \\u043f\\u0440\\u0430\\u0437\\u0434\\u043d\\u0438\\u043a\\u0430. \\u041f\\u043e\\u044d\\u0442\\u043e\\u043c\\u0443, \\u0435\\u0441\\u043b\\u0438 \\u0432\\u044b \\u0440\\u0435\\u0448\\u0438\\u043b\\u0438 \\u0441\\u0434\\u0435\\u043b\\u0430\\u0442\\u044c \\u0412\\u0430\\u0448\\u0443 \\u0441\\u0432\\u0430\\u0434\\u044c\\u0431\\u0443 \\u0434\\u0435\\u0439\\u0441\\u0442\\u0432\\u0438\\u0442\\u0435\\u043b\\u044c\\u043d\\u043e \\u044f\\u0440\\u043a\\u043e\\u0439 \\u0438 \\u043d\\u0435\\u0437\\u0430\\u0431\\u044b\\u0432\\u0430\\u0435\\u043c\\u043e\\u0439 \\u0438 \\u043f\\u043e\\u043b\\u0443\\u0447\\u0438\\u0442\\u044c \\u0438\\u0441\\u043a\\u043b\\u044e\\u0447\\u0438\\u0442\\u0435\\u043b\\u044c\\u043d\\u043e \\u043f\\u043e\\u043b\\u043e\\u0436\\u0438\\u0442\\u0435\\u043b\\u044c\\u043d\\u044b\\u0435 \\u0432\\u043f\\u0435\\u0447\\u0430\\u0442\\u043b\\u0435\\u043d\\u0438\\u044f, \\u0432\\u043e\\u0441\\u043f\\u043e\\u043b\\u044c\\u0437\\u0443\\u0439\\u0442\\u0435\\u0441\\u044c \\u0443\\u0441\\u043b\\u0443\\u0433\\u0430\\u043c\\u0438 \\u0441\\u0435\\u0440\\u0432\\u0438\\u0441\\u0430 Weddingcars!\\r\\n\\u003C\\/p\\u003E"}]', 'app\\models\\Pages', 1473685203),
(12, 'update', 1, 12, '[{"text":"\\u003Cp\\u003E\\u0417\\u0430\\u043a\\u0430\\u0437\\u0430\\u0442\\u044c \\u0443 \\u043d\\u0430\\u0441 \\u0430\\u0432\\u0442\\u043e \\u043d\\u0435\\u0432\\u0435\\u0440\\u043e\\u044f\\u0442\\u043d\\u043e \\u043f\\u0440\\u043e\\u0441\\u0442\\u043e. \\u041f\\u0440\\u0435\\u0436\\u0434\\u0435 \\u0432\\u0441\\u0435\\u0433\\u043e, \\u043f\\u0440\\u043e\\u0441\\u043c\\u043e\\u0442\\u0440\\u0438\\u0442\\u0435 \\u0441 \\u0412\\u0430\\u0448\\u0435\\u0439 \\u201c\\u0432\\u0442\\u043e\\u0440\\u043e\\u0439 \\u043f\\u043e\\u043b\\u043e\\u0432\\u0438\\u043d\\u043a\\u043e\\u0439\\u201d \\u043d\\u0430\\u0448 \\u043e\\u0431\\u0448\\u0438\\u0440\\u043d\\u044b\\u0439 \\u043a\\u0430\\u0442\\u0430\\u043b\\u043e\\u0433 \\u0441\\u0432\\u0430\\u0434\\u0435\\u0431\\u043d\\u044b\\u0445 \\u0430\\u0432\\u0442\\u043e\\u043c\\u043e\\u0431\\u0438\\u043b\\u0435\\u0439 \\u0438 \\u0432\\u044b\\u0431\\u0435\\u0440\\u0438\\u0442\\u0435 \\u0438\\u043d\\u0442\\u0435\\u0440\\u0435\\u0441\\u0443\\u044e\\u0449\\u0438\\u0439 \\u0432\\u0430\\u0441 \\u0432\\u0430\\u0440\\u0438\\u0430\\u043d\\u0442. \\u003C\\/p\\u003E\\u003Cp\\u003E\\u0417\\u0430\\u0442\\u0435\\u043c \\u043e\\u0444\\u043e\\u0440\\u043c\\u0438\\u0442\\u0435 \\u043e\\u043d\\u043b\\u0430\\u0439\\u043d-\\u0437\\u0430\\u044f\\u0432\\u043a\\u0443, \\u0437\\u0430\\u043f\\u043e\\u043b\\u043d\\u0438\\u0432 \\u0432\\u0441\\u0435 \\u043d\\u0435\\u043e\\u0431\\u0445\\u043e\\u0434\\u0438\\u043c\\u044b\\u0435 \\u043f\\u043e\\u043b\\u044f. \\u003Cbr\\u003E\\u041f\\u043e\\u043b\\u0443\\u0447\\u0438\\u0432 \\u0437\\u0430\\u044f\\u0432\\u043a\\u0443, \\u0432\\u043e\\u0434\\u0438\\u0442\\u0435\\u043b\\u044c \\u043e\\u0442\\u043f\\u0440\\u0430\\u0432\\u0438\\u0442 \\u0432\\u0430\\u043c \\u043f\\u043e\\u0434\\u0442\\u0432\\u0435\\u0440\\u0436\\u0434\\u0435\\u043d\\u0438\\u0435 \\u0431\\u0440\\u043e\\u043d\\u0438 \\u043d\\u0430 \\u0432\\u0430\\u0448\\u0443 \\u0434\\u0430\\u0442\\u0443. \\u0421\\u043b\\u0435\\u0434\\u0443\\u044e\\u0449\\u0438\\u0439 \\u0448\\u0430\\u0433 \\u2013 \\u0432\\u043d\\u0435\\u0441\\u0435\\u043d\\u0438\\u0435 \\u043d\\u0435\\u043e\\u0431\\u0445\\u043e\\u0434\\u0438\\u043c\\u043e\\u0439 \\u0441\\u0443\\u043c\\u043c\\u044b \\u043f\\u0440\\u0435\\u0434\\u043e\\u043f\\u043b\\u0430\\u0442\\u044b.\\u003C\\/p\\u003E\\u0418, \\u043d\\u0430\\u043a\\u043e\\u043d\\u0435\\u0446, \\u0432 \\u0434\\u0435\\u043d\\u044c \\u0441\\u0432\\u0430\\u0434\\u044c\\u0431\\u044b \\u0432\\u044b \\u043f\\u043e\\u043b\\u0443\\u0447\\u0430\\u0435\\u0442\\u0435 \\u0438\\u043c\\u0435\\u043d\\u043d\\u043e \\u0442\\u043e\\u0442 \\u0430\\u0432\\u0442\\u043e\\u043c\\u043e\\u0431\\u0438\\u043b\\u044c, \\u0432 \\u043a\\u043e\\u0442\\u043e\\u0440\\u043e\\u043c \\u0432\\u044b \\u043c\\u0435\\u0447\\u0442\\u0430\\u043b\\u0438 \\u043f\\u0440\\u0438\\u0435\\u0445\\u0430\\u0442\\u044c \\u043d\\u0430 \\u0441\\u0430\\u043c\\u044b\\u0439 \\u044f\\u0440\\u043a\\u0438\\u0439 \\u043f\\u0440\\u0430\\u0437\\u0434\\u043d\\u0438\\u043a \\u0412\\u0430\\u0448\\u0435\\u0439 \\u0436\\u0438\\u0437\\u043d\\u0438.\\u003Cp\\u003E\\u0421 \\u043f\\u043e\\u043c\\u043e\\u0449\\u044c\\u044e \\u0441\\u0435\\u0440\\u0432\\u0438\\u0441\\u0430 Weddingcars \\u0432\\u044b \\u043c\\u043e\\u0436\\u0435\\u0442\\u0435 \\u0441\\u043e\\u0441\\u0442\\u0430\\u0432\\u0438\\u0442\\u044c \\u0446\\u0435\\u043b\\u044b\\u0439 \\u0441\\u0432\\u0430\\u0434\\u0435\\u0431\\u043d\\u044b\\u0439 \\u043a\\u043e\\u0440\\u0442\\u0435\\u0436. \\u0410 \\u0442\\u0430\\u043a\\u0436\\u0435 \\u043f\\u0440\\u043e\\u0441\\u043b\\u0435\\u0434\\u0438\\u0442\\u044c \\u0437\\u0430 \\u0442\\u0435\\u043c, \\u0447\\u0442\\u043e\\u0431\\u044b \\u043e\\u043d \\u0431\\u044b\\u043b \\u0432\\u044b\\u0434\\u0435\\u0440\\u0436\\u0430\\u043d \\u0432 \\u0435\\u0434\\u0438\\u043d\\u043e\\u043c \\u0441\\u0442\\u0438\\u043b\\u0435, \\u0438\\u0437 \\u0430\\u0432\\u0442\\u043e\\u043c\\u043e\\u0431\\u0438\\u043b\\u0435\\u0439 \\u043e\\u0434\\u043d\\u043e\\u0439 \\u043c\\u0430\\u0440\\u043a\\u0438 \\u0438 \\u0446\\u0432\\u0435\\u0442\\u0430.\\u003C\\/p\\u003E"}]', '[{"text":"\\u003Cp\\u003E\\u0417\\u0430\\u043a\\u0430\\u0437\\u0430\\u0442\\u044c \\u0443 \\u043d\\u0430\\u0441 \\u0430\\u0432\\u0442\\u043e \\u043d\\u0435\\u0432\\u0435\\u0440\\u043e\\u044f\\u0442\\u043d\\u043e \\u043f\\u0440\\u043e\\u0441\\u0442\\u043e. \\u041f\\u0440\\u0435\\u0436\\u0434\\u0435 \\u0432\\u0441\\u0435\\u0433\\u043e, \\u043f\\u0440\\u043e\\u0441\\u043c\\u043e\\u0442\\u0440\\u0438\\u0442\\u0435 \\u0441 \\u0412\\u0430\\u0448\\u0435\\u0439 \\u201c\\u0432\\u0442\\u043e\\u0440\\u043e\\u0439 \\u043f\\u043e\\u043b\\u043e\\u0432\\u0438\\u043d\\u043a\\u043e\\u0439\\u201d \\u043d\\u0430\\u0448 \\u043e\\u0431\\u0448\\u0438\\u0440\\u043d\\u044b\\u0439 \\u043a\\u0430\\u0442\\u0430\\u043b\\u043e\\u0433 \\u0441\\u0432\\u0430\\u0434\\u0435\\u0431\\u043d\\u044b\\u0445 \\u0430\\u0432\\u0442\\u043e\\u043c\\u043e\\u0431\\u0438\\u043b\\u0435\\u0439 \\u0438 \\u0432\\u044b\\u0431\\u0435\\u0440\\u0438\\u0442\\u0435 \\u0438\\u043d\\u0442\\u0435\\u0440\\u0435\\u0441\\u0443\\u044e\\u0449\\u0438\\u0439 \\u0432\\u0430\\u0441 \\u0432\\u0430\\u0440\\u0438\\u0430\\u043d\\u0442.\\r\\n\\u003C\\/p\\u003E\\r\\n\\u003Cp\\u003E\\u0417\\u0430\\u0442\\u0435\\u043c \\u043e\\u0444\\u043e\\u0440\\u043c\\u0438\\u0442\\u0435 \\u043e\\u043d\\u043b\\u0430\\u0439\\u043d-\\u0437\\u0430\\u044f\\u0432\\u043a\\u0443, \\u0437\\u0430\\u043f\\u043e\\u043b\\u043d\\u0438\\u0432 \\u0432\\u0441\\u0435 \\u043d\\u0435\\u043e\\u0431\\u0445\\u043e\\u0434\\u0438\\u043c\\u044b\\u0435 \\u043f\\u043e\\u043b\\u044f. \\u003Cbr\\u003E\\u041f\\u043e\\u043b\\u0443\\u0447\\u0438\\u0432 \\u0437\\u0430\\u044f\\u0432\\u043a\\u0443, \\u0432\\u043e\\u0434\\u0438\\u0442\\u0435\\u043b\\u044c \\u043e\\u0442\\u043f\\u0440\\u0430\\u0432\\u0438\\u0442 \\u0432\\u0430\\u043c \\u043f\\u043e\\u0434\\u0442\\u0432\\u0435\\u0440\\u0436\\u0434\\u0435\\u043d\\u0438\\u0435 \\u0431\\u0440\\u043e\\u043d\\u0438 \\u043d\\u0430 \\u0432\\u0430\\u0448\\u0443 \\u0434\\u0430\\u0442\\u0443. \\u0421\\u043b\\u0435\\u0434\\u0443\\u044e\\u0449\\u0438\\u0439 \\u0448\\u0430\\u0433 \\u2013 \\u0432\\u043d\\u0435\\u0441\\u0435\\u043d\\u0438\\u0435 \\u043d\\u0435\\u043e\\u0431\\u0445\\u043e\\u0434\\u0438\\u043c\\u043e\\u0439 \\u0441\\u0443\\u043c\\u043c\\u044b \\u043f\\u0440\\u0435\\u0434\\u043e\\u043f\\u043b\\u0430\\u0442\\u044b.\\r\\n\\u003C\\/p\\u003E\\r\\n\\u003Cp\\u003E\\u0418, \\u043d\\u0430\\u043a\\u043e\\u043d\\u0435\\u0446, \\u0432 \\u0434\\u0435\\u043d\\u044c \\u0441\\u0432\\u0430\\u0434\\u044c\\u0431\\u044b \\u0432\\u044b \\u043f\\u043e\\u043b\\u0443\\u0447\\u0430\\u0435\\u0442\\u0435 \\u0438\\u043c\\u0435\\u043d\\u043d\\u043e \\u0442\\u043e\\u0442 \\u0430\\u0432\\u0442\\u043e\\u043c\\u043e\\u0431\\u0438\\u043b\\u044c, \\u0432 \\u043a\\u043e\\u0442\\u043e\\u0440\\u043e\\u043c \\u0432\\u044b \\u043c\\u0435\\u0447\\u0442\\u0430\\u043b\\u0438 \\u043f\\u0440\\u0438\\u0435\\u0445\\u0430\\u0442\\u044c \\u043d\\u0430 \\u0441\\u0430\\u043c\\u044b\\u0439 \\u044f\\u0440\\u043a\\u0438\\u0439 \\u043f\\u0440\\u0430\\u0437\\u0434\\u043d\\u0438\\u043a \\u0412\\u0430\\u0448\\u0435\\u0439 \\u0436\\u0438\\u0437\\u043d\\u0438.\\u003C\\/p\\u003E\\r\\n\\u003Cp\\u003E\\u0421 \\u043f\\u043e\\u043c\\u043e\\u0449\\u044c\\u044e \\u0441\\u0435\\u0440\\u0432\\u0438\\u0441\\u0430 Weddingcars \\u0432\\u044b \\u043c\\u043e\\u0436\\u0435\\u0442\\u0435 \\u0441\\u043e\\u0441\\u0442\\u0430\\u0432\\u0438\\u0442\\u044c \\u0446\\u0435\\u043b\\u044b\\u0439 \\u0441\\u0432\\u0430\\u0434\\u0435\\u0431\\u043d\\u044b\\u0439 \\u043a\\u043e\\u0440\\u0442\\u0435\\u0436. \\u0410 \\u0442\\u0430\\u043a\\u0436\\u0435 \\u043f\\u0440\\u043e\\u0441\\u043b\\u0435\\u0434\\u0438\\u0442\\u044c \\u0437\\u0430 \\u0442\\u0435\\u043c, \\u0447\\u0442\\u043e\\u0431\\u044b \\u043e\\u043d \\u0431\\u044b\\u043b \\u0432\\u044b\\u0434\\u0435\\u0440\\u0436\\u0430\\u043d \\u0432 \\u0435\\u0434\\u0438\\u043d\\u043e\\u043c \\u0441\\u0442\\u0438\\u043b\\u0435, \\u0438\\u0437 \\u0430\\u0432\\u0442\\u043e\\u043c\\u043e\\u0431\\u0438\\u043b\\u0435\\u0439 \\u043e\\u0434\\u043d\\u043e\\u0439 \\u043c\\u0430\\u0440\\u043a\\u0438 \\u0438 \\u0446\\u0432\\u0435\\u0442\\u0430.\\r\\n\\u003C\\/p\\u003E"}]', 'app\\models\\Pages', 1473685497),
(13, 'delete', 1, 11, NULL, '{"id":11,"title":"\\u041e \\u043a\\u043e\\u043c\\u043f\\u0430\\u043d\\u0438\\u0438","text":"\\u003Cp style=\\"text-indent: 50px;font-weight: bold; color:#797272; margin-bottom:20px\\"\\u003E\\r\\n\\t\\u003Cstrong style=\\"font-size:24px\\"\\u003EWeddingcars\\u003C\\/strong\\u003E\\r\\n\\t-  \\u044d\\u0442\\u043e \\u043f\\u0435\\u0440\\u0432\\u044b\\u0439 \\u0432 \\u041f\\u043e\\u043b\\u0442\\u0430\\u0432\\u0435 \\u0438 \\u0423\\u043a\\u0440\\u0430\\u0438\\u043d\\u0435 \\u043e\\u0442\\u043a\\u0440\\u044b\\u0442\\u044b\\u0439 \\u0441\\u0435\\u0440\\u0432\\u0438\\u0441 \\u043f\\u043e\\u0438\\u0441\\u043a\\u0430 \\u0441\\u0432\\u0430\\u0434\\u0435\\u0431\\u043d\\u044b\\u0445 \\u0430\\u0432\\u0442\\u043e\\u043c\\u043e\\u0431\\u0438\\u043b\\u0435\\u0439. \\u041c\\u044b \\u0432\\u044b\\u0441\\u0442\\u0443\\u043f\\u0430\\u0435\\u043c \\u0432 \\u043a\\u0430\\u0447\\u0435\\u0441\\u0442\\u0432\\u0435 \\u043f\\u043e\\u0441\\u0440\\u0435\\u0434\\u043d\\u0438\\u043a\\u0430 \\u043c\\u0435\\u0436\\u0434\\u0443 \\u0432\\u043e\\u0434\\u0438\\u0442\\u0435\\u043b\\u044f\\u043c\\u0438 \\u0438 \\u043a\\u043b\\u0438\\u0435\\u043d\\u0442\\u0430\\u043c\\u0438. \\u0412\\u043e\\u0434\\u0438\\u0442\\u0435\\u043b\\u0438, \\u0436\\u0435\\u043b\\u0430\\u044e\\u0449\\u0438\\u0435 \\u043f\\u0440\\u0435\\u0434\\u043e\\u0441\\u0442\\u0430\\u0432\\u043b\\u044f\\u0442\\u044c \\u0443\\u0441\\u043b\\u0443\\u0433\\u0438 \\u0441\\u0432\\u0430\\u0434\\u0435\\u0431\\u043d\\u043e\\u0439 \\u043f\\u0435\\u0440\\u0435\\u0432\\u043e\\u0437\\u043a\\u0438, \\u043f\\u0440\\u043e\\u0445\\u043e\\u0434\\u044f\\u0442 \\u043f\\u0440\\u043e\\u0432\\u0435\\u0440\\u043a\\u0443 \\u0438 \\u0440\\u0435\\u0433\\u0438\\u0441\\u0442\\u0440\\u0438\\u0440\\u0443\\u044e\\u0442\\u0441\\u044f \\u043d\\u0430 \\u043d\\u0430\\u0448\\u0435\\u0439 \\u043e\\u043d\\u043b\\u0430\\u0439\\u043d-\\u043f\\u043b\\u043e\\u0449\\u0430\\u0434\\u043a\\u0435.\\r\\n\\u003C\\/p\\u003E\\r\\n\\u003Cp\\u003E\\u041a\\u043b\\u0438\\u0435\\u043d\\u0442\\u044b, \\u0432 \\u0441\\u0432\\u043e\\u044e \\u043e\\u0447\\u0435\\u0440\\u0435\\u0434\\u044c, \\u0438\\u043c\\u0435\\u044e\\u0442 \\u0432\\u043e\\u0437\\u043c\\u043e\\u0436\\u043d\\u043e\\u0441\\u0442\\u044c \\u0441\\u0430\\u043c\\u043e\\u0441\\u0442\\u043e\\u044f\\u0442\\u0435\\u043b\\u044c\\u043d\\u043e \\u0432\\u044b\\u0431\\u0440\\u0430\\u0442\\u044c \\u0441\\u0432\\u0430\\u0434\\u0435\\u0431\\u043d\\u044b\\u0439 \\u0430\\u0432\\u0442\\u043e\\u043c\\u043e\\u0431\\u0438\\u043b\\u044c \\u043d\\u0430 \\u043b\\u044e\\u0431\\u043e\\u0439 \\u0432\\u043a\\u0443\\u0441 \\u0438 \\u0446\\u0432\\u0435\\u0442 \\u0438\\u0437 \\u043e\\u0431\\u0448\\u0438\\u0440\\u043d\\u043e\\u0433\\u043e \\u043f\\u0435\\u0440\\u0435\\u0447\\u043d\\u044f \\u043f\\u0440\\u0435\\u0434\\u0441\\u0442\\u0430\\u0432\\u043b\\u0435\\u043d\\u043d\\u044b\\u0445 \\u0432\\u0430\\u0440\\u0438\\u0430\\u043d\\u0442\\u043e\\u0432.\\r\\n\\u003C\\/p\\u003E\\r\\n\\u003Cp\\u003E\\u041e\\u0434\\u043d\\u0438\\u043c \\u0438\\u0437 \\u043d\\u0430\\u0448\\u0438\\u0445 \\u043f\\u0440\\u0435\\u0438\\u043c\\u0443\\u0449\\u0435\\u0441\\u0442\\u0432 \\u044f\\u0432\\u043b\\u044f\\u0435\\u0442\\u0441\\u044f \\u0432\\u043e\\u0437\\u043c\\u043e\\u0436\\u043d\\u043e\\u0441\\u0442\\u044c \\u0432\\u044b\\u0431\\u043e\\u0440\\u0430 \\u0441\\u0440\\u0435\\u0434\\u0438 \\u0431\\u043e\\u043b\\u044c\\u0448\\u043e\\u0433\\u043e \\u043a\\u043e\\u043b\\u0438\\u0447\\u0435\\u0441\\u0442\\u0432\\u0430 \\u043f\\u0440\\u0435\\u0434\\u043b\\u043e\\u0436\\u0435\\u043d\\u0438\\u0439. \\u0412\\u0430\\u0448\\u0435\\u043c\\u0443 \\u0432\\u043d\\u0438\\u043c\\u0430\\u043d\\u0438\\u044e \\u043f\\u0440\\u0435\\u0434\\u043b\\u0430\\u0433\\u0430\\u044e\\u0442\\u0441\\u044f \\u0440\\u0430\\u0437\\u043b\\u0438\\u0447\\u043d\\u044b\\u0435 \\u0432\\u0430\\u0440\\u0438\\u0430\\u043d\\u0442\\u044b \\u043a\\u043e\\u043c\\u043f\\u043b\\u0435\\u043a\\u0442\\u0430\\u0446\\u0438\\u0438 \\u0441\\u0432\\u0430\\u0434\\u0435\\u0431\\u043d\\u043e\\u0433\\u043e \\u043a\\u043e\\u0440\\u0442\\u0435\\u0436\\u0430 - \\u043b\\u0435\\u0433\\u043a\\u043e\\u0432\\u044b\\u0435 \\u0430\\u0432\\u0442\\u043e \\u0438 \\u0432\\u043d\\u0435\\u0434\\u043e\\u0440\\u043e\\u0436\\u043d\\u0438\\u043a\\u0438, \\u0440\\u0435\\u0442\\u0440\\u043e-\\u0430\\u0432\\u0442\\u043e\\u043c\\u043e\\u0431\\u0438\\u043b\\u0438, \\u043a\\u0430\\u0431\\u0440\\u0438\\u043e\\u043b\\u0435\\u0442\\u044b, \\u043b\\u0438\\u043c\\u0443\\u0437\\u0438\\u043d\\u044b \\u0438 \\u043f\\u0440. \\u041d\\u0430 \\u0441\\u0435\\u0440\\u0432\\u0438\\u0441\\u0435 Weddingcars \\u043f\\u0440\\u0435\\u0434\\u0441\\u0442\\u0430\\u0432\\u043b\\u0435\\u043d\\u044b \\u0430\\u0432\\u0442\\u043e \\u043b\\u044e\\u0431\\u043e\\u0439 \\u0446\\u0435\\u043d\\u043e\\u0432\\u043e\\u0439 \\u043a\\u0430\\u0442\\u0435\\u0433\\u043e\\u0440\\u0438\\u0438 \\u2013 \\u043e\\u0442 \\u043c\\u043e\\u0434\\u0435\\u043b\\u0435\\u0439 \\u044d\\u043a\\u043e\\u043d\\u043e\\u043c-\\u043a\\u043b\\u0430\\u0441\\u0441\\u0430 \\u0434\\u043e \\u0430\\u0432\\u0442\\u043e\\u043c\\u0430\\u0448\\u0438\\u043d \\u043a\\u043b\\u0430\\u0441\\u0441\\u0430 \\u043b\\u044e\\u043a\\u0441. \\u0422\\u0430\\u043a\\u0436\\u0435 \\u043c\\u043e\\u0436\\u043d\\u043e \\u043d\\u0430\\u0439\\u0442\\u0438 \\u0438 \\u0437\\u0430\\u043a\\u0430\\u0437\\u0430\\u0442\\u044c \\u043a\\u043e\\u043c\\u0444\\u043e\\u0440\\u0442\\u0430\\u0431\\u0435\\u043b\\u044c\\u043d\\u044b\\u0435 \\u0430\\u0432\\u0442\\u043e\\u0431\\u0443\\u0441\\u044b \\u0438 \\u043c\\u0438\\u043a\\u0440\\u043e\\u0430\\u0432\\u0442\\u043e\\u0431\\u0443\\u0441\\u044b, \\u0447\\u0442\\u043e\\u0431\\u044b \\u043f\\u0440\\u0438\\u0432\\u0435\\u0437\\u0442\\u0438 \\u043d\\u0430 \\u043f\\u0440\\u0430\\u0437\\u0434\\u043d\\u0438\\u043a \\u0432\\u0441\\u0435\\u0445 \\u0432\\u0430\\u0448\\u0438\\u0445 \\u0433\\u043e\\u0441\\u0442\\u0435\\u0439.\\r\\n\\u003C\\/p\\u003E\\r\\n\\u003Cp\\u003E\\u0410\\u0432\\u0442\\u043e, \\u043f\\u0440\\u0435\\u0434\\u0441\\u0442\\u0430\\u0432\\u043b\\u0435\\u043d\\u043d\\u044b\\u0435 \\u0432 \\u043d\\u0430\\u0448\\u0435\\u043c \\u043a\\u0430\\u0442\\u0430\\u043b\\u043e\\u0433\\u0435, \\u043e\\u0431\\u043b\\u0430\\u0434\\u0430\\u044e\\u0442 \\u0431\\u0435\\u0437\\u0443\\u043f\\u0440\\u0435\\u0447\\u043d\\u044b\\u043c \\u0432\\u043d\\u0435\\u0448\\u043d\\u0438\\u043c \\u0432\\u0438\\u0434\\u043e\\u043c \\u0438 \\u043e\\u0442\\u043b\\u0438\\u0447\\u043d\\u044b\\u043c \\u0442\\u0435\\u0445\\u043d\\u0438\\u0447\\u0435\\u0441\\u043a\\u0438\\u043c \\u0441\\u043e\\u0441\\u0442\\u043e\\u044f\\u043d\\u0438\\u0435\\u043c. \\u0412\\u043e\\u0434\\u0438\\u0442\\u0435\\u043b\\u0438, \\u043a\\u043e\\u0442\\u043e\\u0440\\u044b\\u0435 \\u0440\\u0430\\u0431\\u043e\\u0442\\u0430\\u044e\\u0442 \\u0441 Weddingcars, \\u043f\\u0440\\u043e\\u0445\\u043e\\u0434\\u044f\\u0442 \\u043e\\u0431\\u044f\\u0437\\u0430\\u0442\\u0435\\u043b\\u044c\\u043d\\u0443\\u044e \\u043f\\u0440\\u043e\\u0432\\u0435\\u0440\\u043a\\u0443 \\u0438 \\u043f\\u043e\\u0434\\u043f\\u0438\\u0441\\u044b\\u0432\\u0430\\u044e\\u0442 \\u0434\\u043e\\u0433\\u043e\\u0432\\u043e\\u0440-\\u0441\\u043e\\u0433\\u043b\\u0430\\u0448\\u0435\\u043d\\u0438\\u0435, \\u0441\\u043e\\u0434\\u0435\\u0440\\u0436\\u0430\\u0449\\u0438\\u0439 \\u0443\\u0441\\u043b\\u043e\\u0432\\u0438\\u044f \\u0441\\u043e\\u0442\\u0440\\u0443\\u0434\\u043d\\u0438\\u0447\\u0435\\u0441\\u0442\\u0432\\u0430, \\u0432 \\u0442\\u043e\\u043c \\u0447\\u0438\\u0441\\u043b\\u0435 \\u043a\\u0430\\u0441\\u0430\\u0435\\u043c\\u043e \\u043e\\u043f\\u0440\\u044f\\u0442\\u043d\\u043e\\u0433\\u043e \\u0432\\u043d\\u0435\\u0448\\u043d\\u0435\\u0433\\u043e \\u0432\\u0438\\u0434\\u0430 \\u0432\\u043e\\u0434\\u0438\\u0442\\u0435\\u043b\\u044f \\u0438 \\u0430\\u0432\\u0442\\u043e\\u043c\\u043e\\u0431\\u0438\\u043b\\u044f, \\u0445\\u0438\\u043c\\u0447\\u0438\\u0441\\u0442\\u043a\\u0438 \\u0441\\u0430\\u043b\\u043e\\u043d\\u0430 \\u0438 \\u043f\\u0440.\\r\\n\\u003C\\/p\\u003E\\r\\n\\u003Cp\\u003E\\u0420\\u0435\\u0439\\u0442\\u0438\\u043d\\u0433 \\u0430\\u0432\\u0442\\u043e\\u043c\\u043e\\u0431\\u0438\\u043b\\u0435\\u0439 \\u0438 \\u0440\\u0435\\u0430\\u043b\\u044c\\u043d\\u044b\\u0435 \\u043e\\u0442\\u0437\\u044b\\u0432\\u044b \\u043f\\u043e\\u0441\\u0435\\u0442\\u0438\\u0442\\u0435\\u043b\\u0435\\u0439 \\u043d\\u0430 \\u0441\\u0430\\u0439\\u0442\\u0435 \\u043f\\u043e\\u043c\\u043e\\u0433\\u0443\\u0442 \\u0432\\u0430\\u043c \\u0441\\u0434\\u0435\\u043b\\u0430\\u0442\\u044c \\u0434\\u0435\\u0439\\u0441\\u0442\\u0432\\u0438\\u0442\\u0435\\u043b\\u044c\\u043d\\u043e \\u043b\\u0443\\u0447\\u0448\\u0438\\u0439 \\u0432\\u044b\\u0431\\u043e\\u0440 \\u0434\\u043b\\u044f \\u0432\\u0430\\u0448\\u0435\\u0433\\u043e \\u043d\\u0435\\u0437\\u0430\\u0431\\u044b\\u0432\\u0430\\u0435\\u043c\\u043e\\u0433\\u043e \\u043f\\u0440\\u0430\\u0437\\u0434\\u043d\\u0438\\u043a\\u0430. \\u041f\\u043e\\u044d\\u0442\\u043e\\u043c\\u0443, \\u0435\\u0441\\u043b\\u0438 \\u0432\\u044b \\u0440\\u0435\\u0448\\u0438\\u043b\\u0438 \\u0441\\u0434\\u0435\\u043b\\u0430\\u0442\\u044c \\u0412\\u0430\\u0448\\u0443 \\u0441\\u0432\\u0430\\u0434\\u044c\\u0431\\u0443 \\u0434\\u0435\\u0439\\u0441\\u0442\\u0432\\u0438\\u0442\\u0435\\u043b\\u044c\\u043d\\u043e \\u044f\\u0440\\u043a\\u043e\\u0439 \\u0438 \\u043d\\u0435\\u0437\\u0430\\u0431\\u044b\\u0432\\u0430\\u0435\\u043c\\u043e\\u0439 \\u0438 \\u043f\\u043e\\u043b\\u0443\\u0447\\u0438\\u0442\\u044c \\u0438\\u0441\\u043a\\u043b\\u044e\\u0447\\u0438\\u0442\\u0435\\u043b\\u044c\\u043d\\u043e \\u043f\\u043e\\u043b\\u043e\\u0436\\u0438\\u0442\\u0435\\u043b\\u044c\\u043d\\u044b\\u0435 \\u0432\\u043f\\u0435\\u0447\\u0430\\u0442\\u043b\\u0435\\u043d\\u0438\\u044f, \\u0432\\u043e\\u0441\\u043f\\u043e\\u043b\\u044c\\u0437\\u0443\\u0439\\u0442\\u0435\\u0441\\u044c \\u0443\\u0441\\u043b\\u0443\\u0433\\u0430\\u043c\\u0438 \\u0441\\u0435\\u0440\\u0432\\u0438\\u0441\\u0430 Weddingcars!\\r\\n\\u003C\\/p\\u003E","active":1}', 'app\\models\\Pages', 1473687326),
(14, 'update', 1, 12, '[{"title":"\\u041a\\u0430\\u043a \\u0437\\u0430\\u043a\\u0430\\u0437\\u0430\\u0442\\u044c"},{"text":"\\u003Cp\\u003E\\u0417\\u0430\\u043a\\u0430\\u0437\\u0430\\u0442\\u044c \\u0443 \\u043d\\u0430\\u0441 \\u0430\\u0432\\u0442\\u043e \\u043d\\u0435\\u0432\\u0435\\u0440\\u043e\\u044f\\u0442\\u043d\\u043e \\u043f\\u0440\\u043e\\u0441\\u0442\\u043e. \\u041f\\u0440\\u0435\\u0436\\u0434\\u0435 \\u0432\\u0441\\u0435\\u0433\\u043e, \\u043f\\u0440\\u043e\\u0441\\u043c\\u043e\\u0442\\u0440\\u0438\\u0442\\u0435 \\u0441 \\u0412\\u0430\\u0448\\u0435\\u0439 \\u201c\\u0432\\u0442\\u043e\\u0440\\u043e\\u0439 \\u043f\\u043e\\u043b\\u043e\\u0432\\u0438\\u043d\\u043a\\u043e\\u0439\\u201d \\u043d\\u0430\\u0448 \\u043e\\u0431\\u0448\\u0438\\u0440\\u043d\\u044b\\u0439 \\u043a\\u0430\\u0442\\u0430\\u043b\\u043e\\u0433 \\u0441\\u0432\\u0430\\u0434\\u0435\\u0431\\u043d\\u044b\\u0445 \\u0430\\u0432\\u0442\\u043e\\u043c\\u043e\\u0431\\u0438\\u043b\\u0435\\u0439 \\u0438 \\u0432\\u044b\\u0431\\u0435\\u0440\\u0438\\u0442\\u0435 \\u0438\\u043d\\u0442\\u0435\\u0440\\u0435\\u0441\\u0443\\u044e\\u0449\\u0438\\u0439 \\u0432\\u0430\\u0441 \\u0432\\u0430\\u0440\\u0438\\u0430\\u043d\\u0442.\\r\\n\\u003C\\/p\\u003E\\r\\n\\u003Cp\\u003E\\u0417\\u0430\\u0442\\u0435\\u043c \\u043e\\u0444\\u043e\\u0440\\u043c\\u0438\\u0442\\u0435 \\u043e\\u043d\\u043b\\u0430\\u0439\\u043d-\\u0437\\u0430\\u044f\\u0432\\u043a\\u0443, \\u0437\\u0430\\u043f\\u043e\\u043b\\u043d\\u0438\\u0432 \\u0432\\u0441\\u0435 \\u043d\\u0435\\u043e\\u0431\\u0445\\u043e\\u0434\\u0438\\u043c\\u044b\\u0435 \\u043f\\u043e\\u043b\\u044f. \\u003Cbr\\u003E\\u041f\\u043e\\u043b\\u0443\\u0447\\u0438\\u0432 \\u0437\\u0430\\u044f\\u0432\\u043a\\u0443, \\u0432\\u043e\\u0434\\u0438\\u0442\\u0435\\u043b\\u044c \\u043e\\u0442\\u043f\\u0440\\u0430\\u0432\\u0438\\u0442 \\u0432\\u0430\\u043c \\u043f\\u043e\\u0434\\u0442\\u0432\\u0435\\u0440\\u0436\\u0434\\u0435\\u043d\\u0438\\u0435 \\u0431\\u0440\\u043e\\u043d\\u0438 \\u043d\\u0430 \\u0432\\u0430\\u0448\\u0443 \\u0434\\u0430\\u0442\\u0443. \\u0421\\u043b\\u0435\\u0434\\u0443\\u044e\\u0449\\u0438\\u0439 \\u0448\\u0430\\u0433 \\u2013 \\u0432\\u043d\\u0435\\u0441\\u0435\\u043d\\u0438\\u0435 \\u043d\\u0435\\u043e\\u0431\\u0445\\u043e\\u0434\\u0438\\u043c\\u043e\\u0439 \\u0441\\u0443\\u043c\\u043c\\u044b \\u043f\\u0440\\u0435\\u0434\\u043e\\u043f\\u043b\\u0430\\u0442\\u044b.\\r\\n\\u003C\\/p\\u003E\\r\\n\\u003Cp\\u003E\\u0418, \\u043d\\u0430\\u043a\\u043e\\u043d\\u0435\\u0446, \\u0432 \\u0434\\u0435\\u043d\\u044c \\u0441\\u0432\\u0430\\u0434\\u044c\\u0431\\u044b \\u0432\\u044b \\u043f\\u043e\\u043b\\u0443\\u0447\\u0430\\u0435\\u0442\\u0435 \\u0438\\u043c\\u0435\\u043d\\u043d\\u043e \\u0442\\u043e\\u0442 \\u0430\\u0432\\u0442\\u043e\\u043c\\u043e\\u0431\\u0438\\u043b\\u044c, \\u0432 \\u043a\\u043e\\u0442\\u043e\\u0440\\u043e\\u043c \\u0432\\u044b \\u043c\\u0435\\u0447\\u0442\\u0430\\u043b\\u0438 \\u043f\\u0440\\u0438\\u0435\\u0445\\u0430\\u0442\\u044c \\u043d\\u0430 \\u0441\\u0430\\u043c\\u044b\\u0439 \\u044f\\u0440\\u043a\\u0438\\u0439 \\u043f\\u0440\\u0430\\u0437\\u0434\\u043d\\u0438\\u043a \\u0412\\u0430\\u0448\\u0435\\u0439 \\u0436\\u0438\\u0437\\u043d\\u0438.\\u003C\\/p\\u003E\\r\\n\\u003Cp\\u003E\\u0421 \\u043f\\u043e\\u043c\\u043e\\u0449\\u044c\\u044e \\u0441\\u0435\\u0440\\u0432\\u0438\\u0441\\u0430 Weddingcars \\u0432\\u044b \\u043c\\u043e\\u0436\\u0435\\u0442\\u0435 \\u0441\\u043e\\u0441\\u0442\\u0430\\u0432\\u0438\\u0442\\u044c \\u0446\\u0435\\u043b\\u044b\\u0439 \\u0441\\u0432\\u0430\\u0434\\u0435\\u0431\\u043d\\u044b\\u0439 \\u043a\\u043e\\u0440\\u0442\\u0435\\u0436. \\u0410 \\u0442\\u0430\\u043a\\u0436\\u0435 \\u043f\\u0440\\u043e\\u0441\\u043b\\u0435\\u0434\\u0438\\u0442\\u044c \\u0437\\u0430 \\u0442\\u0435\\u043c, \\u0447\\u0442\\u043e\\u0431\\u044b \\u043e\\u043d \\u0431\\u044b\\u043b \\u0432\\u044b\\u0434\\u0435\\u0440\\u0436\\u0430\\u043d \\u0432 \\u0435\\u0434\\u0438\\u043d\\u043e\\u043c \\u0441\\u0442\\u0438\\u043b\\u0435, \\u0438\\u0437 \\u0430\\u0432\\u0442\\u043e\\u043c\\u043e\\u0431\\u0438\\u043b\\u0435\\u0439 \\u043e\\u0434\\u043d\\u043e\\u0439 \\u043c\\u0430\\u0440\\u043a\\u0438 \\u0438 \\u0446\\u0432\\u0435\\u0442\\u0430.\\r\\n\\u003C\\/p\\u003E"}]', '[{"title":"\\u041a\\u043b\\u0438\\u0435\\u043d\\u0442\\u0430\\u043c"},{"text":"\\u003Cp\\u003E\\u0417\\u0430\\u043a\\u0430\\u0437\\u0430\\u0442\\u044c \\u0443 \\u043d\\u0430\\u0441 \\u0430\\u0432\\u0442\\u043e \\u043d\\u0435\\u0432\\u0435\\u0440\\u043e\\u044f\\u0442\\u043d\\u043e \\u043f\\u0440\\u043e\\u0441\\u0442\\u043e. \\u041f\\u0440\\u0435\\u0436\\u0434\\u0435 \\u0432\\u0441\\u0435\\u0433\\u043e, \\u043f\\u0440\\u043e\\u0441\\u043c\\u043e\\u0442\\u0440\\u0438\\u0442\\u0435 \\u0441 \\u0412\\u0430\\u0448\\u0435\\u0439 \\u201c\\u0432\\u0442\\u043e\\u0440\\u043e\\u0439 \\u043f\\u043e\\u043b\\u043e\\u0432\\u0438\\u043d\\u043a\\u043e\\u0439\\u201d \\u043d\\u0430\\u0448 \\u043e\\u0431\\u0448\\u0438\\u0440\\u043d\\u044b\\u0439 \\u043a\\u0430\\u0442\\u0430\\u043b\\u043e\\u0433 \\u0441\\u0432\\u0430\\u0434\\u0435\\u0431\\u043d\\u044b\\u0445 \\u0430\\u0432\\u0442\\u043e\\u043c\\u043e\\u0431\\u0438\\u043b\\u0435\\u0439 \\u0438 \\u0432\\u044b\\u0431\\u0435\\u0440\\u0438\\u0442\\u0435 \\u0438\\u043d\\u0442\\u0435\\u0440\\u0435\\u0441\\u0443\\u044e\\u0449\\u0438\\u0439 \\u0432\\u0430\\u0441 \\u0432\\u0430\\u0440\\u0438\\u0430\\u043d\\u0442.\\r\\n\\u003C\\/p\\u003E\\u003Cp\\u003E\\u0417\\u0430\\u0442\\u0435\\u043c \\u043e\\u0444\\u043e\\u0440\\u043c\\u0438\\u0442\\u0435 \\u043e\\u043d\\u043b\\u0430\\u0439\\u043d-\\u0437\\u0430\\u044f\\u0432\\u043a\\u0443, \\u0437\\u0430\\u043f\\u043e\\u043b\\u043d\\u0438\\u0432 \\u0432\\u0441\\u0435 \\u043d\\u0435\\u043e\\u0431\\u0445\\u043e\\u0434\\u0438\\u043c\\u044b\\u0435 \\u043f\\u043e\\u043b\\u044f. \\u003Cbr\\u003E\\u041f\\u043e\\u043b\\u0443\\u0447\\u0438\\u0432 \\u0437\\u0430\\u044f\\u0432\\u043a\\u0443, \\u0432\\u043e\\u0434\\u0438\\u0442\\u0435\\u043b\\u044c \\u043e\\u0442\\u043f\\u0440\\u0430\\u0432\\u0438\\u0442 \\u0432\\u0430\\u043c \\u043f\\u043e\\u0434\\u0442\\u0432\\u0435\\u0440\\u0436\\u0434\\u0435\\u043d\\u0438\\u0435 \\u0431\\u0440\\u043e\\u043d\\u0438 \\u043d\\u0430 \\u0432\\u0430\\u0448\\u0443 \\u0434\\u0430\\u0442\\u0443. \\u0421\\u043b\\u0435\\u0434\\u0443\\u044e\\u0449\\u0438\\u0439 \\u0448\\u0430\\u0433 \\u2013 \\u0432\\u043d\\u0435\\u0441\\u0435\\u043d\\u0438\\u0435 \\u043d\\u0435\\u043e\\u0431\\u0445\\u043e\\u0434\\u0438\\u043c\\u043e\\u0439 \\u0441\\u0443\\u043c\\u043c\\u044b \\u043f\\u0440\\u0435\\u0434\\u043e\\u043f\\u043b\\u0430\\u0442\\u044b.\\r\\n\\u003C\\/p\\u003E\\u003Cp\\u003E\\u0418, \\u043d\\u0430\\u043a\\u043e\\u043d\\u0435\\u0446, \\u0432 \\u0434\\u0435\\u043d\\u044c \\u0441\\u0432\\u0430\\u0434\\u044c\\u0431\\u044b \\u0432\\u044b \\u043f\\u043e\\u043b\\u0443\\u0447\\u0430\\u0435\\u0442\\u0435 \\u0438\\u043c\\u0435\\u043d\\u043d\\u043e \\u0442\\u043e\\u0442 \\u0430\\u0432\\u0442\\u043e\\u043c\\u043e\\u0431\\u0438\\u043b\\u044c, \\u0432 \\u043a\\u043e\\u0442\\u043e\\u0440\\u043e\\u043c \\u0432\\u044b \\u043c\\u0435\\u0447\\u0442\\u0430\\u043b\\u0438 \\u043f\\u0440\\u0438\\u0435\\u0445\\u0430\\u0442\\u044c \\u043d\\u0430 \\u0441\\u0430\\u043c\\u044b\\u0439 \\u044f\\u0440\\u043a\\u0438\\u0439 \\u043f\\u0440\\u0430\\u0437\\u0434\\u043d\\u0438\\u043a \\u0412\\u0430\\u0448\\u0435\\u0439 \\u0436\\u0438\\u0437\\u043d\\u0438.\\u003C\\/p\\u003E\\u003Cp\\u003E\\u0421 \\u043f\\u043e\\u043c\\u043e\\u0449\\u044c\\u044e \\u0441\\u0435\\u0440\\u0432\\u0438\\u0441\\u0430 Weddingcars \\u0432\\u044b \\u043c\\u043e\\u0436\\u0435\\u0442\\u0435 \\u0441\\u043e\\u0441\\u0442\\u0430\\u0432\\u0438\\u0442\\u044c \\u0446\\u0435\\u043b\\u044b\\u0439 \\u0441\\u0432\\u0430\\u0434\\u0435\\u0431\\u043d\\u044b\\u0439 \\u043a\\u043e\\u0440\\u0442\\u0435\\u0436. \\u0410 \\u0442\\u0430\\u043a\\u0436\\u0435 \\u043f\\u0440\\u043e\\u0441\\u043b\\u0435\\u0434\\u0438\\u0442\\u044c \\u0437\\u0430 \\u0442\\u0435\\u043c, \\u0447\\u0442\\u043e\\u0431\\u044b \\u043e\\u043d \\u0431\\u044b\\u043b \\u0432\\u044b\\u0434\\u0435\\u0440\\u0436\\u0430\\u043d \\u0432 \\u0435\\u0434\\u0438\\u043d\\u043e\\u043c \\u0441\\u0442\\u0438\\u043b\\u0435, \\u0438\\u0437 \\u0430\\u0432\\u0442\\u043e\\u043c\\u043e\\u0431\\u0438\\u043b\\u0435\\u0439 \\u043e\\u0434\\u043d\\u043e\\u0439 \\u043c\\u0430\\u0440\\u043a\\u0438 \\u0438 \\u0446\\u0432\\u0435\\u0442\\u0430.\\r\\n\\u003C\\/p\\u003E"}]', 'app\\models\\Pages', 1473749198),
(15, 'update', 1, 12, '[{"active":1}]', '[{"active":"0"}]', 'app\\models\\Pages', 1473753746),
(16, 'create', 11, 19, NULL, NULL, 'app\\models\\Auto', 1473754759),
(17, 'update', 1, 19, '[{"checked":0}]', '[{"checked":1}]', 'app\\models\\Auto', 1473754825),
(18, 'update', 1, 19, '[{"checked":1}]', '[{"checked":0}]', 'app\\models\\Auto', 1473754825),
(19, 'update', 1, 19, '[{"user_id":11}]', '[{"user_id":"12"}]', 'app\\models\\Auto', 1473754832),
(20, 'update', 1, 19, '[{"user_id":12}]', '[{"user_id":"11"}]', 'app\\models\\Auto', 1473754835),
(21, 'delete', 1, 19, NULL, '{"id":19,"user_id":11,"name":"","car_number":"AX7373BI","type":null,"category_id":39,"brand":"3","model":"47","year":"2009","color":"\\u0411\\u0435\\u043b\\u044b\\u0439","body":null,"retro":1,"bus_type":null,"decor":1,"client_decor":1,"pass_count":5,"description":"","hour_cost":"250.00","few_hours_cost":"1000.00","outside_cost":"300.00","checked":0,"popularity":0}', 'app\\models\\Auto', 1473765271),
(22, 'create', 1, 52, NULL, NULL, 'app\\models\\user\\User', 1473765530),
(23, 'create', 52, 53, NULL, NULL, 'app\\models\\user\\User', 1473765847),
(24, 'create', 1, 20, NULL, NULL, 'app\\models\\Auto', 1473767747),
(25, 'delete', 1, 20, NULL, '{"id":20,"user_id":11,"name":"","car_number":"000000","type":null,"category_id":40,"brand":"11","model":"184","year":"2008","color":"\\u0421\\u0435\\u0440\\u044b\\u0439","body":null,"retro":1,"bus_type":null,"decor":0,"client_decor":0,"pass_count":4,"description":"fewvf","hour_cost":"140.00","few_hours_cost":null,"outside_cost":null,"checked":0,"popularity":0}', 'app\\models\\Auto', 1473767754),
(26, 'create', 52, 21, NULL, NULL, 'app\\models\\Auto', 1473767793),
(27, 'update', 52, 21, '[{"checked":0}]', '[{"checked":1}]', 'app\\models\\Auto', 1473767974),
(28, 'update', 52, 21, '[{"checked":1}]', '[{"checked":0}]', 'app\\models\\Auto', 1473767976),
(29, 'update', 52, 21, '[{"checked":0}]', '[{"checked":1}]', 'app\\models\\Auto', 1473767978),
(30, 'create', 11, 25, NULL, NULL, 'app\\models\\Orders', 1473768346),
(31, 'update', 1, 53, '[{"password_hash":"$2y$10$jRQnm8n2\\/8qpz382oXwAeeAhylFvvKhLYBJRomoa3kGABiCMi4jdS"}]', '[{"password_hash":"$2y$10$NtuAeyrylNHI99stpYjBBOSoXaOLY0royUHb2mRCG92VqcXWWbvU2"}]', 'app\\models\\user\\User', 1473768471),
(32, 'update', 1, 53, '[{"password_hash":"$2y$10$NtuAeyrylNHI99stpYjBBOSoXaOLY0royUHb2mRCG92VqcXWWbvU2"}]', '[{"password_hash":"$2y$10$v82Y9F6RYM6JZ.ghbcL6yOha.rArb\\/SHVVTbI8aQ.vUvuNTpVyXFO"}]', 'app\\models\\user\\User', 1473768511),
(33, 'update', 1, 53, '[{"password_hash":"$2y$10$v82Y9F6RYM6JZ.ghbcL6yOha.rArb\\/SHVVTbI8aQ.vUvuNTpVyXFO"}]', '[{"password_hash":"$2y$10$5OKKgbrvKTI5MFk.a82DAu5ZIAxWqrmhXVFRATb7C56XAu89YAfZy"}]', 'app\\models\\user\\User', 1473768534),
(34, 'update', 1, 53, '[{"password_hash":"$2y$10$5OKKgbrvKTI5MFk.a82DAu5ZIAxWqrmhXVFRATb7C56XAu89YAfZy"}]', '[{"password_hash":"$2y$10$g8P.S2x.rFzg05jPpGyJ2uCogB.G\\/YRtSi2gLuHjgmc09C05m0Ilq"}]', 'app\\models\\user\\User', 1473768581),
(35, 'update', 1, 53, '[{"password_hash":"$2y$10$g8P.S2x.rFzg05jPpGyJ2uCogB.G\\/YRtSi2gLuHjgmc09C05m0Ilq"}]', '[{"password_hash":"$2y$10$t64mfQGhnDzOq4Mx\\/\\/96YO9ffpjfQjpWb\\/5.K09oUlW4JdJLjq64q"}]', 'app\\models\\user\\User', 1473769187),
(36, 'create', 52, 22, NULL, NULL, 'app\\models\\Auto', 1473769399),
(37, 'update', 1, 22, '[{"checked":0}]', '[{"checked":1}]', 'app\\models\\Auto', 1473769497),
(38, 'create', 52, 54, NULL, NULL, 'app\\models\\user\\User', 1473770462),
(39, 'create', 52, 23, NULL, NULL, 'app\\models\\Auto', 1473771085),
(40, 'create', 52, 55, NULL, NULL, 'app\\models\\user\\User', 1473771647);
INSERT INTO `access_log` (`id`, `action`, `user_id`, `item_id`, `changed`, `attributes`, `model_class`, `created_at`) VALUES
(41, 'update', 52, 55, '[{"password_hash":"$2y$10$8BjxuBbLMgdypt7apraGyu4gWgUe8qEdH265I3g6g0kwf1Jo3VZwa"}]', '[{"password_hash":"$2y$10$bE9eIcr9QbilgZgEZihWOuKRETVyNXsnvFfIq9ecFodt6WO90qz5q"}]', 'app\\models\\user\\User', 1473771698),
(42, 'create', 52, 24, NULL, NULL, 'app\\models\\Auto', 1473772223),
(43, 'update', 52, 24, '[{"client_decor":0}]', '[{"client_decor":"1"}]', 'app\\models\\Auto', 1473772246),
(44, 'update', 52, 24, '[{"color":""}]', '[{"color":"\\u0421\\u0435\\u0440\\u0435\\u0431\\u0440\\u0438\\u0441\\u0442\\u044b\\u0439"}]', 'app\\models\\Auto', 1473772268),
(45, 'create', 52, 56, NULL, NULL, 'app\\models\\user\\User', 1473772920),
(46, 'create', 52, 25, NULL, NULL, 'app\\models\\Auto', 1473773418),
(47, 'update', 52, 25, '[{"client_decor":0}]', '[{"client_decor":"1"}]', 'app\\models\\Auto', 1473773464),
(48, 'update', 52, 25, '[{"description":""}]', '[{"description":"\\u041c\\u0438\\u043d\\u0438\\u043c\\u0430\\u043b\\u044c\\u043d\\u044b\\u0439 \\u0437\\u0430\\u043a\\u0430\\u0437 3 \\u0447\\u0430\\u0441\\u0430\\r\\n"}]', 'app\\models\\Auto', 1473773512),
(49, 'create', 52, 57, NULL, NULL, 'app\\models\\user\\User', 1473844718),
(50, 'create', 52, 26, NULL, NULL, 'app\\models\\Auto', 1473845192),
(51, 'create', 52, 58, NULL, NULL, 'app\\models\\user\\User', 1473845308),
(52, 'create', 52, 27, NULL, NULL, 'app\\models\\Auto', 1473845556),
(53, 'create', 52, 59, NULL, NULL, 'app\\models\\user\\User', 1473846673),
(54, 'create', 52, 28, NULL, NULL, 'app\\models\\Auto', 1473847620),
(55, 'create', 1, 26, NULL, NULL, 'app\\models\\Orders', 1473847650),
(56, 'delete', 1, 26, NULL, '{"id":26,"cost":"200.00","partner_percent":null,"user_id":1,"car_id":23,"city":8,"datetime":"2016-09-14 13:30","hours":26,"city_out":1,"km":6,"route":"\\u0425\\u043e\\u0440\\u043e\\u043b","description":"","paid":"not","confirmed":0,"created_at":1473847650,"order_id":"HDsjhO7wYCFzJbDVMQgIWtV0ITBDQb9uP-KjsQ0F3hsacBYzdvfrOJr-BeVjEhrKwAZtEvOEjqbyep9Gr8Tu7wWEKMUmcC27VWJV","archive":0}', 'app\\models\\Orders', 1473847714),
(57, 'create', 52, 60, NULL, NULL, 'app\\models\\user\\User', 1473847812),
(58, 'create', 52, 29, NULL, NULL, 'app\\models\\Auto', 1473848428),
(59, 'create', 52, 30, NULL, NULL, 'app\\models\\Auto', 1473848614),
(60, 'create', 0, 61, NULL, NULL, 'app\\models\\user\\User', 1473848720),
(61, 'create', 61, 27, NULL, NULL, 'app\\models\\Orders', 1473848722),
(62, 'update', 1, 53, '[{"password_hash":"$2y$10$t64mfQGhnDzOq4Mx\\/\\/96YO9ffpjfQjpWb\\/5.K09oUlW4JdJLjq64q"}]', '[{"password_hash":"$2y$10$fqWhJ2OsklCpxXIvRrTUNOt7KzXmpMLeGpRvCHuwOesWNoFItWcPu"}]', 'app\\models\\user\\User', 1473848903),
(63, 'update', 1, 60, '[{"password_hash":"$2y$10$GY5HCjmb9IdSEeiTnn.R2.QLMqV719AxGtv1Pe0Uqcsu3HBG9yv9m"}]', '[{"password_hash":"$2y$10$A30sNH45pRCv8cz5XHYssOFrnRhDLqZita9qsnu0hJQJXRCdsXD6W"}]', 'app\\models\\user\\User', 1473848944),
(64, 'create', 52, 62, NULL, NULL, 'app\\models\\user\\User', 1473849063),
(65, 'update', 52, 30, '[{"car_number":"BI9483BI"}]', '[{"car_number":"BI9483AX"}]', 'app\\models\\Auto', 1473849423),
(66, 'update', 52, 21, '[{"outside_cost":"305.00"}]', '[{"outside_cost":""}]', 'app\\models\\Auto', 1473849620),
(67, 'create', 52, 487, NULL, NULL, 'app\\models\\Models', 1473849824),
(68, 'update', 52, 29, '[{"model":"183"}]', '[{"model":"487"}]', 'app\\models\\Auto', 1473849952),
(69, 'update', 52, 28, '[{"checked":1}]', '[{"checked":0}]', 'app\\models\\Auto', 1473850073),
(70, 'update', 52, 28, '[{"checked":0}]', '[{"checked":1}]', 'app\\models\\Auto', 1473850074),
(71, 'update', 52, 62, '[{"password_hash":"$2y$10$EyS7S\\/9bcm2geJWIBtgS.e4CwrIJsZqMCsoIW2\\/3oVuLQzyEIRiDm"}]', '[{"password_hash":"$2y$10$d41pLaW8I42Zi0VQiQlYweM9SKv6B.3D6uPTssR8CBboWbq1gcc9e"}]', 'app\\models\\user\\User', 1473850551),
(72, 'update', 52, 62, '[{"password_hash":"$2y$10$d41pLaW8I42Zi0VQiQlYweM9SKv6B.3D6uPTssR8CBboWbq1gcc9e"}]', '[{"password_hash":"$2y$10$0vWyx4wN8y8eeL3q.XYBE.Vdvv1Snz58XlwNxDsLWlakk9.tMPpEW"}]', 'app\\models\\user\\User', 1473850560),
(73, 'delete', 52, 62, NULL, '{"id":62,"username":"0662745807","fio":"\\u0410\\u043b\\u0435\\u043a\\u0441\\u0430\\u043d\\u0434\\u0440 ","phone":"+380662745807","type":"driver","partner":0,"score":"0.00","email":"user9@mail.ru","password_hash":"$2y$10$0vWyx4wN8y8eeL3q.XYBE.Vdvv1Snz58XlwNxDsLWlakk9.tMPpEW","auth_key":"3F3QH51dKBAiRhLCNAUIkqf5xUau6r0q","confirmed_at":1473849063,"unconfirmed_email":null,"blocked_at":null,"registration_ip":"93.78.238.18","created_at":0,"updated_at":0,"flags":0}', 'app\\models\\user\\User', 1473850564),
(74, 'create', 52, 63, NULL, NULL, 'app\\models\\user\\User', 1473850628),
(75, 'update', 1, 22, '[{"minimum_hours":3}]', '[{"minimum_hours":""}]', 'app\\models\\Auto', 1473850919),
(76, 'update', 52, 63, '[{"password_hash":"$2y$10$gDqpc2oG8B7uREYmMlQ1F.zk4L7Z0\\/I52CNbTNup2mYy9pzU5.rLi"}]', '[{"password_hash":"$2y$10$vqeKnWqG9AcfFQl2RqEMweLvJK.NQE15xQeeTmZgaz8IEu3Am4Hoy"}]', 'app\\models\\user\\User', 1473851061),
(77, 'create', 52, 31, NULL, NULL, 'app\\models\\Auto', 1473852359),
(78, 'create', 52, 32, NULL, NULL, 'app\\models\\Auto', 1473852489),
(79, 'update', 52, 31, '[{"pass_count":1}]', '[{"pass_count":"4"}]', 'app\\models\\Auto', 1473852541),
(80, 'create', 52, 64, NULL, NULL, 'app\\models\\user\\User', 1473852791),
(81, 'create', 52, 488, NULL, NULL, 'app\\models\\Models', 1473852911),
(82, 'create', 52, 33, NULL, NULL, 'app\\models\\Auto', 1473854201),
(83, 'create', 52, 65, NULL, NULL, 'app\\models\\user\\User', 1473854413),
(84, 'create', 52, 34, NULL, NULL, 'app\\models\\Auto', 1473854557),
(85, 'update', 52, 21, '[{"description":"\\u0417\\u0430\\u043a\\u0430\\u0437 \\u043c\\u0430\\u0448\\u0438\\u043d\\u044b \\u043e\\u0442 3 \\u0447\\u0430\\u0441\\u043e\\u0432."}]', '[{"description":""}]', 'app\\models\\Auto', 1473854675),
(86, 'update', 52, 29, '[{"description":"\\u041c\\u0438\\u043d\\u0438\\u043c\\u0430\\u043b\\u044c\\u043d\\u044b\\u0439 \\u0437\\u0430\\u043a\\u0430\\u0437 \\u043e\\u0442 3 \\u0447\\u0430\\u0441\\u043e\\u0432. "}]', '[{"description":""}]', 'app\\models\\Auto', 1473854700),
(87, 'update', 52, 27, '[{"description":"\\u041c\\u0438\\u043d\\u0438\\u043c\\u0430\\u043b\\u044c\\u043d\\u044b\\u0439 \\u0437\\u0430\\u043a\\u0430\\u0437 \\u043d\\u0430 \\u0441\\u0432\\u0430\\u0434\\u044c\\u0431\\u0443 \\u043e\\u0442 3 \\u0447\\u0430\\u0441\\u043e\\u0432\\r\\n\\u0412\\u043e\\u0437\\u043c\\u043e\\u0436\\u043d\\u0430 \\u043f\\u043e\\u0447\\u0430\\u0441\\u043e\\u0432\\u0430\\u044f \\u0430\\u0440\\u0435\\u043d\\u0434\\u0430 \\u0430\\u0432\\u0442\\u043e\\u043c\\u043e\\u0431\\u0438\\u043b\\u044f \\u043f\\u043e \\u0433\\u043e\\u0440\\u043e\\u0434\\u0443."}]', '[{"description":"\\r\\n\\u0412\\u043e\\u0437\\u043c\\u043e\\u0436\\u043d\\u0430 \\u043f\\u043e\\u0447\\u0430\\u0441\\u043e\\u0432\\u0430\\u044f \\u0430\\u0440\\u0435\\u043d\\u0434\\u0430 \\u0430\\u0432\\u0442\\u043e\\u043c\\u043e\\u0431\\u0438\\u043b\\u044f \\u043f\\u043e \\u0433\\u043e\\u0440\\u043e\\u0434\\u0443."}]', 'app\\models\\Auto', 1473854772),
(88, 'create', 52, 489, NULL, NULL, 'app\\models\\Models', 1473856020),
(89, 'update', 52, 26, '[{"model":"132"},{"description":"Mercedes benz w202 c220 "}]', '[{"model":"489"},{"description":""}]', 'app\\models\\Auto', 1473856037),
(90, 'create', 52, 66, NULL, NULL, 'app\\models\\user\\User', 1473856123),
(91, 'create', 52, 35, NULL, NULL, 'app\\models\\Auto', 1473856383),
(92, 'create', 52, 67, NULL, NULL, 'app\\models\\user\\User', 1473856553),
(93, 'create', 52, 36, NULL, NULL, 'app\\models\\Auto', 1473856719),
(94, 'create', 52, 68, NULL, NULL, 'app\\models\\user\\User', 1473856788),
(95, 'create', 52, 37, NULL, NULL, 'app\\models\\Auto', 1473856882),
(96, 'create', 52, 69, NULL, NULL, 'app\\models\\user\\User', 1473856982),
(97, 'create', 52, 490, NULL, NULL, 'app\\models\\Models', 1473858693),
(98, 'update', 52, 7, '[{"name":"Kia"}]', '[{"name":"KIA"}]', 'app\\models\\Brands', 1473859015),
(99, 'create', 52, 70, NULL, NULL, 'app\\models\\user\\User', 1473859560),
(100, 'create', 52, 491, NULL, NULL, 'app\\models\\Models', 1473859638),
(101, 'create', 52, 71, NULL, NULL, 'app\\models\\user\\User', 1473859964),
(102, 'update', 1, 1, '[{"fio":"\\u041a\\u0438\\u0441\\u043b\\u044b\\u0439 \\u041e\\u043b\\u0435\\u0433 \\u0411\\u0430\\u0442\\u044c\\u043a\\u043e\\u0432\\u0438\\u0447"}]', '[{"fio":"\\u0410\\u0434\\u043c\\u0438\\u043d \\u0410\\u0434\\u043c\\u0438\\u043d \\u0410\\u0434\\u043c\\u0438\\u043d"}]', 'app\\models\\user\\User', 1473860000),
(103, 'create', 52, 492, NULL, NULL, 'app\\models\\Models', 1473860184),
(104, 'create', 52, 72, NULL, NULL, 'app\\models\\user\\User', 1473860744),
(105, 'create', 52, 73, NULL, NULL, 'app\\models\\user\\User', 1473861434),
(106, 'create', 52, 74, NULL, NULL, 'app\\models\\user\\User', 1473862404),
(107, 'create', 52, 75, NULL, NULL, 'app\\models\\user\\User', 1473863158),
(108, 'create', 52, 493, NULL, NULL, 'app\\models\\Models', 1473863229),
(109, 'create', 52, 76, NULL, NULL, 'app\\models\\user\\User', 1473863858),
(110, 'create', 52, 494, NULL, NULL, 'app\\models\\Models', 1473863974),
(111, 'create', 52, 77, NULL, NULL, 'app\\models\\user\\User', 1473864337),
(112, 'create', 52, 61, NULL, NULL, 'app\\models\\Brands', 1473864451),
(113, 'create', 52, 495, NULL, NULL, 'app\\models\\Models', 1473864485),
(114, 'create', 52, 78, NULL, NULL, 'app\\models\\user\\User', 1473864869),
(115, 'create', 52, 496, NULL, NULL, 'app\\models\\Models', 1473865321),
(116, 'create', 1, 13, NULL, NULL, 'app\\models\\Pages', 1473921019),
(117, 'update', 1, 13, '[{"text":"\\u003Cp\\u003E\\u0417\\u0434\\u0435\\u0441\\u044c \\u0431\\u0443\\u0434\\u0443\\u0442 \\u0434\\u043e\\u043f\\u043e\\u043b\\u043d\\u0438\\u0442\\u0435\\u043b\\u044c\\u043d\\u044b\\u0435 \\u0443\\u0441\\u043b\\u0443\\u0433\\u0438\\u003C\\/p\\u003E"}]', '[{"text":"\\u003Ch2\\u003E\\u0417\\u0434\\u0435\\u0441\\u044c \\u0431\\u0443\\u0434\\u0443\\u0442 \\u0434\\u043e\\u043f\\u043e\\u043b\\u043d\\u0438\\u0442\\u0435\\u043b\\u044c\\u043d\\u044b\\u0435 \\u0443\\u0441\\u043b\\u0443\\u0433\\u0438\\u003C\\/h2\\u003E"}]', 'app\\models\\Pages', 1473921272),
(118, 'update', 1, 13, '[{"text":"\\u003Ch2\\u003E\\u0417\\u0434\\u0435\\u0441\\u044c \\u0431\\u0443\\u0434\\u0443\\u0442 \\u0434\\u043e\\u043f\\u043e\\u043b\\u043d\\u0438\\u0442\\u0435\\u043b\\u044c\\u043d\\u044b\\u0435 \\u0443\\u0441\\u043b\\u0443\\u0433\\u0438\\u003C\\/h2\\u003E"}]', '[{"text":"\\u003Ch2 style=\\"text-align: center;\\"\\u003E\\u0417\\u0434\\u0435\\u0441\\u044c \\u0431\\u0443\\u0434\\u0443\\u0442 \\u0434\\u043e\\u043f\\u043e\\u043b\\u043d\\u0438\\u0442\\u0435\\u043b\\u044c\\u043d\\u044b\\u0435 \\u0443\\u0441\\u043b\\u0443\\u0433\\u0438\\u003C\\/h2\\u003E"}]', 'app\\models\\Pages', 1473921282),
(119, 'delete', 1, 13, NULL, '{"id":13,"title":"\\u0414\\u043e\\u043f. \\u0443\\u0441\\u043b\\u0443\\u0433\\u0438","text":"\\u003Ch2 style=\\"text-align: center;\\"\\u003E\\u0417\\u0434\\u0435\\u0441\\u044c \\u0431\\u0443\\u0434\\u0443\\u0442 \\u0434\\u043e\\u043f\\u043e\\u043b\\u043d\\u0438\\u0442\\u0435\\u043b\\u044c\\u043d\\u044b\\u0435 \\u0443\\u0441\\u043b\\u0443\\u0433\\u0438\\u003C\\/h2\\u003E","active":1}', 'app\\models\\Pages', 1473924268),
(120, 'create', 52, 79, NULL, NULL, 'app\\models\\user\\User', 1473930106),
(121, 'create', 52, 497, NULL, NULL, 'app\\models\\Models', 1473930444),
(122, 'create', 52, 80, NULL, NULL, 'app\\models\\user\\User', 1473930902),
(123, 'create', 52, 81, NULL, NULL, 'app\\models\\user\\User', 1473931826),
(124, 'create', 52, 82, NULL, NULL, 'app\\models\\user\\User', 1473932744),
(125, 'create', 52, 498, NULL, NULL, 'app\\models\\Models', 1473932882),
(126, 'create', 52, 83, NULL, NULL, 'app\\models\\user\\User', 1473933414),
(127, 'create', 52, 499, NULL, NULL, 'app\\models\\Models', 1473933936),
(128, 'create', 52, 84, NULL, NULL, 'app\\models\\user\\User', 1473934429),
(129, 'create', 52, 85, NULL, NULL, 'app\\models\\user\\User', 1473934820),
(130, 'create', 52, 500, NULL, NULL, 'app\\models\\Models', 1473935037),
(131, 'create', 0, 86, NULL, NULL, 'app\\models\\user\\User', 1473939118),
(132, 'create', 0, 87, NULL, NULL, 'app\\models\\user\\User', 1473939151),
(133, 'update', 87, 87, '[{"password_hash":"$2y$10$71UJapVB4QMUIBbU4fpgWO9F9fAUIHM68s43.pH0bFTgnY2D1hixS"}]', '[{"password_hash":"$2y$10$1OADsVIB6Ho1PlBAwggoDOvn27Ca36pv\\/5xw\\/95VHBVvocuJSWZ62"}]', 'app\\models\\user\\User', 1473939213),
(134, 'update', 87, 87, '[{"password_hash":"$2y$10$1OADsVIB6Ho1PlBAwggoDOvn27Ca36pv\\/5xw\\/95VHBVvocuJSWZ62"}]', '[{"password_hash":"$2y$10$1CVXRLX0SJMOyjad9PGfluJQBT4p1Rpj.bjMhlFn1vrNVCElfAu0K"}]', 'app\\models\\user\\User', 1473939282),
(135, 'delete', 1, 87, NULL, '{"id":87,"username":"mxuser","fio":"\\u0412\\u0438\\u0442\\u0440\\u0435\\u043d\\u043a\\u043e \\u0412\\u044f\\u0447\\u0435\\u0441\\u043b\\u0430\\u0432 \\u0414\\u043c\\u0438\\u0442\\u0440\\u0438\\u0435\\u0432\\u0438\\u0447","phone":"+380663564463","type":"client","partner":0,"score":"0.00","email":"mxuser@ya.ru","password_hash":"$2y$10$1CVXRLX0SJMOyjad9PGfluJQBT4p1Rpj.bjMhlFn1vrNVCElfAu0K","auth_key":"dMrJRj2a42qsYUVaVaGyS8bHcFT_LNJ0","confirmed_at":1473939151,"unconfirmed_email":null,"blocked_at":null,"registration_ip":"93.78.238.18","created_at":0,"updated_at":0,"flags":0}', 'app\\models\\user\\User', 1473939746),
(136, 'create', 0, 88, NULL, NULL, 'app\\models\\user\\User', 1473939790),
(137, 'update', 88, 88, '[{"password_hash":"$2y$10$bBhOquqYFy\\/zyfHp1D0GtOBXkRe\\/wpq5wiJ.x\\/77esmJkegYNQfmO"}]', '[{"password_hash":"$2y$10$pXZ4wqzLHqs3Gc8olvsBw.1uoIuemkAt4QpWfNVr8eMxnpWjxwebC"}]', 'app\\models\\user\\User', 1473939817),
(138, 'update', 88, 88, '[{"password_hash":"$2y$10$pXZ4wqzLHqs3Gc8olvsBw.1uoIuemkAt4QpWfNVr8eMxnpWjxwebC"}]', '[{"password_hash":"$2y$10$Mq3QBXrixySjbDxhzfkjZeDLzTVU1n2A35kxXvOXJMIq\\/PiQrLjAK"}]', 'app\\models\\user\\User', 1473940229),
(139, 'create', 52, 89, NULL, NULL, 'app\\models\\user\\User', 1473950037),
(140, 'delete', 52, 89, NULL, '{"id":89,"username":"0665607810","fio":"\\u0412\\u0430\\u0441\\u0438\\u043b\\u0438\\u0439","phone":"+380665607810","type":"driver","partner":0,"score":"0.00","email":"l_yanna@ukr.net","password_hash":"$2y$10$e.V1yoym6AUtyGSeZZZD..nTEj7vwds1JaNSQg7Jlz3Yxfim0vNHS","auth_key":"54HGc-vbmAmuGUO9vJQFFYZ_Tqh-eEk5","confirmed_at":1473950036,"unconfirmed_email":null,"blocked_at":null,"registration_ip":"93.78.238.18","created_at":0,"updated_at":0,"flags":0}', 'app\\models\\user\\User', 1473950119),
(141, 'create', 52, 90, NULL, NULL, 'app\\models\\user\\User', 1473950142),
(142, 'create', 52, 91, NULL, NULL, 'app\\models\\user\\User', 1473950736),
(143, 'delete', 1, 61, NULL, '{"id":61,"username":"admin0","fio":"\\u0421\\u043b\\u0435\\u0441\\u0430\\u0440\\u0435\\u0432 \\u0421\\u0421","phone":"+380663205444","type":"client","partner":0,"score":"0.00","email":"admin0@gmail.com","password_hash":"$2y$10$w0l\\/B75.cz7n866ji\\/WHwuNPKZYibD5tI5MJ\\/52VQn0zWQ\\/FFR7nm","auth_key":"pxlMc4Y1eW9IR2pEpb2oPbSjuAiVz6tw","confirmed_at":1473848720,"unconfirmed_email":null,"blocked_at":null,"registration_ip":"93.78.238.18","created_at":0,"updated_at":0,"flags":0}', 'app\\models\\user\\User', 1474025009),
(144, 'update', 88, 11, '[{"phone":"+380000000000"}]', '[{"phone":"+380663564463"}]', 'app\\models\\user\\User', 1474027315),
(145, 'create', 0, 92, NULL, NULL, 'app\\models\\user\\User', 1474027462),
(146, 'create', 92, 28, NULL, NULL, 'app\\models\\Orders', 1474027463),
(147, 'create', 92, 29, NULL, NULL, 'app\\models\\Orders', 1474027524),
(148, 'create', 92, 30, NULL, NULL, 'app\\models\\Orders', 1474027620),
(149, 'create', 88, 31, NULL, NULL, 'app\\models\\Orders', 1474028080),
(150, 'create', 52, 93, NULL, NULL, 'app\\models\\user\\User', 1474028124),
(151, 'delete', 88, 31, NULL, '{"id":31,"cost":"0.01","partner_percent":null,"user_id":88,"car_id":58,"city":4,"datetime":"2016-11-04 07:35","hours":45,"city_out":1,"km":56,"route":"\\u041f\\u043e \\u0441\\u0435\\u043b\\u0443 \\u043f\\u043e\\u043a\\u0430\\u0442\\u0430\\u0442\\u044c\\u0441\\u044f","description":"","paid":"not","confirmed":0,"created_at":1474028080,"order_id":"2ZB96ZP6szrSw5vYQOPA2WMs4BhRvVOFBo7BiAYrhfDd1TTyffa_8pGUTsmxT5B4A9Y4OdI2hCMuXMP3kaBzsjhMIGwnZxcXyks9","archive":0}', 'app\\models\\Orders', 1474028155),
(152, 'delete', 88, 30, NULL, '{"id":30,"cost":"180.00","partner_percent":null,"user_id":92,"car_id":48,"city":13,"datetime":"2016-12-16 15:55","hours":45,"city_out":1,"km":67,"route":"5ry75","description":"","paid":"not","confirmed":0,"created_at":1474027620,"order_id":"-bkk4Pkr-x7MUa2gV0RprDYKW95loBY9Sd-fJCg0FrH04KuuGziW5y9I7K4pV0_wUNB4PUUrHHvK6PMXB3lhwRTnBQc0enFJJ6Ss","archive":0}', 'app\\models\\Orders', 1474028160),
(153, 'create', 88, 32, NULL, NULL, 'app\\models\\Orders', 1474028210),
(154, 'create', 88, 33, NULL, NULL, 'app\\models\\Orders', 1474028224),
(155, 'create', 88, 34, NULL, NULL, 'app\\models\\Orders', 1474028236),
(156, 'delete', 88, 32, NULL, '{"id":32,"cost":"0.01","partner_percent":null,"user_id":88,"car_id":58,"city":20,"datetime":"2016-09-23 15:20","hours":45,"city_out":1,"km":67,"route":"\\u041f\\u043e \\u0441\\u0435\\u043b\\u0443 \\u043f\\u043e\\u043a\\u0430\\u0442\\u0430\\u0442\\u044c\\u0441\\u044f","description":"","paid":"not","confirmed":0,"created_at":1474028210,"order_id":"793ijd-xPkstP8Ivxr77uzPbwDUm8n4Rtb-laTIyyTmxsh5QJpOjtUhKPBUwBadm7W0ITHdtAESOlcTJM_H3hNT1A_kVr5UAMJQb","archive":0}', 'app\\models\\Orders', 1474028272),
(157, 'delete', 88, 33, NULL, '{"id":33,"cost":"0.01","partner_percent":null,"user_id":88,"car_id":58,"city":20,"datetime":"2016-09-23 15:20","hours":45,"city_out":1,"km":67,"route":"\\u041f\\u043e \\u0441\\u0435\\u043b\\u0443 \\u043f\\u043e\\u043a\\u0430\\u0442\\u0430\\u0442\\u044c\\u0441\\u044f","description":"","paid":"not","confirmed":0,"created_at":1474028224,"order_id":"kHvqreslQyat1tVM-Qtt5crw9M1r33lP3sKYe7sGuFGQQ6g1_LgG6sbkB2VssLu0-fkoppaWgdLNravXzSSRjuTui-BJh-4hUPjL","archive":0}', 'app\\models\\Orders', 1474028273),
(158, 'delete', 88, 34, NULL, '{"id":34,"cost":"0.01","partner_percent":null,"user_id":88,"car_id":58,"city":20,"datetime":"2016-09-23 15:20","hours":45,"city_out":1,"km":67,"route":"\\u041f\\u043e \\u0441\\u0435\\u043b\\u0443 \\u043f\\u043e\\u043a\\u0430\\u0442\\u0430\\u0442\\u044c\\u0441\\u044f","description":"","paid":"not","confirmed":0,"created_at":1474028236,"order_id":"2Hal7mxK2eth8amQrdZ9SAfWohCl9PSAYzpRGK3eDcgcQNfBkPeURf9XixdMmuLY1ZCp3aEGKZE26FT8EZBTEUpUxJ--G1V0uZ6W","archive":0}', 'app\\models\\Orders', 1474028274),
(159, 'create', 88, 35, NULL, NULL, 'app\\models\\Orders', 1474028292),
(160, 'create', 52, 94, NULL, NULL, 'app\\models\\user\\User', 1474029283),
(161, 'create', 52, 95, NULL, NULL, 'app\\models\\user\\User', 1474029943),
(162, 'create', 0, 96, NULL, NULL, 'app\\models\\user\\User', 1474097810),
(163, 'create', 0, 97, NULL, NULL, 'app\\models\\user\\User', 1474097942),
(164, 'create', 0, 98, NULL, NULL, 'app\\models\\user\\User', 1474098841),
(165, 'update', 71, 71, '[{"username":"0957829812"},{"fio":"\\u0421\\u0435\\u0440\\u0433\\u0435\\u0439"},{"password_hash":"$2y$10$jcFDGYiXj8kH9R.6kOXnUeBjmCSmo2Y7hfcWExHH3h4D28oPdeA5G"}]', '[{"username":"Tharsv"},{"fio":"\\u0412\\u0430\\u0441\\u0438\\u043b\\u044c\\u0435\\u0432 \\u0421\\u0435\\u0440\\u0433\\u0435\\u0439 \\u0412\\u0430\\u043b\\u0435\\u043d\\u0442\\u0438\\u043d\\u043e\\u0432\\u0438\\u0447"},{"password_hash":"$2y$10$aRlW.Z6RcfN7FjYB\\/e8kIOtV4muc.dgmpVouwelSV9VBjPG5KUIu6"}]', 'app\\models\\user\\User', 1474099585),
(166, 'update', 1, 1, '[{"password_hash":"$2y$10$3Oh6CrNhV3FkZE42UzCl4.M5KrylvpXgF13YE.PvC\\/7XxAoVtzFzG"}]', '[{"password_hash":"$2y$10$CM83.2Z\\/w2TPEewrCcZaJehbNprPxV64pBwrq5zPTVPNcfYgtV4XO"}]', 'app\\models\\user\\User', 1474101651),
(167, 'create', 88, 99, NULL, NULL, 'app\\models\\user\\User', 1474103503),
(168, 'delete', 88, 99, NULL, '{"id":99,"username":"test","fio":"\\u0422\\u0435\\u0441\\u0442","phone":"+380000000000","type":"client","partner":0,"score":"0.00","email":"test@test.ru","password_hash":"$2y$10$Q5S8r6VP04WEnfQYKaH3Zu.VZ4SHtyGtzKAUTrWHYz.pfnqSVd8lG","auth_key":"xhLEuTM5BDmezCSHy9wkgYmKL0dpYZx8","confirmed_at":1474103503,"unconfirmed_email":null,"blocked_at":null,"registration_ip":"93.78.238.18","created_at":1474103503,"updated_at":0,"flags":0}', 'app\\models\\user\\User', 1474103585),
(169, 'delete', 1, 35, NULL, '{"id":35,"cost":"0.01","partner_percent":null,"user_id":88,"car_id":58,"city":20,"datetime":"2016-09-16 19:00","hours":45,"city_out":0,"km":56,"route":"\\u041f\\u043e \\u0441\\u0435\\u043b\\u0443 \\u043f\\u043e\\u043a\\u0430\\u0442\\u0430\\u0442\\u044c\\u0441\\u044f","description":"","paid":"not","confirmed":0,"created_at":1474028292,"order_id":"QCoQylFsJoDZONjuLdehHJQ7bDD2baunVdoUpxR-oqEG2RUiTLS6PuoYyCUErHqpCkSpbWlfsLO8fG8tfuotY6gj7L4Kwd9PQV5C","archive":0}', 'app\\models\\Orders', 1474104202),
(170, 'create', 1, 100, NULL, NULL, 'app\\models\\user\\User', 1474108011),
(171, 'update', 1, 90, '[{"fio":"\\u0415\\u0432\\u0433\\u0435\\u043d\\u0438\\u0439 "}]', '[{"fio":"\\u0415\\u0432\\u0433\\u0435\\u043d\\u0438\\u0439 \\u041b\\u0435\\u0449\\u0435\\u043d\\u043a\\u043e"}]', 'app\\models\\user\\User', 1474118195),
(172, 'create', 88, 36, NULL, NULL, 'app\\models\\Orders', 1474119379),
(173, 'create', 88, 38, NULL, NULL, 'app\\models\\Orders', 1474120487),
(174, 'create', 52, 101, NULL, NULL, 'app\\models\\user\\User', 1474287444),
(175, 'create', 52, 501, NULL, NULL, 'app\\models\\Models', 1474287716),
(176, 'create', 52, 102, NULL, NULL, 'app\\models\\user\\User', 1474293401),
(177, 'create', 52, 103, NULL, NULL, 'app\\models\\user\\User', 1474293903),
(178, 'create', 52, 104, NULL, NULL, 'app\\models\\user\\User', 1474296460),
(179, 'create', 0, 105, NULL, NULL, 'app\\models\\user\\User', 1474365901),
(180, 'create', 52, 106, NULL, NULL, 'app\\models\\user\\User', 1474380048),
(181, 'create', 52, 502, NULL, NULL, 'app\\models\\Models', 1474382341),
(182, 'create', 52, 62, NULL, NULL, 'app\\models\\Brands', 1474382549),
(183, 'create', 52, 503, NULL, NULL, 'app\\models\\Models', 1474382601),
(184, 'create', 52, 107, NULL, NULL, 'app\\models\\user\\User', 1474463671),
(185, 'create', 52, 63, NULL, NULL, 'app\\models\\Brands', 1474464098),
(186, 'create', 52, 504, NULL, NULL, 'app\\models\\Models', 1474464457),
(187, 'delete', 88, 13, NULL, '{"id":13,"name":"\\u0410\\u0420 \\u041a\\u0440\\u044b\\u043c"}', 'app\\models\\Regions', 1474532228),
(188, 'delete', 88, 20, NULL, '{"id":20,"name":"\\u0412\\u0438\\u043d\\u043d\\u0438\\u0446\\u043a\\u0430\\u044f \\u043e\\u0431\\u043b\\u0430\\u0441\\u0442\\u044c"}', 'app\\models\\Regions', 1474532229),
(189, 'delete', 88, 18, NULL, '{"id":18,"name":"\\u0412\\u043e\\u043b\\u044b\\u043d\\u0441\\u043a\\u0430\\u044f \\u043e\\u0431\\u043b\\u0430\\u0441\\u0442\\u044c"}', 'app\\models\\Regions', 1474532230),
(190, 'delete', 88, 4, NULL, '{"id":4,"name":"\\u0433.\\u041a\\u0438\\u0435\\u0432"}', 'app\\models\\Regions', 1474532230),
(191, 'delete', 88, 27, NULL, '{"id":27,"name":"\\u0433.\\u0421\\u0435\\u0432\\u0430\\u0441\\u0442\\u043e\\u043f\\u043e\\u043b\\u044c"}', 'app\\models\\Regions', 1474532231),
(192, 'delete', 88, 5, NULL, '{"id":5,"name":"\\u0414\\u043d\\u0435\\u043f\\u0440\\u043e\\u0432\\u0441\\u043a\\u0430\\u044f \\u043e\\u0431\\u043b\\u0430\\u0441\\u0442\\u044c"}', 'app\\models\\Regions', 1474532231),
(193, 'delete', 88, 6, NULL, '{"id":6,"name":"\\u0414\\u043e\\u043d\\u0435\\u0446\\u043a\\u0430\\u044f \\u043e\\u0431\\u043b\\u0430\\u0441\\u0442\\u044c"}', 'app\\models\\Regions', 1474532231),
(194, 'delete', 88, 23, NULL, '{"id":23,"name":"\\u0416\\u0438\\u0442\\u043e\\u043c\\u0438\\u0440\\u0441\\u043a\\u0430\\u044f \\u043e\\u0431\\u043b\\u0430\\u0441\\u0442\\u044c"}', 'app\\models\\Regions', 1474532233),
(195, 'delete', 88, 24, NULL, '{"id":24,"name":"\\u0417\\u0430\\u043a\\u0430\\u0440\\u043f\\u0430\\u0442\\u0441\\u043a\\u0430\\u044f \\u043e\\u0431\\u043b\\u0430\\u0441\\u0442\\u044c"}', 'app\\models\\Regions', 1474532235),
(196, 'delete', 88, 7, NULL, '{"id":7,"name":"\\u0417\\u0430\\u043f\\u043e\\u0440\\u043e\\u0436\\u0441\\u043a\\u0430\\u044f \\u043e\\u0431\\u043b\\u0430\\u0441\\u0442\\u044c"}', 'app\\models\\Regions', 1474532236),
(197, 'delete', 88, 17, NULL, '{"id":17,"name":"\\u0418\\u0432\\u0430\\u043d\\u043e-\\u0424\\u0440\\u0430\\u043d\\u043a\\u043e\\u0432\\u0441\\u043a\\u0430\\u044f \\u043e\\u0431\\u043b\\u0430\\u0441\\u0442\\u044c"}', 'app\\models\\Regions', 1474532237),
(198, 'delete', 88, 10, NULL, '{"id":10,"name":"\\u041a\\u0438\\u0435\\u0432\\u0441\\u043a\\u0430\\u044f \\u043e\\u0431\\u043b\\u0430\\u0441\\u0442\\u044c"}', 'app\\models\\Regions', 1474532238),
(199, 'delete', 88, 15, NULL, '{"id":15,"name":"\\u041a\\u0438\\u0440\\u043e\\u0432\\u043e\\u0433\\u0440\\u0430\\u0434\\u0441\\u043a\\u0430\\u044f \\u043e\\u0431\\u043b\\u0430\\u0441\\u0442\\u044c"}', 'app\\models\\Regions', 1474532239),
(200, 'delete', 88, 12, NULL, '{"id":12,"name":"\\u041b\\u0443\\u0433\\u0430\\u043d\\u0441\\u043a\\u0430\\u044f \\u043e\\u0431\\u043b\\u0430\\u0441\\u0442\\u044c"}', 'app\\models\\Regions', 1474532239),
(201, 'delete', 88, 30, NULL, '{"id":30,"name":"\\u041b\\u044c\\u0432\\u043e\\u0432\\u0441\\u043a\\u0430\\u044f \\u043e\\u0431\\u043b\\u0430\\u0441\\u0442\\u044c"}', 'app\\models\\Regions', 1474532239),
(202, 'delete', 88, 28, NULL, '{"id":28,"name":"\\u041d\\u0438\\u043a\\u043e\\u043b\\u0430\\u0435\\u0432\\u0441\\u043a\\u0430\\u044f \\u043e\\u0431\\u043b\\u0430\\u0441\\u0442\\u044c"}', 'app\\models\\Regions', 1474532240),
(203, 'delete', 88, 11, NULL, '{"id":11,"name":"\\u041e\\u0434\\u0435\\u0441\\u0441\\u043a\\u0430\\u044f \\u043e\\u0431\\u043b\\u0430\\u0441\\u0442\\u044c"}', 'app\\models\\Regions', 1474532240),
(204, 'delete', 88, 19, NULL, '{"id":19,"name":"\\u0420\\u043e\\u0432\\u043d\\u0435\\u043d\\u0441\\u043a\\u0430\\u044f \\u043e\\u0431\\u043b\\u0430\\u0441\\u0442\\u044c"}', 'app\\models\\Regions', 1474532242),
(205, 'delete', 88, 14, NULL, '{"id":14,"name":"\\u0421\\u0443\\u043c\\u0441\\u043a\\u0430\\u044f \\u043e\\u0431\\u043b\\u0430\\u0441\\u0442\\u044c"}', 'app\\models\\Regions', 1474532242),
(206, 'delete', 88, 26, NULL, '{"id":26,"name":"\\u0422\\u0435\\u0440\\u043d\\u043e\\u043f\\u043e\\u043b\\u044c\\u0441\\u043a\\u0430\\u044f \\u043e\\u0431\\u043b\\u0430\\u0441\\u0442\\u044c"}', 'app\\models\\Regions', 1474532243),
(207, 'delete', 88, 9, NULL, '{"id":9,"name":"\\u0425\\u0430\\u0440\\u044c\\u043a\\u043e\\u0432\\u0441\\u043a\\u0430\\u044f \\u043e\\u0431\\u043b\\u0430\\u0441\\u0442\\u044c"}', 'app\\models\\Regions', 1474532243),
(208, 'delete', 88, 21, NULL, '{"id":21,"name":"\\u0425\\u0435\\u0440\\u0441\\u043e\\u043d\\u0441\\u043a\\u0430\\u044f \\u043e\\u0431\\u043b\\u0430\\u0441\\u0442\\u044c"}', 'app\\models\\Regions', 1474532244),
(209, 'delete', 88, 22, NULL, '{"id":22,"name":"\\u0425\\u043c\\u0435\\u043b\\u044c\\u043d\\u0438\\u0446\\u043a\\u0430\\u044f \\u043e\\u0431\\u043b\\u0430\\u0441\\u0442\\u044c"}', 'app\\models\\Regions', 1474532244),
(210, 'delete', 88, 29, NULL, '{"id":29,"name":"\\u0427\\u0435\\u0440\\u043a\\u0430\\u0441\\u0441\\u043a\\u0430\\u044f \\u043e\\u0431\\u043b\\u0430\\u0441\\u0442\\u044c"}', 'app\\models\\Regions', 1474532244),
(211, 'delete', 88, 16, NULL, '{"id":16,"name":"\\u0427\\u0435\\u0440\\u043d\\u0438\\u0433\\u043e\\u0432\\u0441\\u043a\\u0430\\u044f \\u043e\\u0431\\u043b\\u0430\\u0441\\u0442\\u044c"}', 'app\\models\\Regions', 1474532245),
(212, 'delete', 88, 25, NULL, '{"id":25,"name":"\\u0427\\u0435\\u0440\\u043d\\u043e\\u0432\\u0438\\u0446\\u043a\\u0430\\u044f \\u043e\\u0431\\u043b\\u0430\\u0441\\u0442\\u044c"}', 'app\\models\\Regions', 1474532245),
(213, 'create', 0, 108, NULL, NULL, 'app\\models\\user\\User', 1474669681),
(214, 'create', 0, 109, NULL, NULL, 'app\\models\\user\\User', 1475043461),
(215, 'create', 52, 110, NULL, NULL, 'app\\models\\user\\User', 1475844235),
(216, 'create', 0, 111, NULL, NULL, 'app\\models\\user\\User', 1476137991),
(217, 'create', 0, 112, NULL, NULL, 'app\\models\\user\\User', 1476167124),
(218, 'create', 0, 113, NULL, NULL, 'app\\models\\user\\User', 1476533430),
(219, 'create', 0, 114, NULL, NULL, 'app\\models\\user\\User', 1476712902),
(220, 'create', 114, 39, NULL, NULL, 'app\\models\\Orders', 1476712904),
(221, 'create', 0, 115, NULL, NULL, 'app\\models\\user\\User', 1476810313),
(222, 'create', 0, 116, NULL, NULL, 'app\\models\\user\\User', 1477658098),
(223, 'create', 0, 117, NULL, NULL, 'app\\models\\user\\User', 1478003964),
(224, 'create', 0, 118, NULL, NULL, 'app\\models\\user\\User', 1478111659),
(225, 'create', 0, 119, NULL, NULL, 'app\\models\\user\\User', 1478321431),
(226, 'create', 0, 120, NULL, NULL, 'app\\models\\user\\User', 1478338546),
(227, 'create', 120, 40, NULL, NULL, 'app\\models\\Orders', 1478338548),
(228, 'create', 0, 121, NULL, NULL, 'app\\models\\user\\User', 1478953429),
(229, 'create', 0, 122, NULL, NULL, 'app\\models\\user\\User', 1479241484),
(230, 'create', 0, 123, NULL, NULL, 'app\\models\\user\\User', 1479398577),
(231, 'create', 52, 64, NULL, NULL, 'app\\models\\Brands', 1479401805),
(232, 'create', 52, 505, NULL, NULL, 'app\\models\\Models', 1479452267),
(233, 'create', 0, 124, NULL, NULL, 'app\\models\\user\\User', 1479496338),
(234, 'delete', 1, 39, NULL, '{"id":39,"cost":"1.00","partner_percent":null,"user_id":114,"car_id":67,"city":8,"datetime":"2016-10-18 17:10","hours":5,"city_out":1,"km":50,"route":"gdfg","description":"dgdvbnvbnbvnvbn","paid":"not","confirmed":0,"created_at":1476712902,"order_id":"ON3uUQYrxE1Dz4qYUVy1zWWrn4IGU_7Quznlo_zH40uR-58jPfQeOt5XQZMRCiSTqi57yRdo_fTLzbIOsDYJxIAYqxnSG3VSgZfJ","archive":0}', 'app\\models\\Orders', 1479903266),
(235, 'create', 0, 125, NULL, NULL, 'app\\models\\user\\User', 1480257734),
(236, 'create', 0, 126, NULL, NULL, 'app\\models\\user\\User', 1480345007),
(237, 'create', 0, 127, NULL, NULL, 'app\\models\\user\\User', 1481096620),
(238, 'create', 0, 128, NULL, NULL, 'app\\models\\user\\User', 1481376239),
(239, 'create', 0, 129, NULL, NULL, 'app\\models\\user\\User', 1481525117),
(240, 'delete', 52, 40, NULL, '{"id":40,"cost":"350.00","partner_percent":null,"user_id":120,"car_id":82,"city":8,"datetime":"2016-11-26 06:00","hours":18,"city_out":1,"km":750,"route":"\\u041f\\u043e\\u043b\\u0442\\u0430\\u0432\\u0430-\\u0412\\u0430\\u0441\\u0438\\u043b\\u044c\\u043a\\u043e\\u0432(\\u041a\\u0438\\u0435\\u0432\\u0441\\u043a\\u043e\\u0439 \\u043e\\u0431\\u043b)-\\u041f\\u043e\\u043b\\u0442\\u0430\\u0432\\u0430","description":"A\\u0432\\u0442\\u043e\\u0431\\u0443\\u0441 MAN \\u043d\\u0430 50 \\u043c\\u0435\\u0441\\u0442","paid":"not","confirmed":0,"created_at":1478338546,"order_id":"xsw6FoOzsSXbyqUs0rr4p_tokoNUbbpX2TI5bpf6cMEB7Bkg9Y03ietntZPyqqCYhEIgiFoLmcBVND-GHICHydfBq1CFJgbg1eB6","archive":0}', 'app\\models\\Orders', 1481575337);

-- --------------------------------------------------------

--
-- Структура таблицы `auth_assignment`
--

CREATE TABLE IF NOT EXISTS `auth_assignment` (
  `item_name` varchar(64) COLLATE utf8_unicode_ci NOT NULL,
  `user_id` int(15) NOT NULL,
  `created_at` int(11) DEFAULT NULL
) ENGINE=InnoDB DEFAULT CHARSET=utf8 COLLATE=utf8_unicode_ci;

--
-- Дамп данных таблицы `auth_assignment`
--

INSERT INTO `auth_assignment` (`item_name`, `user_id`, `created_at`) VALUES
('admin', 1, 2147483647),
('admin', 88, 2147483647),
('admin', 100, 2147483647),
('client', 7, 2147483647),
('client', 8, 2147483647),
('client', 13, 2147483647),
('client', 19, 2147483647),
('client', 92, 2147483647),
('client', 105, 2147483647),
('client', 114, 2147483647),
('client', 120, 2147483647),
('client', 122, 2147483647),
('driver', 11, 2147483647),
('driver', 12, 2147483647),
('driver', 53, 2147483647),
('driver', 54, 2147483647),
('driver', 55, 2147483647),
('driver', 56, 2147483647),
('driver', 57, 2147483647),
('driver', 58, 2147483647),
('driver', 59, 2147483647),
('driver', 60, 2147483647),
('driver', 63, 2147483647),
('driver', 64, 2147483647),
('driver', 65, 2147483647),
('driver', 66, 2147483647),
('driver', 67, 2147483647),
('driver', 68, 2147483647),
('driver', 69, 2147483647),
('driver', 70, 2147483647),
('driver', 71, 2147483647),
('driver', 72, 2147483647),
('driver', 73, 2147483647),
('driver', 74, 2147483647),
('driver', 75, 2147483647),
('driver', 76, 2147483647),
('driver', 77, 2147483647),
('driver', 78, 2147483647),
('driver', 79, 2147483647),
('driver', 80, 2147483647),
('driver', 81, 2147483647),
('driver', 82, 2147483647),
('driver', 83, 2147483647),
('driver', 84, 2147483647),
('driver', 85, 2147483647),
('driver', 86, 2147483647),
('driver', 90, 2147483647),
('driver', 91, 2147483647),
('driver', 93, 2147483647),
('driver', 94, 2147483647),
('driver', 95, 2147483647),
('driver', 96, 2147483647),
('driver', 97, 2147483647),
('driver', 98, 2147483647),
('driver', 101, 2147483647),
('driver', 102, 2147483647),
('driver', 103, 2147483647),
('driver', 104, 2147483647),
('driver', 106, 2147483647),
('driver', 107, 2147483647),
('driver', 108, 2147483647),
('driver', 109, 2147483647),
('driver', 110, 2147483647),
('driver', 111, 2147483647),
('driver', 112, 2147483647),
('driver', 113, 2147483647),
('driver', 115, 2147483647),
('driver', 116, 2147483647),
('driver', 117, 2147483647),
('driver', 118, 2147483647),
('driver', 119, 2147483647),
('driver', 121, 2147483647),
('driver', 123, 2147483647),
('driver', 124, 2147483647),
('driver', 125, 2147483647),
('driver', 126, 2147483647),
('driver', 127, 2147483647),
('driver', 128, 2147483647),
('driver', 129, 2147483647),
('manager', 52, 2147483647);

-- --------------------------------------------------------

--
-- Структура таблицы `auth_item`
--

CREATE TABLE IF NOT EXISTS `auth_item` (
  `name` varchar(64) COLLATE utf8_unicode_ci NOT NULL,
  `type` int(11) NOT NULL,
  `description` text COLLATE utf8_unicode_ci,
  `rule_name` varchar(64) COLLATE utf8_unicode_ci DEFAULT NULL,
  `data` text COLLATE utf8_unicode_ci,
  `created_at` int(11) DEFAULT NULL,
  `updated_at` int(11) DEFAULT NULL
) ENGINE=InnoDB DEFAULT CHARSET=utf8 COLLATE=utf8_unicode_ci;

--
-- Дамп данных таблицы `auth_item`
--

INSERT INTO `auth_item` (`name`, `type`, `description`, `rule_name`, `data`, `created_at`, `updated_at`) VALUES
('admin', 2, 'Администратор', NULL, NULL, 1465284342, 1465292059),
('driver', 2, 'Водитель', NULL, NULL, 1465286768, 1465292071),
('manager', 2, 'Менеджер', NULL, NULL, 1465286804, 1465292078);

-- --------------------------------------------------------

--
-- Структура таблицы `auth_item_child`
--

CREATE TABLE IF NOT EXISTS `auth_item_child` (
  `parent` varchar(64) COLLATE utf8_unicode_ci NOT NULL,
  `child` varchar(64) COLLATE utf8_unicode_ci NOT NULL
) ENGINE=InnoDB DEFAULT CHARSET=utf8 COLLATE=utf8_unicode_ci;

--
-- Дамп данных таблицы `auth_item_child`
--

INSERT INTO `auth_item_child` (`parent`, `child`) VALUES
('admin', 'client'),
('admin', 'driver'),
('admin', 'manager');

-- --------------------------------------------------------

--
-- Структура таблицы `auth_rule`
--

CREATE TABLE IF NOT EXISTS `auth_rule` (
  `name` varchar(64) COLLATE utf8_unicode_ci NOT NULL,
  `data` text COLLATE utf8_unicode_ci,
  `created_at` int(11) DEFAULT NULL,
  `updated_at` int(11) DEFAULT NULL
) ENGINE=InnoDB DEFAULT CHARSET=utf8 COLLATE=utf8_unicode_ci;

-- --------------------------------------------------------

--
-- Структура таблицы `auto`
--

CREATE TABLE IF NOT EXISTS `auto` (
  `id` int(11) NOT NULL,
  `user_id` int(11) NOT NULL,
  `name` varchar(255) NOT NULL,
  `car_number` varchar(10) CHARACTER SET utf8 DEFAULT NULL,
  `type` varchar(255) DEFAULT NULL,
  `category_id` int(11) NOT NULL DEFAULT '0',
  `brand` varchar(255) DEFAULT NULL,
  `model` varchar(255) DEFAULT NULL,
  `year` year(4) NOT NULL,
  `color` varchar(255) DEFAULT NULL,
  `body` varchar(255) DEFAULT NULL,
  `retro` int(1) DEFAULT NULL,
  `bus_type` varchar(255) DEFAULT NULL,
  `decor` int(1) NOT NULL,
  `client_decor` int(1) NOT NULL,
  `pass_count` int(11) NOT NULL,
  `description` text,
  `hour_cost` decimal(7,2) NOT NULL,
  `few_hours_cost` decimal(7,2) DEFAULT NULL,
  `outside_cost` decimal(7,2) DEFAULT NULL,
  `minimum_hours` int(11) DEFAULT NULL,
  `checked` int(1) NOT NULL,
  `popularity` int(255) NOT NULL DEFAULT '0',
  `created_at` int(13) DEFAULT NULL
) ENGINE=InnoDB AUTO_INCREMENT=100 DEFAULT CHARSET=utf8mb4;

--
-- Дамп данных таблицы `auto`
--

INSERT INTO `auto` (`id`, `user_id`, `name`, `car_number`, `type`, `category_id`, `brand`, `model`, `year`, `color`, `body`, `retro`, `bus_type`, `decor`, `client_decor`, `pass_count`, `description`, `hour_cost`, `few_hours_cost`, `outside_cost`, `minimum_hours`, `checked`, `popularity`, `created_at`) VALUES
(21, 53, '', '00000', NULL, 40, '11', '184', 2009, 'Серый', NULL, 0, NULL, 1, 1, 4, '', 140.00, NULL, NULL, 3, 1, 0, NULL),
(22, 53, '', '000000', NULL, 40, '31', '319', 2011, 'Белая', NULL, 0, NULL, 1, 1, 4, '', 140.00, NULL, NULL, 3, 1, 0, NULL),
(23, 54, '', '00002', NULL, 39, '15', '222', 2009, 'Черный', NULL, 0, NULL, 0, 1, 4, '', 200.00, NULL, NULL, NULL, 1, 0, NULL),
(24, 55, '', '00003', NULL, 39, '6', '84', 2008, 'Серебристый', NULL, 0, NULL, 0, 1, 4, '', 140.00, NULL, NULL, 3, 1, 0, NULL),
(25, 56, '', '00004', NULL, 39, '15', '222', 2013, 'Белый', NULL, 0, NULL, 1, 1, 4, 'Минимальный заказ 3 часа\r\n', 160.00, NULL, NULL, NULL, 1, 0, NULL),
(26, 57, '', '00005', NULL, 39, '10', '489', 1995, 'Темно-синий', NULL, 0, NULL, 0, 1, 4, '', 180.00, NULL, NULL, NULL, 1, 0, NULL),
(27, 58, '', '00006', NULL, 39, '2', '5', 2006, 'Зеленый', NULL, 0, NULL, 1, 1, 4, '\r\nВозможна почасовая аренда автомобиля по городу.', 150.00, NULL, NULL, 3, 1, 0, NULL),
(28, 59, '', 'ВI0816BT', NULL, 40, '4', '77', 2012, 'Белый', NULL, 0, NULL, 0, 1, 4, 'ВОЗМОЖЕН КОРТЕЖ С БЕЛЫМ И ЧЕРНЫМ АВТО\r\nУкрашение Ваше на любой вкус только без магнитов! \r\n', 140.00, 130.00, 3.50, NULL, 1, 0, NULL),
(29, 60, '', '00001', NULL, 39, '11', '487', 2012, 'Белый', NULL, 0, NULL, 0, 1, 4, '', 180.00, NULL, NULL, 3, 1, 0, NULL),
(30, 60, '', 'BI9483AX', NULL, 39, '2', '5', 2007, 'Черный', NULL, 0, NULL, 0, 1, 4, '', 180.00, NULL, NULL, NULL, 1, 0, NULL),
(31, 63, '', '00009', NULL, 39, '15', '222', 2016, 'Черный', NULL, 0, NULL, 1, 1, 4, 'Цена договорная\r\nПри заказах на длительное время цена за час изменится', 165.00, NULL, NULL, NULL, 1, 0, NULL),
(32, 63, '', 'BI3596CA', NULL, 39, '15', '222', 2016, 'Белый', NULL, 0, NULL, 1, 1, 4, 'При заказах на длительное время цена за час изменится. ', 165.00, NULL, NULL, NULL, 1, 0, NULL),
(33, 64, '', '00069', NULL, 39, '16', '488', 2010, 'Белый', NULL, 0, NULL, 0, 1, 4, 'Цена договорная', 160.00, NULL, NULL, NULL, 1, 0, NULL),
(34, 65, '', '000070', NULL, 39, '7', '107', 2014, 'Белый', NULL, 0, NULL, 0, 1, 4, '', 160.00, NULL, NULL, NULL, 1, 0, NULL),
(35, 66, '', '000071', NULL, 40, '7', '109', 2014, 'Белый', NULL, 0, NULL, 0, 1, 4, 'Свыше 3 часов - скидки', 150.00, NULL, NULL, 3, 1, 0, 1475140324),
(36, 67, '', '000072', NULL, 39, '10', '132', 2008, 'Черный', NULL, 0, NULL, 0, 1, 4, '', 180.00, NULL, NULL, NULL, 1, 0, NULL),
(37, 68, '', '000073', NULL, 39, '15', '222', 2011, 'Белый', NULL, 0, NULL, 0, 1, 4, '', 170.00, NULL, NULL, NULL, 1, 0, NULL),
(38, 69, '', '000074', NULL, 39, '7', '490', 2009, 'Бежевый', NULL, 0, NULL, 0, 1, 4, '067 295 92 73 - дополнительный номер телефона', 100.00, NULL, NULL, NULL, 1, 0, NULL),
(39, 70, '', '000075', NULL, 39, '5', '491', 2013, 'Белый', NULL, 0, NULL, 0, 1, 4, 'Цена договорная', 180.00, NULL, NULL, NULL, 1, 0, NULL),
(40, 71, '', 'BI6533AK', NULL, 39, '12', '492', 2008, 'Серый', NULL, 0, NULL, 0, 1, 4, '', 130.00, NULL, NULL, 3, 1, 0, NULL),
(41, 72, '', '2212121', NULL, 39, '15', '222', 2008, 'Черный', NULL, 0, NULL, 0, 1, 4, '', 160.00, NULL, NULL, 3, 1, 0, NULL),
(42, 73, '', '11111', NULL, 44, '16', '245', 2003, 'Белый', NULL, 0, NULL, 0, 1, 6, '', 100.00, NULL, NULL, NULL, 1, 0, NULL),
(43, 74, '', '22222', NULL, 39, '13', '202', 2007, 'Белый', NULL, 0, NULL, 0, 1, 4, '', 150.00, NULL, 3.50, NULL, 1, 0, NULL),
(44, 75, '', '33333', NULL, 39, '6', '493', 2014, 'Черный', NULL, 0, NULL, 1, 1, 4, '', 200.00, NULL, 4.00, 3, 1, 0, NULL),
(45, 76, '', '55555', NULL, 39, '6', '494', 2009, 'Голубой', NULL, 0, NULL, 0, 1, 4, '', 110.00, NULL, NULL, 3, 1, 0, NULL),
(46, 77, '', '00010', NULL, 39, '61', '495', 2011, 'Белый', NULL, 0, NULL, 0, 1, 4, '', 100.00, NULL, NULL, NULL, 1, 0, NULL),
(47, 78, '', 'BI2754CB', NULL, 39, '24', '496', 2012, 'Серебристый', NULL, 0, NULL, 1, 1, 4, '', 130.00, NULL, NULL, NULL, 1, 0, NULL),
(48, 79, '', '00025', NULL, 39, '3', '497', 2012, 'Черный', NULL, 0, NULL, 0, 1, 4, 'Цена договорная', 180.00, NULL, NULL, NULL, 1, 0, NULL),
(49, 80, '', '000026', NULL, 39, '6', '493', 2008, '', NULL, 0, NULL, 0, 1, 4, '', 120.00, NULL, NULL, 3, 1, 0, NULL),
(50, 81, '', '000027', NULL, 44, '16', '245', 2007, 'Белый', NULL, 0, NULL, 0, 1, 8, '', 150.00, NULL, NULL, NULL, 1, 0, NULL),
(51, 82, '', '000028', NULL, 39, '3', '498', 2009, 'Серый', NULL, 0, NULL, 0, 1, 4, '', 200.00, NULL, NULL, NULL, 1, 0, 1474465624),
(52, 83, '', '000029', NULL, 39, '55', '499', 2010, 'Черный', NULL, 0, NULL, 0, 1, 4, '', 120.00, NULL, NULL, NULL, 1, 0, NULL),
(53, 84, '', '000030', NULL, 40, '21', '281', 2005, 'Серый', NULL, 0, NULL, 0, 0, 4, 'Цена договорная', 170.00, NULL, NULL, NULL, 1, 0, NULL),
(54, 85, '', '000031', NULL, 39, '16', '500', 2008, 'Черный', NULL, 0, NULL, 0, 1, 4, 'Есть возможность организовать трио:Три одинаковые машины за разумную цену.В наличии есть белое авто.Цена Вас приятно удивит!!!', 150.00, NULL, NULL, NULL, 1, 0, NULL),
(55, 90, '', 'BI6734CE', NULL, 40, '12', '196', 2014, 'Белый', NULL, 0, NULL, 0, 1, 4, '', 200.00, 150.00, NULL, 3, 1, 0, NULL),
(56, 91, '', '00032', NULL, 40, '10', '161', 2010, 'Черный', NULL, 0, NULL, 0, 1, 4, 'Договорная', 200.00, NULL, NULL, NULL, 1, 0, NULL),
(57, 91, '', '000033', NULL, 39, '2', '10', 2010, 'Черный', NULL, 0, NULL, 0, 1, 4, 'Цена договорная', 180.00, NULL, NULL, NULL, 1, 0, NULL),
(59, 53, '', 'BI0747CA', NULL, 39, '12', '188', 2008, 'Синий', NULL, 0, NULL, 0, 1, 4, '', 100.00, NULL, 3.00, 3, 1, 0, NULL),
(60, 53, '', 'BI1010CA', NULL, 39, '6', '91', 2009, 'Серый', NULL, 0, NULL, 0, 1, 4, '', 100.00, NULL, 3.00, 3, 1, 0, NULL),
(61, 93, '', '00390', NULL, 39, '11', '487', 2011, 'Красный', NULL, 0, NULL, 1, 1, 4, '', 100.00, NULL, 3.50, NULL, 1, 0, NULL),
(62, 94, '', 'ВІ2077АВ', NULL, 44, '10', '181', 2005, 'Белый', NULL, 0, NULL, 0, 1, 18, '', 150.00, NULL, 5.50, 3, 1, 0, 1477826944),
(63, 95, '', '0000392', NULL, 44, '16', '245', 2008, 'Белый', NULL, 0, NULL, 0, 1, 8, '', 120.00, NULL, 4.00, 3, 0, 0, NULL),
(65, 98, '', 'VFG7777', NULL, 40, '31', '319', 2012, 'белый', NULL, 0, NULL, 0, 1, 5, '', 140.00, 140.00, 4.00, NULL, 0, 0, NULL),
(66, 71, '', '4483ВК', NULL, 39, '6', '494', 2011, 'Чёрный', NULL, 0, NULL, 0, 1, 4, '', 140.00, 140.00, 4.50, 3, 1, 0, NULL),
(67, 86, '', 'BI4140CE', NULL, 39, '9', '129', 2003, 'синий металлик', NULL, 0, NULL, 0, 1, 5, '', 1.00, 120.00, 2.00, 3, 0, 0, 1474119163),
(68, 101, '', 'BI1628BX', NULL, 39, '10', '501', 2010, 'Черный', NULL, 0, NULL, 0, 1, 4, '', 250.00, NULL, NULL, 3, 1, 0, 1474288076),
(69, 102, '', '111111', NULL, 44, '10', '178', 2008, 'Белый', NULL, 0, NULL, 0, 1, 8, '', 150.00, 130.00, 4.00, 3, 0, 0, 1474293804),
(70, 103, '', '00026', NULL, 39, '16', '233', 2009, 'Белый', NULL, 0, NULL, 0, 1, 4, '', 1400.00, NULL, NULL, 3, 0, 0, 1474293975),
(71, 104, '', 'BI0055BP', NULL, 39, '20', '271', 2012, 'Белый', NULL, 0, NULL, 0, 1, 4, '', 300.00, NULL, 7.00, 3, 1, 0, 1474361303),
(72, 106, '', '00028', NULL, 39, '15', '223', 2009, 'Черный', NULL, 0, NULL, 0, 1, 4, '', 250.00, NULL, NULL, NULL, 1, 0, 1474380480),
(73, 106, '', '000038', NULL, 39, '15', '222', 2010, 'Белый', NULL, 0, NULL, 0, 1, 4, '', 180.00, NULL, NULL, 3, 1, 0, 1474381039),
(74, 106, '', '000039', NULL, 39, '5', '491', 2011, 'Белый, черный', NULL, 0, NULL, 0, 1, 4, '', 200.00, NULL, NULL, NULL, 1, 0, 1474381153),
(75, 106, '', '000040', NULL, 40, '3', '59', 2008, 'Черный', NULL, 0, NULL, 0, 1, 4, '', 400.00, NULL, NULL, NULL, 1, 0, 1474381206),
(76, 106, '', '000041', NULL, 40, '30', '316', 2010, 'Черный', NULL, 0, NULL, 0, 1, 4, '', 450.00, NULL, NULL, NULL, 1, 0, 1474381346),
(77, 106, '', '000042', NULL, 40, '10', '164', 2009, 'Черный', NULL, 0, NULL, 0, 1, 4, '', 350.00, NULL, NULL, NULL, 1, 0, 1474381484),
(78, 106, '', '000043', NULL, 40, '26', '298', 2010, 'Белый', NULL, 0, NULL, 0, 1, 4, '', 450.00, NULL, NULL, NULL, 1, 0, 1474381562),
(79, 106, '', '000044', NULL, 44, '10', '178', 2009, 'Синий', NULL, 0, NULL, 0, 1, 8, '', 180.00, NULL, 5.00, NULL, 1, 0, 1474382088),
(80, 106, '', '000045', NULL, 44, '10', '152', 2008, 'Белый', NULL, 0, NULL, 0, 1, 18, '', 200.00, NULL, 6.00, NULL, 1, 0, 1474382161),
(81, 106, '', '000046', NULL, 45, '10', '502', 2009, 'Белый', NULL, 0, NULL, 0, 1, 25, '', 280.00, NULL, 8.00, NULL, 1, 0, 1474382430),
(82, 106, '', '000047', NULL, 45, '62', '503', 2007, 'Белый', NULL, 0, NULL, 0, 1, 50, 'Автобус 50 мест-МАН,Сетра- 350 грн час, 12 грн км\r\n ', 350.00, NULL, 12.00, NULL, 1, 0, 1474382657),
(83, 107, '', '000048', NULL, 44, '63', '504', 2007, 'Белый', NULL, 0, NULL, 0, 1, 15, '', 200.00, NULL, 4.00, 2, 1, 0, 1474464797),
(84, 107, '', '000049', NULL, 44, '63', '504', 2007, 'Белый', NULL, 0, NULL, 0, 1, 19, '', 200.00, NULL, 4.00, 2, 1, 0, 1474465013),
(85, 107, '', '000050', NULL, 44, '16', '245', 2008, 'Белый', NULL, 0, NULL, 0, 1, 8, '', 200.00, NULL, 4.00, 2, 1, 0, 1474465317),
(86, 108, '', 'BI1981CA', NULL, 39, '9', '129', 2015, 'Красный металлик', NULL, 0, NULL, 0, 1, 4, 'Мазда 3 2015 автомат, климат контроль', 200.00, NULL, NULL, NULL, 1, 0, 1474884718),
(87, 110, '', 'BI8568AH', NULL, 40, '13', '203', 2015, 'Серый', NULL, 0, NULL, 0, 1, 4, 'Можно заказать в паре с машиной, аналогичной модели, но в красном  цвете.', 120.00, NULL, 3.50, 2, 1, 0, 1475844431),
(88, 110, '', '12345', NULL, 40, '13', '203', 2013, 'Красный', NULL, 0, NULL, 0, 1, 4, 'Можно заказать в паре с машиной, аналогичной модели, но в сером цвете.', 120.00, NULL, 3.50, 2, 1, 0, 1475844745),
(89, 112, '', 'BI3131BT', NULL, 39, '55', '463', 2013, 'Чёрный и белый', NULL, 0, NULL, 0, 1, 4, '', 120.00, 100.00, 3.00, 3, 1, 0, 1476167847),
(90, 113, '', 'ВИ3999АК', NULL, 39, '5', '491', 2008, 'Черный', NULL, 0, NULL, 0, 1, 5, '', 200.00, 180.00, NULL, 3, 1, 0, 1476533647),
(91, 116, '', 'ВІ3517АВ', NULL, 39, '7', '98', 2012, 'Белый', NULL, 0, NULL, 1, 1, 5, '', 130.00, 125.00, NULL, 1, 0, 0, 1477658873),
(92, 94, '', 'ВІ9884', NULL, 40, '11', '185', 2008, 'черный', NULL, 0, NULL, 0, 1, 5, '', 200.00, NULL, 5.00, 3, 1, 0, 1477827727),
(94, 118, '', 'ВІ1351СА', NULL, 39, '2', '10', 1998, 'Серый', NULL, 0, NULL, 0, 1, 5, 'Комфортный автомобиль бизнес-класса', 150.00, NULL, NULL, NULL, 1, 0, 1478112426),
(95, 119, '', 'ВІ75-75В', NULL, 40, '11', '185', 2008, 'Черный', NULL, 0, NULL, 0, 1, 5, '', 300.00, 250.00, 10.00, NULL, 0, 0, 1478321431),
(96, 121, '', 'ВІ0014АЕ', NULL, 44, '63', '504', 2006, 'Белый', NULL, 0, NULL, 0, 0, 20, 'ПЕРЕВОЗКА ПАССАЖИРОВ ПО ГОРОДУ, ОБЛАСТИ И УКРАИНЕ комфортабельными микроавтобусами.\r\nОбслуживание свадеб и корпоративов. Автомобили оборудованы TV, DVD, Wi-Fi, мягкие кресла с подлокотниками и откидными спинками. Приемлемые цены. Любая форма оплаты.', 200.00, 170.00, 6.00, NULL, 1, 0, 1478953921),
(97, 123, '', 'ві6191ві', NULL, 39, '64', '505', 2007, 'зеленый', NULL, 0, NULL, 0, 1, 4, '', 100.00, 90.00, 2.50, NULL, 1, 0, 1479453756),
(98, 124, '', '78-53ПОН', NULL, 41, '61', '495', 1969, 'Белый', NULL, 1, NULL, 0, 1, 4, '', 200.00, 150.00, NULL, 1, 1, 0, 1479496718),
(99, 129, '', 'ВІ1314СВ', NULL, 39, '13', '206', 2011, 'Серебристый', NULL, 0, NULL, 0, 0, 4, 'Удобный, просторный, комфортный автомобиль. В салоне чисто и нету посторонних запахов (в салоне не курят). ', 140.00, NULL, NULL, NULL, 1, 0, 1481525458);

-- --------------------------------------------------------

--
-- Структура таблицы `brands`
--

CREATE TABLE IF NOT EXISTS `brands` (
  `id` int(11) NOT NULL,
  `name` varchar(255) NOT NULL,
  `picture` varchar(255) NOT NULL
) ENGINE=InnoDB AUTO_INCREMENT=65 DEFAULT CHARSET=utf8mb4;

--
-- Дамп данных таблицы `brands`
--

INSERT INTO `brands` (`id`, `name`, `picture`) VALUES
(2, 'Audi', 'https://cars.imgsmail.ru/catalogue/firms/8/2/828f7b59d6a647a02dcaf42bd1d0f3d9_60x60.png'),
(3, 'BMW', 'https://cars.imgsmail.ru/catalogue/firms/8/a/8af49cad11d8ecf3cb2e7bd392842c81_60x60.png'),
(4, 'Ford', 'https://cars.imgsmail.ru/catalogue/firms/1/5/15642f0d8c2ec5f7c40bc54596572118_60x60.png'),
(5, 'Honda', 'https://cars.imgsmail.ru/catalogue/firms/2/4/2408528b84812553563c06bc0c0807b4_60x60.png'),
(6, 'Hyundai', 'https://cars.imgsmail.ru/catalogue/firms/a/5/a54d9864759f6bd63697ac70576c4b1d_60x60.png'),
(7, 'KIA', 'https://cars.imgsmail.ru/catalogue/firms/9/3/939e45ece543b9e3e330342e9e68d318_60x60.png'),
(8, 'Lada (ВАЗ)', 'https://cars.imgsmail.ru/catalogue/firms/9/b/9bff39e7e56d7c8831166f7d0a287a84_60x60.png'),
(9, 'Mazda', 'https://cars.imgsmail.ru/catalogue/firms/7/6/76b75334ac03bc288b4d00df5336856f_60x60.png'),
(10, 'Mercedes-Benz', 'https://cars.imgsmail.ru/catalogue/firms/b/9/b902d2618136a593c4cf77b3edf25904_60x60.png'),
(11, 'Mitsubishi', 'https://cars.imgsmail.ru/catalogue/firms/5/f/5f04172fb79e9ac89af30afd9aa869e0_60x60.png'),
(12, 'Nissan', 'https://cars.imgsmail.ru/catalogue/firms/a/f/af59afe953dfa5bbd211446354ec4472_60x60.png'),
(13, 'Renault', 'https://cars.imgsmail.ru/catalogue/firms/5/4/54874d26ef50d2d0fef4639155975500_60x60.png'),
(14, 'Skoda', 'https://cars.imgsmail.ru/catalogue/firms/7/b/7b3df37fe24018dd94533f2391148d5f_60x60.png'),
(15, 'Toyota', 'https://cars.imgsmail.ru/catalogue/firms/d/8/d874c138f20af73845ec75b80e5dd388_60x60.png'),
(16, 'Volkswagen', 'https://cars.imgsmail.ru/catalogue/firms/1/c/1c07f6cde6d7c09a23a97cfd1fc1b451_60x60.png'),
(17, 'Acura', 'https://cars.imgsmail.ru/catalogue/firms/9/a/9aa9f9896dc560231d78108341063667_60x60.png'),
(18, 'Datsun', 'https://cars.imgsmail.ru/catalogue/firms/2/b/2bfd9ebf3fb2fe9a540b331339b57d82_60x60.png'),
(19, 'Infiniti', 'https://cars.imgsmail.ru/catalogue/firms/3/a/3a18ed0c187ec5f4e3ad620d20878468_60x60.png'),
(20, 'Lexus', 'https://cars.imgsmail.ru/catalogue/firms/b/8/b8d26a4f73aacd17c1aff44e4161ee1a_60x60.png'),
(21, 'Subaru', 'https://cars.imgsmail.ru/catalogue/firms/0/c/0c02a288744860ff112d2bd4a6a52147_60x60.png'),
(22, 'Suzuki', 'https://cars.imgsmail.ru/catalogue/firms/8/6/863f74a1b1083a1a10613d624b48b8a4_60x60.png'),
(23, 'Cadillac', 'https://cars.imgsmail.ru/catalogue/firms/a/2/a234a61ec2dc7c2c40332e65cdb0f1b8_60x60.png'),
(24, 'Chevrolet', 'https://cars.imgsmail.ru/catalogue/firms/1/e/1e9041948aa2577d1d27a3a580110d5e_60x60.png'),
(25, 'Chrysler', 'https://cars.imgsmail.ru/catalogue/firms/a/f/afae63f6fea0de32dc51d96bf7e91e32_60x60.png'),
(26, 'Jeep', 'https://cars.imgsmail.ru/catalogue/firms/4/d/4d7452be5eada5d55a818397256567f3_60x60.png'),
(27, 'Tesla', 'https://cars.imgsmail.ru/catalogue/firms/c/4/c424c2721cce9a18493f17ca92f86991_60x60.png'),
(28, 'ГАЗ', 'https://cars.imgsmail.ru/catalogue/firms/5/a/5a0027b072e5bc9391cc86655046c89a_60x60.png'),
(29, 'УАЗ', 'https://cars.imgsmail.ru/catalogue/firms/5/e/5e60ef9ec6e34d355a13416d5a167245_60x60.png'),
(30, 'Porsche', 'https://cars.imgsmail.ru/catalogue/firms/6/6/66bd24c44c6ad5bb98883b84d8471aea_60x60.png'),
(31, 'SsangYong', 'https://cars.imgsmail.ru/catalogue/firms/6/f/6f9120845e86c9449423dc49c2e74a38_60x60.png'),
(32, 'Alfa Romeo', 'https://cars.imgsmail.ru/catalogue/firms/4/4/44b4e2807cf193c73c7ae2bd712ba723_60x60.png'),
(33, 'Aston Martin', 'https://cars.imgsmail.ru/catalogue/firms/7/3/73b4c3d41991e5c2608374fa299f16ac_60x60.png'),
(34, 'Bentley', 'https://cars.imgsmail.ru/catalogue/firms/3/1/31ca13ecf77028f1a1c4e54d659ab725_60x60.png'),
(35, 'Citroen', 'https://cars.imgsmail.ru/catalogue/firms/7/c/7cf4b94e8a08ad92bdabed5617a7a322_60x60.png'),
(36, 'DS', 'https://cars.imgsmail.ru/catalogue/firms/d/6/d6a5588ee316aaa59de56b03a7f91503_60x60.png'),
(37, 'Ferrari', 'https://cars.imgsmail.ru/catalogue/firms/a/e/aee44c481f443730e9cd6383dbe2d7ff_60x60.png'),
(38, 'Fiat', 'https://cars.imgsmail.ru/catalogue/firms/3/c/3ce1cde7d7aab5d8cd41384320b07a81_60x60.png'),
(39, 'Jaguar', 'https://cars.imgsmail.ru/catalogue/firms/1/3/137f6eb7f74be2be89929f8b3dbe80bf_60x60.png'),
(40, 'Lamborghini', 'https://cars.imgsmail.ru/catalogue/firms/2/c/2c8cc4757ed0cffa6c381767ede2ff98_60x60.png'),
(41, 'Land Rover', 'https://cars.imgsmail.ru/catalogue/firms/4/6/461ffc26ddc9d7247a107001892f0608_60x60.png'),
(42, 'Maserati', 'https://cars.imgsmail.ru/catalogue/firms/d/1/d1adcf4a374fdda57c958dc764851bd2_60x60.png'),
(43, 'Mini', 'https://cars.imgsmail.ru/catalogue/firms/1/4/14ea4a99fd730508147898c0f36ee392_60x60.png'),
(44, 'Peugeot', 'https://cars.imgsmail.ru/catalogue/firms/2/c/2cca8a7914c547c0792bf66795e9d43a_60x60.png'),
(45, 'Ravon', 'https://cars.imgsmail.ru/catalogue/firms/c/a/cac1a1744a0ad624a6f4fc39612a5876_60x60.png'),
(46, 'Rolls-Royce', 'https://cars.imgsmail.ru/catalogue/firms/9/0/907ad2a28c5c93d4bf75e98df8579c90_60x60.png'),
(47, 'Smart', 'https://cars.imgsmail.ru/catalogue/firms/8/1/81f4967707ced1d8518736a0331d06a6_60x60.png'),
(48, 'Volvo', 'https://cars.imgsmail.ru/catalogue/firms/a/4/a4641df46b9b295b7c28a764fae7a586_60x60.png'),
(49, 'Brilliance', 'https://cars.imgsmail.ru/catalogue/firms/c/f/cf4cd0c74889f2d078bd013dbbf2f397_60x60.png'),
(50, 'Changan', 'https://cars.imgsmail.ru/catalogue/firms/c/d/cd8aaec918d1f183738ebe52d0066aeb_60x60.png'),
(51, 'Chery', 'https://cars.imgsmail.ru/catalogue/firms/4/5/4557b8777596b6842be60995e0459e74_60x60.png'),
(52, 'DongFeng', 'https://cars.imgsmail.ru/catalogue/firms/7/9/79da3e0179bc8395326d142df263aa8e_60x60.png'),
(53, 'FAW', 'https://cars.imgsmail.ru/catalogue/firms/d/a/da6c5c0c7c15ec95d536eab25f399cae_60x60.png'),
(54, 'Foton', 'https://cars.imgsmail.ru/catalogue/firms/6/c/6c4d6dafbc43ac03536724393fc183e2_60x60.png'),
(55, 'Geely', 'https://cars.imgsmail.ru/catalogue/firms/a/5/a5049305e1199e8c8db121031835f8b1_60x60.png'),
(56, 'Great Wall', 'https://cars.imgsmail.ru/catalogue/firms/d/f/df571856882fab38a3ec62fb65fd1020_60x60.png'),
(57, 'Haima', 'https://cars.imgsmail.ru/catalogue/firms/3/1/31e86da94336a8c4c84797dbf829830d_60x60.png'),
(58, 'Haval', 'https://cars.imgsmail.ru/catalogue/firms/5/1/51225ad658a15d5662a3c8fe5112d700_60x60.png'),
(59, 'Lifan', 'https://cars.imgsmail.ru/catalogue/firms/0/8/084630e31b22ac3d902e30cb392ead3c_60x60.png'),
(60, 'Zotye', 'https://cars.imgsmail.ru/catalogue/firms/2/c/2caf208ee0e812ec5af82a10c797b009_60x60.png'),
(61, 'ЗАЗ', ''),
(62, 'MAN', ''),
(63, 'Iveco', ''),
(64, 'Opel', '');

-- --------------------------------------------------------

--
-- Структура таблицы `cache`
--

CREATE TABLE IF NOT EXISTS `cache` (
  `id` char(128) COLLATE utf8_unicode_ci NOT NULL,
  `expire` int(11) NOT NULL,
  `data` blob NOT NULL
) ENGINE=InnoDB DEFAULT CHARSET=utf8 COLLATE=utf8_unicode_ci;

-- --------------------------------------------------------

--
-- Структура таблицы `categories`
--

CREATE TABLE IF NOT EXISTS `categories` (
  `id` int(11) NOT NULL,
  `name` varchar(255) CHARACTER SET utf8 NOT NULL,
  `picture` varchar(255) CHARACTER SET utf8 NOT NULL
) ENGINE=InnoDB AUTO_INCREMENT=46 DEFAULT CHARSET=latin1;

--
-- Дамп данных таблицы `categories`
--

INSERT INTO `categories` (`id`, `name`, `picture`) VALUES
(38, 'Лимузины', 'uploads/categories/ourcars__limo-min_2016-09-01_11:47:19.jpg'),
(39, 'Седаны', 'uploads/categories/ourcars__sedan-min_2016-09-01_11:48:00.jpg'),
(40, 'Внедорожники', 'uploads/categories/ourcars__suv-min_2016-09-01_11:48:25.jpg'),
(41, 'Ретро-авто', 'uploads/categories/ourcars__retro-min_2016-09-01_11:48:52.jpg'),
(42, 'Кабриолеты', 'uploads/categories/ourcars__cabriolet-m_2016-09-01_11:49:24.jpg'),
(43, 'Эксклюзивные авто', 'uploads/categories/ourcars__exclusive-m_2016-09-01_11:49:59.jpg'),
(44, 'Микроавтобусы', 'uploads/categories/ourcars__van-min_2016-09-01_11:50:20.jpg'),
(45, 'Автобусы', 'uploads/categories/ourcars__bus-min_2016-09-01_11:50:44.jpg');

-- --------------------------------------------------------

--
-- Структура таблицы `combo`
--

CREATE TABLE IF NOT EXISTS `combo` (
  `id` int(11) NOT NULL,
  `name` varchar(255) COLLATE utf8_unicode_ci NOT NULL,
  `description` text COLLATE utf8_unicode_ci NOT NULL,
  `price` decimal(7,2) NOT NULL,
  `picture` text COLLATE utf8_unicode_ci NOT NULL
) ENGINE=InnoDB DEFAULT CHARSET=utf8 COLLATE=utf8_unicode_ci;

-- --------------------------------------------------------

--
-- Структура таблицы `combo_meals`
--

CREATE TABLE IF NOT EXISTS `combo_meals` (
  `id` int(11) NOT NULL,
  `combo_id` int(11) NOT NULL,
  `meal_id` int(11) NOT NULL
) ENGINE=InnoDB DEFAULT CHARSET=utf8 COLLATE=utf8_unicode_ci;

-- --------------------------------------------------------

--
-- Структура таблицы `comments`
--

CREATE TABLE IF NOT EXISTS `comments` (
  `id` int(11) NOT NULL,
  `user_id` int(11) NOT NULL,
  `auto_id` int(11) NOT NULL,
  `rating` decimal(3,2) NOT NULL,
  `text` text NOT NULL,
  `created_at` int(13) NOT NULL
) ENGINE=InnoDB DEFAULT CHARSET=utf8;

-- --------------------------------------------------------

--
-- Структура таблицы `gallery`
--

CREATE TABLE IF NOT EXISTS `gallery` (
  `id` int(11) NOT NULL,
  `title` varchar(255) COLLATE utf8_unicode_ci NOT NULL,
  `description` text COLLATE utf8_unicode_ci,
  `picture` text COLLATE utf8_unicode_ci NOT NULL,
  `order` int(11) NOT NULL
) ENGINE=InnoDB DEFAULT CHARSET=utf8 COLLATE=utf8_unicode_ci;

-- --------------------------------------------------------

--
-- Структура таблицы `images`
--

CREATE TABLE IF NOT EXISTS `images` (
  `id` int(11) NOT NULL,
  `car_id` int(11) NOT NULL,
  `path` varchar(255) NOT NULL
) ENGINE=InnoDB AUTO_INCREMENT=419 DEFAULT CHARSET=utf8mb4;

--
-- Дамп данных таблицы `images`
--

INSERT INTO `images` (`id`, `car_id`, `path`) VALUES
(177, 21, '375809242_2_1000x70021_2016-09-13_02:56:33.jpg'),
(178, 21, '375809242_3_1000x70021_2016-09-13_02:56:33.jpg'),
(179, 21, '375809242_5_1000x70021_2016-09-13_02:56:33.jpg'),
(180, 21, '375809242_7_1000x70021_2016-09-13_02:56:33.jpg'),
(181, 22, '375809242_2_1000x70022_2016-09-13_03:23:19.jpg'),
(182, 22, '375809242_3_1000x70022_2016-09-13_03:23:19.jpg'),
(183, 22, '375809242_4_1000x70022_2016-09-13_03:23:19.jpg'),
(184, 22, '375809242_6_1000x70022_2016-09-13_03:23:19.jpg'),
(185, 22, '375809242_7_1000x70022_2016-09-13_03:23:19.jpg'),
(186, 23, '123_2016-09-13_03:51:25.jpg'),
(187, 23, '223_2016-09-13_03:51:25.jpg'),
(188, 23, '423_2016-09-13_03:51:25.jpg'),
(189, 24, '124_2016-09-13_04:10:46.jpg'),
(190, 24, '224_2016-09-13_04:10:46.jpg'),
(191, 24, '324_2016-09-13_04:10:46.jpg'),
(192, 24, '424_2016-09-13_04:10:46.jpg'),
(193, 24, '524_2016-09-13_04:10:46.jpg'),
(194, 24, '624_2016-09-13_04:10:46.jpg'),
(195, 24, '724_2016-09-13_04:10:46.jpg'),
(196, 25, '225_2016-09-13_04:30:18.jpg'),
(197, 25, '425_2016-09-13_04:30:18.jpg'),
(198, 25, '234211344_3_1000x70025_2016-09-13_04:30:18.jpg'),
(199, 26, '126_2016-09-14_12:26:32.jpg'),
(200, 26, '226_2016-09-14_12:26:32.jpg'),
(201, 27, '127_2016-09-14_12:32:36.jpg'),
(202, 27, '227_2016-09-14_12:32:36.jpg'),
(203, 27, '327_2016-09-14_12:32:36.jpg'),
(204, 27, '427_2016-09-14_12:32:36.jpg'),
(205, 27, '527_2016-09-14_12:32:36.jpg'),
(206, 27, '627_2016-09-14_12:32:36.jpg'),
(207, 27, '727_2016-09-14_12:32:36.jpg'),
(208, 28, '128_2016-09-14_01:07:00.jpg'),
(209, 28, '228_2016-09-14_01:07:00.jpg'),
(210, 28, '328_2016-09-14_01:07:00.jpg'),
(211, 28, '428_2016-09-14_01:07:00.jpg'),
(212, 28, '528_2016-09-14_01:07:00.jpg'),
(220, 29, '129_2016-09-14_01:33:50.jpg'),
(221, 29, '229_2016-09-14_01:33:50.jpg'),
(222, 29, '329_2016-09-14_01:33:50.jpg'),
(224, 29, '529_2016-09-14_01:33:50.jpg'),
(228, 30, '430_2016-09-14_01:37:03.jpg'),
(230, 29, '239553860_2_1000x70029_2016-09-14_01:50:34.jpg'),
(231, 30, '239553860_2_1000x70030_2016-09-14_01:50:57.jpg'),
(232, 30, '230_2016-09-14_01:51:59.jpg'),
(235, 31, '131_2016-09-14_02:25:59.jpg'),
(236, 32, '232_2016-09-14_02:28:09.jpg'),
(237, 32, '332_2016-09-14_02:28:09.jpg'),
(241, 33, '133_2016-09-14_02:57:53.jpg'),
(242, 33, '0233_2016-09-14_02:57:53.jpg'),
(243, 33, '233_2016-09-14_02:57:53.jpg'),
(244, 33, '333_2016-09-14_02:57:53.jpg'),
(245, 34, '134_2016-09-14_03:02:37.jpg'),
(246, 35, '135_2016-09-14_03:33:03.jpg'),
(247, 35, '235_2016-09-14_03:33:03.jpg'),
(248, 36, '136_2016-09-14_03:38:39.jpg'),
(249, 37, '137_2016-09-14_03:41:22.jpg'),
(250, 38, '138_2016-09-14_04:23:37.jpg'),
(251, 38, '238_2016-09-14_04:23:37.jpg'),
(252, 38, '338_2016-09-14_04:23:37.jpg'),
(253, 38, '438_2016-09-14_04:23:37.jpg'),
(254, 38, '538_2016-09-14_04:23:37.jpg'),
(255, 38, '638_2016-09-14_04:23:37.jpg'),
(256, 39, '139_2016-09-14_04:28:47.jpg'),
(257, 40, '140_2016-09-14_04:44:39.jpg'),
(258, 40, '240_2016-09-14_04:44:39.jpg'),
(259, 40, '340_2016-09-14_04:44:39.jpg'),
(260, 40, '440_2016-09-14_04:44:39.jpg'),
(261, 41, '141_2016-09-14_04:54:55.jpg'),
(262, 41, '241_2016-09-14_04:54:55.jpg'),
(263, 41, '341_2016-09-14_04:54:55.jpg'),
(265, 42, '0142_2016-09-14_05:06:54.jpg'),
(266, 42, '142_2016-09-14_05:06:54.jpg'),
(267, 42, '242_2016-09-14_05:06:54.jpg'),
(269, 43, '543_2016-09-14_05:24:39.jpg'),
(270, 44, '144_2016-09-14_05:29:50.jpg'),
(271, 44, '244_2016-09-14_05:29:50.jpg'),
(272, 45, '145_2016-09-14_05:41:07.jpg'),
(273, 46, '146_2016-09-14_05:51:22.jpg'),
(274, 46, '246_2016-09-14_05:51:22.jpg'),
(275, 47, '147_2016-09-14_06:07:59.jpg'),
(276, 47, '247_2016-09-14_06:07:59.jpg'),
(277, 47, '347_2016-09-14_06:07:59.jpg'),
(278, 47, '447_2016-09-14_06:07:59.jpg'),
(279, 47, '547_2016-09-14_06:07:59.jpg'),
(280, 47, '647_2016-09-14_06:07:59.jpg'),
(281, 47, '747_2016-09-14_06:07:59.jpg'),
(282, 48, '148_2016-09-15_12:10:13.jpg'),
(283, 48, '248_2016-09-15_12:10:13.jpg'),
(284, 48, '348_2016-09-15_12:10:13.jpg'),
(285, 48, '448_2016-09-15_12:10:13.jpg'),
(286, 48, '548_2016-09-15_12:10:13.jpg'),
(287, 48, '648_2016-09-15_12:10:13.jpg'),
(288, 48, '748_2016-09-15_12:10:13.jpg'),
(289, 48, '848_2016-09-15_12:10:13.jpg'),
(290, 49, '149_2016-09-15_12:21:45.jpg'),
(291, 49, '249_2016-09-15_12:21:45.jpg'),
(292, 49, '349_2016-09-15_12:21:45.jpg'),
(293, 49, '449_2016-09-15_12:21:45.jpg'),
(294, 49, '549_2016-09-15_12:21:45.jpg'),
(295, 50, '150_2016-09-15_12:37:48.jpg'),
(296, 50, '250_2016-09-15_12:37:48.jpg'),
(297, 50, '350_2016-09-15_12:37:48.jpg'),
(298, 50, '450_2016-09-15_12:37:48.jpg'),
(299, 51, '151_2016-09-15_12:53:01.jpg'),
(300, 51, '251_2016-09-15_12:53:01.jpg'),
(301, 52, '152_2016-09-15_01:12:56.jpg'),
(302, 52, '252_2016-09-15_01:12:56.jpg'),
(303, 52, '352_2016-09-15_01:12:56.jpg'),
(304, 53, '153_2016-09-15_01:19:05.jpg'),
(305, 54, '154_2016-09-15_01:27:22.jpg'),
(306, 54, '254_2016-09-15_01:27:22.jpg'),
(307, 54, '354_2016-09-15_01:27:22.jpg'),
(308, 54, '554_2016-09-15_01:27:22.jpg'),
(309, 54, '654_2016-09-15_01:27:22.jpg'),
(310, 54, '754_2016-09-15_01:27:22.jpg'),
(311, 55, '1-min55_2016-09-15_05:43:05.jpg'),
(312, 55, '2-min55_2016-09-15_05:43:05.jpg'),
(313, 55, '3-min55_2016-09-15_05:43:05.jpg'),
(314, 56, '156_2016-09-15_05:50:36.jpg'),
(315, 56, '256_2016-09-15_05:50:36.jpg'),
(337, 57, '1-min57_2016-09-16_01:25:52.jpg'),
(338, 57, '3-min57_2016-09-16_01:25:52.jpg'),
(339, 57, '10-min57_2016-09-16_01:25:52.jpg'),
(340, 57, '11-min57_2016-09-16_01:25:52.jpg'),
(341, 57, '12-min57_2016-09-16_01:25:52.jpg'),
(342, 57, '13-min57_2016-09-16_01:25:52.jpg'),
(343, 57, '28-min57_2016-09-16_01:25:52.jpg'),
(347, 59, '159_2016-09-16_03:08:58.jpg'),
(348, 59, '259_2016-09-16_03:08:58.jpg'),
(349, 60, '1,160_2016-09-16_03:10:50.jpg'),
(350, 60, '3-min60_2016-09-16_03:10:50.jpg'),
(351, 21, '1-min21_2016-09-16_03:13:00.jpg'),
(352, 21, '7-min-min21_2016-09-16_03:13:00.jpg'),
(353, 21, '9-min21_2016-09-16_03:13:00.jpg'),
(356, 61, '1-min61_2016-09-16_03:20:03.jpg'),
(357, 61, '2-min61_2016-09-16_03:20:03.jpg'),
(360, 66, '1474099708290-33944666_2016-09-17_11:01:59.jpg'),
(361, 66, '1474099708290-33944666_2016-09-17_11:02:04.jpg'),
(362, 67, 'CHARGESPEED_MAZDA6_r67_2016-09-17_04:33:02.jpg'),
(363, 68, '1-min68_2016-09-19_03:27:56.jpg'),
(364, 68, '2-min68_2016-09-19_03:27:56.jpg'),
(365, 68, '3-min68_2016-09-19_03:27:56.jpg'),
(366, 68, '5-min68_2016-09-19_03:27:56.jpg'),
(367, 68, '6-min68_2016-09-19_03:27:56.jpg'),
(368, 68, '7-min68_2016-09-19_03:27:56.jpg'),
(369, 68, '8-min68_2016-09-19_03:27:56.jpg'),
(370, 71, 'image-1-min71_2016-09-20_11:48:23.jpeg'),
(371, 71, 'image-2-min71_2016-09-20_11:48:23.jpeg'),
(372, 71, 'image-3-min71_2016-09-20_11:48:23.jpeg'),
(373, 71, 'image-4-min71_2016-09-20_11:48:23.jpeg'),
(374, 71, 'image-5-min71_2016-09-20_11:48:23.jpeg'),
(375, 71, 'image-6-min71_2016-09-20_11:48:23.jpeg'),
(376, 71, 'image-7-min71_2016-09-20_11:48:23.jpeg'),
(377, 71, 'image-8-min71_2016-09-20_11:48:23.jpeg'),
(378, 71, 'image-min71_2016-09-20_11:48:23.jpeg'),
(379, 72, '07498c1e72_2016-09-20_05:08:00.jpg'),
(381, 73, '1273_2016-09-20_05:17:19.jpg'),
(382, 74, 'naH97uCzG2E174_2016-09-20_05:19:13.jpg'),
(383, 75, 'y0epPWtHZJ875_2016-09-20_05:20:06.jpg'),
(384, 76, 'viberimage376_2016-09-20_05:22:26.jpg'),
(385, 77, '1403_178377_2016-09-20_05:24:53.jpg'),
(386, 78, 'IMG_0815178_2016-09-20_05:26:02.jpg'),
(387, 79, 'Vito-min79_2016-09-20_05:34:49.jpg'),
(388, 80, 'загружено-m80_2016-09-20_05:36:01.jpg'),
(389, 81, '25мест-min81_2016-09-20_05:40:30.jpg'),
(390, 82, 'автобус49ме82_2016-09-20_05:44:17.jpg'),
(391, 84, '284_2016-09-21_04:36:53.jpg'),
(392, 85, '385_2016-09-21_04:41:57.jpg'),
(393, 83, '183_2016-09-21_05:02:23.jpg'),
(394, 86, 'DSC_069686_2016-09-26_01:11:58.jpg'),
(395, 86, 'DSC_069786_2016-09-26_01:11:58.jpg'),
(396, 86, 'DSC_069886_2016-09-26_01:11:58.jpg'),
(397, 86, 'DSC_069986_2016-09-26_01:11:58.jpg'),
(398, 86, 'DSC_070186_2016-09-26_01:11:58.jpg'),
(399, 86, 'DSC_070386_2016-09-26_01:11:58.jpg'),
(400, 87, 'P1000857-min87_2016-10-07_03:47:11.jpg'),
(401, 87, 'P1000860-min87_2016-10-07_03:47:11.jpg'),
(402, 88, 'P1000838-min88_2016-10-07_03:52:25.jpg'),
(403, 89, '201592714490689_2016-10-11_09:37:27.jpg'),
(404, 89, '201592714491489_2016-10-11_09:38:14.jpg'),
(405, 89, '201592318003889_2016-10-11_09:39:18.jpg'),
(407, 62, '12-mercedes-sprinter62_2016-10-30_01:35:19.jpg'),
(408, 92, '66690992_2016-10-30_01:42:07.jpg'),
(409, 94, 'р94_2016-11-02_08:47:06.jpg'),
(410, 94, 'рр94_2016-11-02_08:47:06.jpg'),
(411, 96, '301812736_1_1000x70096_2016-11-12_02:34:46.jpg'),
(412, 97, 'IMG_20161117_19364097_2016-11-18_09:22:36.jpg'),
(413, 98, 'P61109-20062398_2016-11-18_09:18:38.jpg'),
(414, 90, 'image90_2016-10-15_090_2016-11-23_01:49:30.jpeg'),
(415, 99, 'Рено199_2016-12-12_08:50:58.jpg'),
(416, 99, 'Рено299_2016-12-12_08:50:58.jpg'),
(417, 99, 'Рено399_2016-12-12_08:50:58.jpeg'),
(418, 99, 'Рено99_2016-12-12_08:50:58.jpg');

-- --------------------------------------------------------

--
-- Структура таблицы `meals`
--

CREATE TABLE IF NOT EXISTS `meals` (
  `id` int(11) NOT NULL,
  `name` varchar(255) COLLATE utf8_unicode_ci NOT NULL,
  `description` text COLLATE utf8_unicode_ci NOT NULL,
  `weight` int(7) NOT NULL,
  `price` decimal(7,2) NOT NULL,
  `category_id` int(11) NOT NULL,
  `order` int(11) NOT NULL,
  `popularity` int(25) NOT NULL
) ENGINE=InnoDB DEFAULT CHARSET=utf8 COLLATE=utf8_unicode_ci;

-- --------------------------------------------------------

--
-- Структура таблицы `meals_images`
--

CREATE TABLE IF NOT EXISTS `meals_images` (
  `id` int(11) NOT NULL,
  `meal_id` int(11) NOT NULL,
  `path` text COLLATE utf8_unicode_ci NOT NULL
) ENGINE=InnoDB DEFAULT CHARSET=utf8 COLLATE=utf8_unicode_ci;

-- --------------------------------------------------------

--
-- Структура таблицы `migration`
--

CREATE TABLE IF NOT EXISTS `migration` (
  `version` varchar(180) NOT NULL,
  `apply_time` int(11) DEFAULT NULL
) ENGINE=InnoDB DEFAULT CHARSET=utf8mb4;

--
-- Дамп данных таблицы `migration`
--

INSERT INTO `migration` (`version`, `apply_time`) VALUES
('m000000_000000_base', 1465283582),
('m140209_132017_init', 1465283584),
('m140403_174025_create_account_table', 1465283584),
('m140504_113157_update_tables', 1465283585),
('m140504_130429_create_token_table', 1465283585),
('m140506_102106_rbac_init', 1465284291),
('m140830_171933_fix_ip_field', 1465283585),
('m140830_172703_change_account_table_name', 1465283585),
('m141211_142603_create_table', 1474025859),
('m141222_110026_update_ip_field', 1465283585),
('m141222_135246_alter_username_length', 1465283585),
('m150614_103145_update_social_account_table', 1465283585),
('m150623_212711_fix_username_notnull', 1465283585),
('m160117_203749_rename_and_create_field', 1474025859),
('m160622_222849_create_message_id_field', 1474025859);

-- --------------------------------------------------------

--
-- Структура таблицы `models`
--

CREATE TABLE IF NOT EXISTS `models` (
  `id` int(11) NOT NULL,
  `brand_id` int(11) NOT NULL,
  `name` varchar(255) NOT NULL
) ENGINE=InnoDB AUTO_INCREMENT=506 DEFAULT CHARSET=utf8mb4;

--
-- Дамп данных таблицы `models`
--

INSERT INTO `models` (`id`, `brand_id`, `name`) VALUES
(1, 2, 'A3 седан'),
(2, 2, 'A4 седан'),
(3, 2, 'TT купе'),
(4, 2, 'A5 купе'),
(5, 2, 'A6 седан'),
(6, 2, 'S3 седан'),
(7, 2, 'TTS купе'),
(8, 2, 'S5 купе'),
(9, 2, 'S6 седан'),
(10, 2, 'A8 седан'),
(11, 2, 'S8 седан'),
(12, 2, 'S4 седан'),
(13, 2, 'A1 Sportback хэтчбек'),
(14, 2, 'A3 хэтчбек'),
(15, 2, 'A5 хэтчбек'),
(16, 2, 'A4 универсал'),
(17, 2, 'A6 универсал'),
(18, 2, 'S3 хэтчбек'),
(19, 2, 'A7 Sportback хэтчбек'),
(20, 2, 'A6 allroad quattro универсал'),
(21, 2, 'S5 хэтчбек'),
(22, 2, 'S6 универсал'),
(23, 2, 'S7 Sportback хэтчбек'),
(24, 2, 'RS 6 универсал'),
(25, 2, 'RS 7 Sportback хэтчбек'),
(26, 2, 'A4 allroad универсал'),
(27, 2, 'Q3 кроссовер'),
(28, 2, 'Q5 кроссовер'),
(29, 2, 'Q7 кроссовер'),
(30, 2, 'RS Q3 кроссовер'),
(31, 2, 'SQ5 кроссовер'),
(32, 2, 'Q2 кроссовер'),
(33, 2, 'SQ7 кроссовер'),
(34, 2, 'A3 кабриолет'),
(35, 2, 'A5 кабриолет'),
(36, 2, 'S3 кабриолет'),
(37, 3, '3 седан'),
(38, 3, '2 купе'),
(39, 3, '4 Gran Coupe купе'),
(40, 3, '4 купе'),
(41, 3, '5 седан'),
(42, 3, 'M2 купе'),
(43, 3, 'M3 седан'),
(44, 3, 'M4 купе'),
(45, 3, '6 купе'),
(46, 3, '6 Gran Coupe купе'),
(47, 3, 'M5 седан'),
(48, 3, '7 седан'),
(49, 3, 'M6 купе'),
(50, 3, 'M6 Gran Coupe седан'),
(51, 3, 'i8 купе'),
(52, 3, '1 хэтчбек'),
(53, 3, '3 Gran Turismo хэтчбек'),
(54, 3, '5 универсал'),
(55, 3, '5 Gran Turismo хэтчбек'),
(56, 3, 'X1 кроссовер'),
(57, 3, 'X3 кроссовер'),
(58, 3, 'X4 кроссовер'),
(59, 3, 'X5 кроссовер'),
(60, 3, 'X6 кроссовер'),
(61, 3, 'X6 M кроссовер'),
(62, 3, '2 Active Tourer минивэн'),
(63, 3, '2 Gran Tourer минивэн'),
(64, 3, '4 кабриолет'),
(65, 3, 'M4 кабриолет'),
(66, 3, '6 кабриолет'),
(67, 3, 'M6 кабриолет'),
(68, 3, '2 кабриолет'),
(69, 4, 'Fiesta седан'),
(70, 4, 'Focus седан'),
(71, 4, 'Mondeo седан'),
(72, 4, 'Mustang купе'),
(73, 4, 'Fiesta хэтчбек'),
(74, 4, 'Focus хэтчбек'),
(75, 4, 'Focus универсал'),
(76, 4, 'EcoSport кроссовер'),
(77, 4, 'Kuga кроссовер'),
(78, 4, 'Explorer внедорожник'),
(79, 4, 'Transit Connect фургон'),
(80, 4, 'Transit фургон'),
(81, 4, 'Tourneo микроавтобус'),
(82, 5, 'CR-V кроссовер'),
(83, 5, 'Pilot кроссовер'),
(84, 6, 'Solaris седан'),
(85, 6, 'i40 седан'),
(86, 6, 'Genesis седан'),
(87, 6, 'Equus седан'),
(88, 6, 'Elantra седан'),
(89, 6, 'Solaris хэтчбек'),
(90, 6, 'i30 хэтчбек'),
(91, 6, 'i30 универсал'),
(92, 6, 'Veloster хэтчбек'),
(93, 6, 'i40 универсал'),
(94, 6, 'Tucson кроссовер'),
(95, 6, 'Santa Fe Premium кроссовер'),
(96, 6, 'Grand Santa Fe кроссовер'),
(97, 6, 'H1 минивэн'),
(98, 7, 'Rio седан'),
(99, 7, 'Cerato седан'),
(100, 7, 'Optima седан'),
(101, 7, 'Quoris седан'),
(102, 7, 'Picanto хэтчбек'),
(103, 7, 'Rio хэтчбек'),
(104, 7, 'cee''d хэтчбек'),
(105, 7, 'Venga хэтчбек'),
(106, 7, 'cee''d универсал'),
(107, 7, 'cee''d GT хэтчбек'),
(108, 7, 'Soul кроссовер'),
(109, 7, 'Sportage кроссовер'),
(110, 7, 'Sorento кроссовер'),
(111, 7, 'Sorento Prime кроссовер'),
(112, 7, 'Mohave внедорожник'),
(113, 8, 'Granta седан'),
(114, 8, 'Priora седан'),
(115, 8, 'Vesta седан'),
(116, 8, 'Granta Sport седан'),
(117, 8, 'Granta хэтчбек'),
(118, 8, 'Kalina хэтчбек'),
(119, 8, 'Kalina универсал'),
(120, 8, 'Kalina Cross универсал'),
(121, 8, 'Largus универсал'),
(122, 8, 'Kalina Sport хэтчбек'),
(123, 8, 'Largus Cross универсал'),
(124, 8, 'Vesta универсал'),
(125, 8, '2121 (4x4) внедорожник'),
(126, 8, '4х4 Urban внедорожник'),
(127, 8, 'XRAY кроссовер'),
(128, 8, 'Largus фургон'),
(129, 9, '6 седан'),
(130, 9, '3 хэтчбек'),
(131, 9, 'CX-5 кроссовер'),
(132, 10, 'C седан'),
(133, 10, 'C купе'),
(134, 10, 'CLA седан'),
(135, 10, 'E купе'),
(136, 10, 'E седан'),
(137, 10, 'CLA AMG седан'),
(138, 10, 'CLS седан'),
(139, 10, 'C AMG седан'),
(140, 10, 'C AMG купе'),
(141, 10, 'S седан'),
(142, 10, 'E AMG седан'),
(143, 10, 'CLS AMG седан'),
(144, 10, 'AMG GT купе'),
(145, 10, 'Maybach S седан'),
(146, 10, 'S купе'),
(147, 10, 'S AMG седан'),
(148, 10, 'S AMG купе'),
(149, 10, 'A хэтчбек'),
(150, 10, 'CLA универсал'),
(151, 10, 'C универсал'),
(152, 10, 'A AMG хэтчбек'),
(153, 10, 'CLA AMG универсал'),
(154, 10, 'CLS универсал'),
(155, 10, 'C AMG универсал'),
(156, 10, 'GLA кроссовер'),
(157, 10, 'GLC кроссовер'),
(158, 10, 'GLA AMG кроссовер'),
(159, 10, 'GLE кроссовер'),
(160, 10, 'GLC AMG кроссовер'),
(161, 10, 'GL внедорожник'),
(162, 10, 'GLE Coupe кроссовер'),
(163, 10, 'GLS внедорожник'),
(164, 10, 'G внедорожник'),
(165, 10, 'GLE AMG кроссовер'),
(166, 10, 'GLE Coupe AMG кроссовер'),
(167, 10, 'GL AMG внедорожник'),
(168, 10, 'GLS AMG внедорожник'),
(169, 10, 'G AMG внедорожник'),
(170, 10, 'GLC Coupe кроссовер'),
(171, 10, 'B минивэн'),
(172, 10, 'Citan минивэн'),
(173, 10, 'E кабриолет'),
(174, 10, 'S кабриолет'),
(175, 10, 'S AMG кабриолет'),
(176, 10, 'Vito фургон'),
(177, 10, 'Citan фургон'),
(178, 10, 'Vito микроавтобус'),
(179, 10, 'Viano микроавтобус'),
(180, 10, 'Sprinter фургон'),
(181, 10, 'Sprinter микроавтобус'),
(182, 10, 'V микроавтобус'),
(183, 11, 'i-MiEV хэтчбек'),
(184, 11, 'Outlander кроссовер'),
(185, 11, 'Pajero внедорожник'),
(186, 11, 'Pajero Sport внедорожник'),
(187, 11, 'L200 пикап'),
(188, 12, 'Almera седан'),
(189, 12, 'Sentra седан'),
(190, 12, 'Teana седан'),
(191, 12, 'GT-R купе'),
(192, 12, 'Tiida хэтчбек'),
(193, 12, 'Juke кроссовер'),
(194, 12, 'Terrano кроссовер'),
(195, 12, 'Qashqai кроссовер'),
(196, 12, 'X-Trail кроссовер'),
(197, 12, 'Murano кроссовер'),
(198, 12, 'Pathfinder внедорожник'),
(199, 12, 'Patrol внедорожник'),
(200, 13, 'Logan седан'),
(201, 13, 'Fluence седан'),
(202, 13, 'Sandero хэтчбек'),
(203, 13, 'Sandero Stepway хэтчбек'),
(204, 13, 'Clio RS хэтчбек'),
(205, 13, 'Megane RS хэтчбек'),
(206, 13, 'Megane хэтчбек'),
(207, 13, 'Duster кроссовер'),
(208, 13, 'Kaptur кроссовер'),
(209, 13, 'Koleos кроссовер'),
(210, 13, 'Kangoo минивэн'),
(211, 13, 'Kangoo фургон'),
(212, 13, 'Master фургон'),
(213, 14, 'Rapid хэтчбек'),
(214, 14, 'Octavia хэтчбек'),
(215, 14, 'Octavia универсал'),
(216, 14, 'Superb хэтчбек'),
(217, 14, 'Octavia Scout универсал'),
(218, 14, 'Octavia RS хэтчбек'),
(219, 14, 'Octavia RS универсал'),
(220, 14, 'Superb универсал'),
(221, 14, 'Yeti кроссовер'),
(222, 15, 'Corolla седан'),
(223, 15, 'Camry седан'),
(224, 15, 'GT86 купе'),
(225, 15, 'Prius хэтчбек'),
(226, 15, 'RAV4 кроссовер'),
(227, 15, 'Land Cruiser Prado внедорожник'),
(228, 15, 'Highlander кроссовер'),
(229, 15, 'Land Cruiser внедорожник'),
(230, 15, 'Hilux пикап'),
(231, 15, 'Alphard минивэн'),
(232, 15, 'Hiace микроавтобус'),
(233, 16, 'Polo седан'),
(234, 16, 'Jetta седан'),
(235, 16, 'Passat седан'),
(236, 16, 'Passat CC седан'),
(237, 16, 'Beetle хэтчбек'),
(238, 16, 'Golf хэтчбек'),
(239, 16, 'Passat универсал'),
(240, 16, 'Golf R хэтчбек'),
(241, 16, 'Touareg внедорожник'),
(242, 16, 'Tiguan кроссовер'),
(243, 16, 'Amarok пикап'),
(244, 16, 'Transporter бортовой грузовик'),
(245, 16, 'Transporter микроавтобус'),
(246, 16, 'Transporter фургон'),
(247, 16, 'Crafter фургон'),
(248, 16, 'Caravelle микроавтобус'),
(249, 16, 'Multivan микроавтобус'),
(250, 17, 'TLX седан'),
(251, 17, 'NSX купе'),
(252, 17, 'RDX кроссовер'),
(253, 17, 'MDX кроссовер'),
(254, 18, 'on-DO седан'),
(255, 18, 'mi-DO хэтчбек'),
(256, 19, 'Q50 седан'),
(257, 19, 'Q70 седан'),
(258, 19, 'Q30 хэтчбек'),
(259, 19, 'QX70 кроссовер'),
(260, 19, 'QX50 кроссовер'),
(261, 19, 'QX60 кроссовер'),
(262, 19, 'QX80 внедорожник'),
(263, 19, 'QX30 кроссовер'),
(264, 20, 'ES седан'),
(265, 20, 'IS седан'),
(266, 20, 'RC купе'),
(267, 20, 'LS седан'),
(268, 20, 'GS F седан'),
(269, 20, 'RC F купе'),
(270, 20, 'LC купе'),
(271, 20, 'GS седан'),
(272, 20, 'NX кроссовер'),
(273, 20, 'RX кроссовер'),
(274, 20, 'GX внедорожник'),
(275, 20, 'LX внедорожник'),
(276, 21, 'BRZ купе'),
(277, 21, 'WRX STi седан'),
(278, 21, 'Legacy седан'),
(279, 21, 'Outback универсал'),
(280, 21, 'XV кроссовер'),
(281, 21, 'Forester кроссовер'),
(282, 22, 'Jimny внедорожник'),
(283, 22, 'Vitara кроссовер'),
(284, 22, 'Grand Vitara внедорожник'),
(285, 23, 'ATS седан'),
(286, 23, 'CTS седан'),
(287, 23, 'CT6 седан'),
(288, 23, 'SRX кроссовер'),
(289, 23, 'XT5 кроссовер'),
(290, 23, 'Escalade внедорожник'),
(291, 24, 'Corvette Stingray купе'),
(292, 24, 'Camaro купе'),
(293, 24, 'Niva внедорожник'),
(294, 24, 'Tahoe внедорожник'),
(295, 25, 'Grand Voyager минивэн'),
(296, 26, 'Renegade внедорожник'),
(297, 26, 'Compass кроссовер'),
(298, 26, 'Cherokee внедорожник'),
(299, 26, 'Wrangler внедорожник'),
(300, 26, 'Grand Cherokee внедорожник'),
(301, 27, 'Model S хэтчбек'),
(302, 27, 'Model X кроссовер'),
(303, 28, '«Газель-Бизнес» 2705 фургон'),
(304, 28, '«Газель-Бизнес» 3221 микроавтобус'),
(305, 28, '«Соболь-Бизнес» 2310 бортовой грузовик'),
(306, 28, '«Газель-Бизнес» 3302 бортовой грузовик'),
(307, 29, 'Hunter внедорожник'),
(308, 29, 'Patriot внедорожник'),
(309, 29, 'Pickup пикап'),
(310, 30, 'Cayman купе'),
(311, 30, '718 Cayman купе'),
(312, 30, 'Cayman GT4 купе'),
(313, 30, '911 купе'),
(314, 30, 'Panamera хэтчбек'),
(315, 30, 'Macan кроссовер'),
(316, 30, 'Cayenne кроссовер'),
(317, 30, '911 кабриолет'),
(318, 30, '911 Targa кабриолет'),
(319, 31, 'Actyon кроссовер'),
(320, 31, 'Stavic минивэн'),
(321, 32, '4C купе'),
(322, 32, 'Giulia седан'),
(323, 32, 'MiTo хэтчбек'),
(324, 32, 'Giulietta хэтчбек'),
(325, 33, 'DB9 Volante купе'),
(326, 33, 'V12 Vantage купе'),
(327, 33, 'Rapide седан'),
(328, 33, 'Vanquish купе'),
(329, 33, 'DB11 купе'),
(330, 33, 'DB9 Volante кабриолет'),
(331, 34, 'Continental GT купе'),
(332, 34, 'Flying Spur седан'),
(333, 34, 'Mulsanne седан'),
(334, 34, 'Bentayga кроссовер'),
(335, 34, 'Continental GT кабриолет'),
(336, 35, 'C-Elysee седан'),
(337, 35, 'C4 седан'),
(338, 35, 'DS3 хэтчбек'),
(339, 35, 'DS4 хэтчбек'),
(340, 35, 'C4 Aircross кроссовер'),
(341, 35, 'C3 Picasso минивэн'),
(342, 35, 'Berlingo Multispace минивэн'),
(343, 35, 'C4 Picasso минивэн'),
(344, 35, 'C4 Grand Picasso минивэн'),
(345, 35, 'Berlingo Multispace фургон'),
(346, 35, 'Jumpy фургон'),
(347, 35, 'Jumper грузовик'),
(348, 35, 'Jumper фургон'),
(349, 35, 'Jumpy микроавтобус'),
(350, 36, '4 хэтчбек'),
(351, 36, '4 Crossback хэтчбек'),
(352, 37, '458 Itаliа купе'),
(353, 37, 'F12 Berlinetta купе'),
(354, 37, 'Laкупе'),
(355, 37, '488GTB купе'),
(356, 37, 'FF хэтчбек'),
(357, 37, 'California T кабриолет'),
(358, 37, '488 Spider кабриолет'),
(359, 37, '488GTB кабриолет'),
(360, 38, 'Punto хэтчбек'),
(361, 38, '500 хэтчбек'),
(362, 38, '500X кроссовер'),
(363, 38, 'Freemont минивэн'),
(364, 38, 'Doblo Panorama минивэн'),
(365, 38, 'Scudo фургон'),
(366, 38, 'Ducato фургон'),
(367, 38, 'Scudo микроавтобус'),
(368, 38, 'Doblo Panorama фургон'),
(369, 39, 'XE седан'),
(370, 39, 'XF седан'),
(371, 39, 'F-Type купе'),
(372, 39, 'XJ седан'),
(373, 39, 'XFR седан'),
(374, 39, 'XJR седан'),
(375, 39, 'XFR-S седан'),
(376, 39, 'F-Type SVR купе'),
(377, 39, 'F-Pace кроссовер'),
(378, 39, 'F-Type кабриолет'),
(379, 39, 'F-Type SVR кабриолет'),
(380, 40, 'Huracan LP 610-4 купе'),
(381, 40, 'Aventador LP 700-4 купе'),
(382, 40, 'Centanario купе'),
(383, 41, 'Defender внедорожник'),
(384, 41, 'Range Rover Evoque кроссовер'),
(385, 41, 'Discovery Sport внедорожник'),
(386, 41, 'Discovery внедорожник'),
(387, 41, 'Range Rover Sport внедорожник'),
(388, 41, 'Range Rover внедорожник'),
(389, 41, 'Range Rover Sport SVR внедорожник'),
(390, 41, 'Defender пикап'),
(391, 41, 'Range Rover Evoque кабриолет'),
(392, 42, 'Ghibli седан'),
(393, 42, 'Quattroporte седан'),
(394, 42, 'GranTurismo купе'),
(395, 42, 'Levante кроссовер'),
(396, 42, 'GranCabrio кабриолет'),
(397, 43, 'Cooper хэтчбек'),
(398, 43, 'Clubman универсал'),
(399, 43, 'Paceman хэтчбек'),
(400, 43, 'John Cooper Works хэтчбек'),
(401, 43, 'Countryman кроссовер'),
(402, 43, 'Cabrio кабриолет'),
(403, 44, '301 седан'),
(404, 44, '408 седан'),
(405, 44, '508 седан'),
(406, 44, '308 хэтчбек'),
(407, 44, '308 GT Line хэтчбек'),
(408, 44, '308 GTI хэтчбек'),
(409, 44, '208 хэтчбек'),
(410, 44, '3008 кроссовер'),
(411, 44, '2008 кроссовер'),
(412, 44, 'Partner минивэн'),
(413, 44, 'Partner фургон'),
(414, 44, 'Expert фургон'),
(415, 44, 'Expert микроавтобус'),
(416, 44, 'Boxer фургон'),
(417, 44, 'Boxer микроавтобус'),
(418, 45, 'Nexia седан'),
(419, 45, 'Gentra седан'),
(420, 45, 'Matiz хэтчбек'),
(421, 45, 'R2 хэтчбек'),
(422, 46, 'Ghost седан'),
(423, 46, 'Wraith седан'),
(424, 46, 'Phantom седан'),
(425, 46, 'Phantom купе'),
(426, 46, 'Phantom кабриолет'),
(427, 46, 'Dawn кабриолет'),
(428, 47, 'fortwo хэтчбек'),
(429, 47, 'forfour хэтчбек'),
(430, 47, 'fortwo кабриолет'),
(431, 48, 'S60 седан'),
(432, 48, 'S80 седан'),
(433, 48, 'S60 Cross Counry седан'),
(434, 48, 'S90 седан'),
(435, 48, 'V60 Cross Country универсал'),
(436, 48, 'XC70 универсал'),
(437, 48, 'V90 универсал'),
(438, 48, 'V40 Cross Country хэтчбек'),
(439, 48, 'XC60 кроссовер'),
(440, 48, 'XC90 кроссовер'),
(441, 49, 'H230 седан'),
(442, 49, 'H530 седан'),
(443, 49, 'H230 хэтчбек'),
(444, 49, 'V5 кроссовер'),
(445, 50, 'Eado седан'),
(446, 50, 'CS35 кроссовер'),
(447, 51, 'Bonus седан'),
(448, 51, 'M11 седан'),
(449, 51, 'Bonus 3 седан'),
(450, 51, 'Arrizo 7 седан'),
(451, 51, 'Very хэтчбек'),
(452, 51, 'M11 хэтчбек'),
(453, 51, 'IndiS хэтчбек'),
(454, 51, 'Tiggo FL кроссовер'),
(455, 51, 'Tiggo 5 кроссовер'),
(456, 52, 'S30 седан'),
(457, 52, 'H30 Cross хэтчбек'),
(458, 53, 'V5 седан'),
(459, 53, 'Oley седан'),
(460, 53, 'Besturn B50 седан'),
(461, 54, 'Tunland пикап'),
(462, 55, 'GC6 седан'),
(463, 55, 'Emgrand EC7 седан'),
(464, 55, 'Emgrand 7 седан'),
(465, 55, 'Emgrand EC7 хэтчбек'),
(466, 55, 'MK Cross кроссовер'),
(467, 55, 'Emgrand X7 кроссовер'),
(468, 56, 'M4 кроссовер'),
(469, 56, 'H6 кроссовер'),
(470, 56, 'H5 внедорожник'),
(471, 56, 'H3 внедорожник'),
(472, 56, 'Wingle 5 пикап'),
(473, 57, '7 кроссовер'),
(474, 58, 'H2 кроссовер'),
(475, 58, 'H8 внедорожник'),
(476, 58, 'H9 внедорожник'),
(477, 59, 'Solano седан'),
(478, 59, 'Celliya седан'),
(479, 59, 'Cebrium седан'),
(480, 59, 'Smily хэтчбек'),
(481, 59, 'X50 кроссовер'),
(482, 59, 'X60 кроссовер'),
(483, 60, 'Z300 седан'),
(484, 60, 'Z100 хэтчбек'),
(485, 60, 'T600 кроссовер'),
(486, 60, 'Nomad кроссовер'),
(487, 11, 'Lancer X'),
(488, 16, 'Passat B7'),
(489, 10, 'W202'),
(490, 7, 'Spectra'),
(491, 5, 'Accord'),
(492, 12, 'Note'),
(493, 6, 'Sonata'),
(494, 6, 'Accent'),
(495, 61, 'Vida'),
(496, 24, 'Cruze'),
(497, 3, '740'),
(498, 3, '530'),
(499, 55, 'SL'),
(500, 16, 'Passat B6'),
(501, 10, 'S500 long'),
(502, 10, 'Vario'),
(503, 62, 'Setra'),
(504, 63, 'Daily'),
(505, 64, 'Astra G');

-- --------------------------------------------------------

--
-- Структура таблицы `news`
--

CREATE TABLE IF NOT EXISTS `news` (
  `id` int(11) NOT NULL,
  `title` varchar(255) COLLATE utf8_unicode_ci NOT NULL,
  `text` text COLLATE utf8_unicode_ci NOT NULL,
  `offer` int(1) NOT NULL,
  `order` int(11) NOT NULL,
  `picture` text COLLATE utf8_unicode_ci NOT NULL,
  `created_at` int(11) NOT NULL,
  `status` int(1) NOT NULL
) ENGINE=InnoDB DEFAULT CHARSET=utf8 COLLATE=utf8_unicode_ci;

-- --------------------------------------------------------

--
-- Структура таблицы `notifications`
--

CREATE TABLE IF NOT EXISTS `notifications` (
  `id` int(11) NOT NULL,
  `email` text CHARACTER SET utf8 NOT NULL,
  `subject` text CHARACTER SET utf8 NOT NULL,
  `text` text CHARACTER SET utf8 NOT NULL,
  `layout` text CHARACTER SET utf8
) ENGINE=InnoDB DEFAULT CHARSET=latin1;

-- --------------------------------------------------------

--
-- Структура таблицы `orders`
--

CREATE TABLE IF NOT EXISTS `orders` (
  `id` int(11) NOT NULL,
  `cost` decimal(7,2) NOT NULL,
  `partner_percent` int(3) DEFAULT NULL,
  `user_id` int(11) NOT NULL,
  `car_id` int(11) NOT NULL,
  `city` int(11) NOT NULL,
  `datetime` text NOT NULL,
  `hours` int(13) NOT NULL,
  `city_out` int(1) DEFAULT NULL,
  `km` int(10) NOT NULL,
  `route` text NOT NULL,
  `description` text,
  `paid` varchar(25) NOT NULL,
  `confirmed` int(1) NOT NULL,
  `created_at` int(13) NOT NULL,
  `order_id` text,
  `archive` int(1) NOT NULL DEFAULT '0'
) ENGINE=InnoDB AUTO_INCREMENT=41 DEFAULT CHARSET=utf8;

-- --------------------------------------------------------

--
-- Структура таблицы `pages`
--

CREATE TABLE IF NOT EXISTS `pages` (
  `id` int(11) NOT NULL,
  `title` text NOT NULL,
  `text` text NOT NULL,
  `active` int(1) NOT NULL
) ENGINE=InnoDB AUTO_INCREMENT=13 DEFAULT CHARSET=utf8;

--
-- Дамп данных таблицы `pages`
--

INSERT INTO `pages` (`id`, `title`, `text`, `active`) VALUES
(12, 'Клиентам', '<p>Заказать у нас авто невероятно просто. Прежде всего, просмотрите с Вашей “второй половинкой” наш обширный каталог свадебных автомобилей и выберите интересующий вас вариант.\r\n</p><p>Затем оформите онлайн-заявку, заполнив все необходимые поля. <br>Получив заявку, водитель отправит вам подтверждение брони на вашу дату. Следующий шаг – внесение необходимой суммы предоплаты.\r\n</p><p>И, наконец, в день свадьбы вы получаете именно тот автомобиль, в котором вы мечтали приехать на самый яркий праздник Вашей жизни.</p><p>С помощью сервиса Weddingcars вы можете составить целый свадебный кортеж. А также проследить за тем, чтобы он был выдержан в едином стиле, из автомобилей одной марки и цвета.\r\n</p>', 0);

-- --------------------------------------------------------

--
-- Структура таблицы `places`
--

CREATE TABLE IF NOT EXISTS `places` (
  `id` int(11) NOT NULL,
  `name` varchar(255) COLLATE utf8_unicode_ci NOT NULL,
  `description` text COLLATE utf8_unicode_ci,
  `address` varchar(255) COLLATE utf8_unicode_ci NOT NULL,
  `latitude` text COLLATE utf8_unicode_ci NOT NULL,
  `longitude` text COLLATE utf8_unicode_ci NOT NULL
) ENGINE=InnoDB DEFAULT CHARSET=utf8 COLLATE=utf8_unicode_ci;

-- --------------------------------------------------------

--
-- Структура таблицы `profile`
--

CREATE TABLE IF NOT EXISTS `profile` (
  `user_id` int(11) NOT NULL,
  `name` varchar(255) COLLATE utf8_unicode_ci DEFAULT NULL,
  `public_email` varchar(255) COLLATE utf8_unicode_ci DEFAULT NULL,
  `gravatar_email` varchar(255) COLLATE utf8_unicode_ci DEFAULT NULL,
  `gravatar_id` varchar(32) COLLATE utf8_unicode_ci DEFAULT NULL,
  `location` varchar(255) COLLATE utf8_unicode_ci DEFAULT NULL,
  `website` varchar(255) COLLATE utf8_unicode_ci DEFAULT NULL,
  `bio` text COLLATE utf8_unicode_ci
) ENGINE=InnoDB DEFAULT CHARSET=utf8 COLLATE=utf8_unicode_ci;

--
-- Дамп данных таблицы `profile`
--

INSERT INTO `profile` (`user_id`, `name`, `public_email`, `gravatar_email`, `gravatar_id`, `location`, `website`, `bio`) VALUES
(1, NULL, '', 'mxuser@ya.ru', 'b828781ffb29caeabb141d3f8fb066c6', '', '', ''),
(11, NULL, NULL, NULL, NULL, NULL, NULL, NULL),
(12, NULL, NULL, NULL, NULL, NULL, NULL, NULL),
(13, NULL, NULL, NULL, NULL, NULL, NULL, NULL),
(52, NULL, NULL, NULL, NULL, NULL, NULL, NULL),
(53, NULL, NULL, NULL, NULL, NULL, NULL, NULL),
(54, NULL, NULL, NULL, NULL, NULL, NULL, NULL),
(55, NULL, NULL, NULL, NULL, NULL, NULL, NULL),
(56, NULL, NULL, NULL, NULL, NULL, NULL, NULL),
(57, NULL, NULL, NULL, NULL, NULL, NULL, NULL),
(58, NULL, NULL, NULL, NULL, NULL, NULL, NULL),
(59, NULL, NULL, NULL, NULL, NULL, NULL, NULL),
(60, NULL, NULL, NULL, NULL, NULL, NULL, NULL),
(61, NULL, NULL, NULL, NULL, NULL, NULL, NULL),
(63, NULL, NULL, NULL, NULL, NULL, NULL, NULL),
(64, NULL, NULL, NULL, NULL, NULL, NULL, NULL),
(65, NULL, NULL, NULL, NULL, NULL, NULL, NULL),
(66, NULL, NULL, NULL, NULL, NULL, NULL, NULL),
(67, NULL, NULL, NULL, NULL, NULL, NULL, NULL),
(68, NULL, NULL, NULL, NULL, NULL, NULL, NULL),
(69, NULL, NULL, NULL, NULL, NULL, NULL, NULL),
(70, NULL, NULL, NULL, NULL, NULL, NULL, NULL),
(71, NULL, NULL, NULL, NULL, NULL, NULL, NULL),
(72, NULL, NULL, NULL, NULL, NULL, NULL, NULL),
(73, NULL, NULL, NULL, NULL, NULL, NULL, NULL),
(74, NULL, NULL, NULL, NULL, NULL, NULL, NULL),
(75, NULL, NULL, NULL, NULL, NULL, NULL, NULL),
(76, NULL, NULL, NULL, NULL, NULL, NULL, NULL),
(77, NULL, NULL, NULL, NULL, NULL, NULL, NULL),
(78, NULL, NULL, NULL, NULL, NULL, NULL, NULL),
(79, NULL, NULL, NULL, NULL, NULL, NULL, NULL),
(80, NULL, NULL, NULL, NULL, NULL, NULL, NULL),
(81, NULL, NULL, NULL, NULL, NULL, NULL, NULL),
(82, NULL, NULL, NULL, NULL, NULL, NULL, NULL),
(83, NULL, NULL, NULL, NULL, NULL, NULL, NULL),
(84, NULL, NULL, NULL, NULL, NULL, NULL, NULL),
(85, NULL, NULL, NULL, NULL, NULL, NULL, NULL),
(86, NULL, NULL, NULL, NULL, NULL, NULL, NULL),
(88, NULL, NULL, NULL, NULL, NULL, NULL, NULL),
(90, NULL, NULL, NULL, NULL, NULL, NULL, NULL),
(91, NULL, NULL, NULL, NULL, NULL, NULL, NULL),
(92, NULL, NULL, NULL, NULL, NULL, NULL, NULL),
(93, NULL, NULL, NULL, NULL, NULL, NULL, NULL),
(94, NULL, NULL, NULL, NULL, NULL, NULL, NULL),
(95, NULL, NULL, NULL, NULL, NULL, NULL, NULL),
(96, NULL, NULL, NULL, NULL, NULL, NULL, NULL),
(97, NULL, NULL, NULL, NULL, NULL, NULL, NULL),
(98, NULL, NULL, NULL, NULL, NULL, NULL, NULL),
(99, NULL, NULL, NULL, NULL, NULL, NULL, NULL),
(100, NULL, NULL, NULL, NULL, NULL, NULL, NULL),
(101, NULL, NULL, NULL, NULL, NULL, NULL, NULL),
(102, NULL, NULL, NULL, NULL, NULL, NULL, NULL),
(103, NULL, NULL, NULL, NULL, NULL, NULL, NULL),
(104, NULL, NULL, NULL, NULL, NULL, NULL, NULL),
(105, NULL, NULL, NULL, NULL, NULL, NULL, NULL),
(106, NULL, NULL, NULL, NULL, NULL, NULL, NULL),
(107, NULL, NULL, NULL, NULL, NULL, NULL, NULL),
(108, NULL, NULL, NULL, NULL, NULL, NULL, NULL),
(109, NULL, NULL, NULL, NULL, NULL, NULL, NULL),
(110, NULL, NULL, NULL, NULL, NULL, NULL, NULL),
(111, NULL, NULL, NULL, NULL, NULL, NULL, NULL),
(112, NULL, NULL, NULL, NULL, NULL, NULL, NULL),
(113, NULL, NULL, NULL, NULL, NULL, NULL, NULL),
(114, NULL, NULL, NULL, NULL, NULL, NULL, NULL),
(115, NULL, NULL, NULL, NULL, NULL, NULL, NULL),
(116, NULL, NULL, NULL, NULL, NULL, NULL, NULL),
(117, NULL, NULL, NULL, NULL, NULL, NULL, NULL),
(118, NULL, NULL, NULL, NULL, NULL, NULL, NULL),
(119, NULL, NULL, NULL, NULL, NULL, NULL, NULL),
(120, NULL, NULL, NULL, NULL, NULL, NULL, NULL),
(121, NULL, NULL, NULL, NULL, NULL, NULL, NULL),
(122, NULL, NULL, NULL, NULL, NULL, NULL, NULL),
(123, NULL, NULL, NULL, NULL, NULL, NULL, NULL),
(124, NULL, NULL, NULL, NULL, NULL, NULL, NULL),
(125, NULL, NULL, NULL, NULL, NULL, NULL, NULL),
(126, NULL, NULL, NULL, NULL, NULL, NULL, NULL),
(127, NULL, NULL, NULL, NULL, NULL, NULL, NULL),
(128, NULL, NULL, NULL, NULL, NULL, NULL, NULL),
(129, NULL, NULL, NULL, NULL, NULL, NULL, NULL);

-- --------------------------------------------------------

--
-- Структура таблицы `regions`
--

CREATE TABLE IF NOT EXISTS `regions` (
  `id` int(11) NOT NULL,
  `name` varchar(255) NOT NULL
) ENGINE=InnoDB AUTO_INCREMENT=9 DEFAULT CHARSET=utf8;

--
-- Дамп данных таблицы `regions`
--

INSERT INTO `regions` (`id`, `name`) VALUES
(8, 'Полтавская область');

-- --------------------------------------------------------

--
-- Структура таблицы `settings`
--

CREATE TABLE IF NOT EXISTS `settings` (
  `admin_email` varchar(255) CHARACTER SET utf8 NOT NULL,
  `liqpay_public_key` text CHARACTER SET utf8,
  `liqpay_private_key` text CHARACTER SET utf8,
  `vk_link` text CHARACTER SET utf8,
  `fb_link` text CHARACTER SET utf8,
  `in_link` text CHARACTER SET utf8,
  `tw_link` text CHARACTER SET utf8,
  `address` text CHARACTER SET utf8,
  `phone1` text CHARACTER SET utf8,
  `phone2` text CHARACTER SET utf8,
  `email` text CHARACTER SET utf8,
  `terms` text CHARACTER SET utf8,
  `latitude` text CHARACTER SET utf8,
  `longitude` text CHARACTER SET utf8,
  `partner_percent` int(3) NOT NULL
) ENGINE=InnoDB DEFAULT CHARSET=latin1;

--
-- Дамп данных таблицы `settings`
--

INSERT INTO `settings` (`admin_email`, `liqpay_public_key`, `liqpay_private_key`, `vk_link`, `fb_link`, `in_link`, `tw_link`, `address`, `phone1`, `phone2`, `email`, `terms`, `latitude`, `longitude`, `partner_percent`) VALUES
('info@weddingcars.pl.ua', 'i66150647644', 'kQ6jca4o0yBvOYiuZpOJ03s9oHvVCZ7HDM3gUCx0', 'https://vk.com/weddingcarspoltava', 'https://www.facebook.com/weddingcarspoltava', 'https://instagram.com', 'https://twitter.com', 'г. Полтава, ул. Конева, 4/2', '050-888-32-98', '098-888-32-98', 'info@weddingcars.pl.ua', '<p>Что бы вы не замышляли, - вы делаете это на свой страх и риск , ведь это всего лишь тестовая версия сайта.</p>', '49.574484', '34.507677', 40);

-- --------------------------------------------------------

--
-- Структура таблицы `social_account`
--

CREATE TABLE IF NOT EXISTS `social_account` (
  `id` int(11) NOT NULL,
  `user_id` int(11) DEFAULT NULL,
  `provider` varchar(255) COLLATE utf8_unicode_ci NOT NULL,
  `client_id` varchar(255) COLLATE utf8_unicode_ci NOT NULL,
  `data` text COLLATE utf8_unicode_ci,
  `code` varchar(32) COLLATE utf8_unicode_ci DEFAULT NULL,
  `created_at` int(11) DEFAULT NULL,
  `email` varchar(255) COLLATE utf8_unicode_ci DEFAULT NULL,
  `username` varchar(255) COLLATE utf8_unicode_ci DEFAULT NULL
) ENGINE=InnoDB AUTO_INCREMENT=266 DEFAULT CHARSET=utf8 COLLATE=utf8_unicode_ci;

--
-- Дамп данных таблицы `social_account`
--

INSERT INTO `social_account` (`id`, `user_id`, `provider`, `client_id`, `data`, `code`, `created_at`, `email`, `username`) VALUES
(245, 86, 'facebook', '825153697584346', '{"name":"Владимир Левченко","email":"neros3@yandex.ru","id":"825153697584346"}', NULL, NULL, NULL, NULL),
(249, 97, 'facebook', '294645817576425', '{"name":"Дмитрий Лукашенко","email":"dimakobzon144@mail.ru","id":"294645817576425"}', NULL, NULL, NULL, NULL),
(251, 71, 'vkontakte', '20356796', '{"user_id":20356796,"email":"tharsv@gmail.com","uid":20356796,"first_name":"Сергей","last_name":"Васильев","sex":2,"nickname":"セリョ","screen_name":"id20356796","bdate":"10.8.1988","city":1581,"country":2,"timezone":3,"photo":"http://cs625222.vk.me/v625222796/55014/EZgSRqwOZvs.jpg","id":20356796}', NULL, NULL, NULL, NULL),
(252, 105, 'vkontakte', '7094807', '{"user_id":7094807,"email":"andreygolub@mail.ru","uid":7094807,"first_name":"Андрей","last_name":"Голуб","sex":2,"nickname":"","screen_name":"g0lubec","bdate":"22.12.1988","city":1581,"country":2,"timezone":3,"photo":"http://cs623726.vk.me/v623726807/42529/7VN_GPCBgMs.jpg","id":7094807}', NULL, NULL, NULL, NULL),
(253, 88, 'facebook', '122165044894554', '{"name":"Витренко Слава","id":"122165044894554"}', NULL, NULL, NULL, NULL),
(254, 88, 'google', '117109351426877543323', '{"kind":"plus#person","etag":"\\"xw0en60W6-NurXn4VBU-CMjSPEw/rQyKnKJNFeqBj-dq3v17xzyG2XE\\"","emails":[{"value":"slavavitrenko@gmail.com","type":"account"}],"objectType":"person","id":"117109351426877543323","displayName":"Слава Витренко","name":{"familyName":"Витренко","givenName":"Слава"},"image":{"url":"https://lh3.googleusercontent.com/-XdUIqdMkCWA/AAAAAAAAAAI/AAAAAAAAAAA/4252rscbv5M/photo.jpg?sz=50","isDefault":true},"isPlusUser":false,"language":"ru","verified":false}', NULL, NULL, NULL, NULL),
(255, 88, 'yandex', '199521733', '{"login":"mxuser","id":"199521733"}', NULL, NULL, NULL, NULL),
(256, NULL, 'vkontakte', '103540782', '{"user_id":103540782,"email":"s.onipcko@yandex.ru","uid":103540782,"first_name":"Алена","last_name":"Онипко","sex":1,"nickname":"","screen_name":"id103540782","bdate":"17.6.1988","city":1581,"country":2,"timezone":3,"photo":"https://pp.vk.me/c638421/v638421782/13e/hloRgzOhlQ8.jpg","id":103540782}', '63b389fa6dd16d652cc93e5cf36d3a3e', NULL, 's.onipcko@yandex.ru', 'id103540782'),
(257, 108, 'vkontakte', '381646363', '{"user_id":381646363,"uid":381646363,"first_name":"Макс","last_name":"Кандзюба","sex":2,"nickname":"","screen_name":"arenda_avto_poltava","bdate":"4.11.1981","city":1581,"country":2,"timezone":3,"photo":"https://pp.vk.me/c637130/v637130363/11df7/5kD0Q1ZwDEo.jpg","id":381646363}', NULL, NULL, NULL, NULL),
(258, 86, 'vkontakte', '10600977', '{"user_id":10600977,"email":"neros3@yandex.ru","uid":10600977,"first_name":"Владимир","last_name":"Левченко","sex":2,"nickname":"","screen_name":"neiron81","bdate":"27.11.1981","city":1581,"country":2,"timezone":3,"photo":"https://pp.vk.me/c632/u10600977/e_e3017a20.jpg","id":10600977}', NULL, NULL, 'neros3@yandex.ru', 'neiron81'),
(260, 88, 'vkontakte', '72258266', '{"user_id":72258266,"email":"mxuser@ya.ru","uid":72258266,"first_name":"Слава","last_name":"Витренко","sex":2,"nickname":"aka mxuser","screen_name":"mxuser","bdate":"18.11.1991","city":1581,"country":2,"timezone":3,"photo":"https://pp.vk.me/c604321/v604321266/30c80/vm80vPbEUiM.jpg","id":72258266}', NULL, NULL, NULL, NULL),
(261, 111, 'vkontakte', '24922498', '{"user_id":24922498,"email":"exbuta4r@bk.ru","uid":24922498,"first_name":"Максим","last_name":"Леденко","sex":2,"nickname":"","screen_name":"maksimledenko","bdate":"14.8","city":0,"country":0,"timezone":4,"photo":"https://pp.vk.me/c626327/v626327498/1633/LtSynfJXiMQ.jpg","id":24922498}', NULL, NULL, NULL, NULL),
(263, NULL, 'vkontakte', '140279154', '{"user_id":140279154,"uid":140279154,"first_name":"Лариса","last_name":"Скляр","sex":1,"nickname":"","screen_name":"id140279154","bdate":"6.11.1972","city":1509548,"country":2,"timezone":2,"photo":"https://pp.vk.me/c624425/v624425154/66a44/3b7tdny12ys.jpg","id":140279154}', 'c6914ddc84aa7c7c4eaa508a4a9fa256', NULL, NULL, 'id140279154'),
(264, 128, 'facebook', '1372171992815566', '{"name":"Валерий Сидько","id":"1372171992815566"}', NULL, NULL, NULL, NULL),
(265, 129, 'vkontakte', '12356778', '{"user_id":12356778,"email":"6_sone4ko_9@mail.ru","uid":12356778,"first_name":"Викуля","last_name":"Бондаренко","sex":1,"nickname":"","screen_name":"id12356778","bdate":"14.11.1991","city":1581,"country":2,"timezone":2,"photo":"https://pp.vk.me/c624620/v624620778/56149/WyIsRhngCrY.jpg","id":12356778}', NULL, NULL, '6_sone4ko_9@mail.ru', 'id12356778');

-- --------------------------------------------------------

--
-- Структура таблицы `staff`
--

CREATE TABLE IF NOT EXISTS `staff` (
  `id` int(11) NOT NULL,
  `title` varchar(255) COLLATE utf8_unicode_ci NOT NULL,
  `description` text COLLATE utf8_unicode_ci NOT NULL,
  `picture` text COLLATE utf8_unicode_ci NOT NULL,
  `order` int(11) NOT NULL
) ENGINE=InnoDB DEFAULT CHARSET=utf8 COLLATE=utf8_unicode_ci;

-- --------------------------------------------------------

--
-- Структура таблицы `token`
--

CREATE TABLE IF NOT EXISTS `token` (
  `user_id` int(11) NOT NULL,
  `code` varchar(32) COLLATE utf8_unicode_ci NOT NULL,
  `created_at` int(11) NOT NULL,
  `type` smallint(6) NOT NULL
) ENGINE=InnoDB DEFAULT CHARSET=utf8 COLLATE=utf8_unicode_ci;

--
-- Дамп данных таблицы `token`
--

INSERT INTO `token` (`user_id`, `code`, `created_at`, `type`) VALUES
(1, 'Nf1UTEgAsxJMgM2FdZI73abLzHtNupk2', 1473400418, 1),
(1, 'tZfkAE14L_bsTW9qhUjMEDOTCsv80881', 1473859998, 2),
(11, 'Xp_WZcm0wMoXWo2ACga0KudH35spxOpU', 1470666414, 0),
(12, 'pNvETCt1HhkXtONZKnF2HhHQyBNOhhWS', 1470666494, 0),
(13, 'D-3W3o46GQzEBS8PutkP8dTJ4J0zQd1H', 1470666624, 0);

-- --------------------------------------------------------

--
-- Структура таблицы `turbo_sms_sent`
--

CREATE TABLE IF NOT EXISTS `turbo_sms_sent` (
  `id` int(11) NOT NULL,
  `date_sent` timestamp NOT NULL DEFAULT CURRENT_TIMESTAMP,
  `text` text COLLATE utf8_unicode_ci,
  `phone` varchar(255) COLLATE utf8_unicode_ci DEFAULT NULL,
  `message` varchar(255) COLLATE utf8_unicode_ci DEFAULT NULL,
  `status` smallint(6) DEFAULT NULL,
  `message_id` varchar(255) COLLATE utf8_unicode_ci DEFAULT NULL
) ENGINE=InnoDB AUTO_INCREMENT=520 DEFAULT CHARSET=utf8 COLLATE=utf8_unicode_ci;

--
-- Дамп данных таблицы `turbo_sms_sent`
--

INSERT INTO `turbo_sms_sent` (`id`, `date_sent`, `text`, `phone`, `message`, `status`, `message_id`) VALUES
(510, '2016-09-17 13:36:19', 'Новый заказ на Ваш автомобиль . Детали: http://weddingcars.pl.ua/orders', '+380952505553', 'Сообщения успешно отправлено (тестовый режим)', 1, NULL),
(511, '2016-09-17 13:38:44', 'Ваша заявка на аренду автомобила принята водителем. Ожидается оплата заказа. Детали: http://weddingcars.pl.ua/orders/36', '+380663564463', 'Сообщения успешно отправлено (тестовый режим)', 1, NULL),
(513, '2016-09-17 13:52:29', 'Принята оплата по заказу 36. Ожидается Ваше подтверждение. Детали:\nhttp://weddingcars.pl.ua/orders/36', '+380952505553', 'Сообщения успешно отправлено (тестовый режим)', 1, NULL),
(514, '2016-09-17 13:54:48', 'Новый заказ на Ваш автомобиль. Детали: http://weddingcars.pl.ua/orders', '+380952505553', 'Сообщения успешно отправлено', 1, 'f18f6f97-57dd-47ed-3fb9-a5cbfc023ba6'),
(515, '2016-09-17 13:55:52', 'Ваша заявка на аренду автомобила принята водителем. Ожидается оплата заказа. Детали: http://weddingcars.pl.ua/orders/38', '+380663564463', 'Сообщения успешно отправлено', 1, '31722027-57dd-e8df-d882-610c3ae98987'),
(516, '2016-09-17 13:58:39', 'Принята оплата по заказу 38. Ожидается Ваше подтверждение. Детали:\nhttp://weddingcars.pl.ua/orders/38', '+380952505553', 'Сообщения успешно отправлено', 1, 'd8e8cd01-57dd-e8df-d882-a0796e9103e7'),
(517, '2016-09-17 14:39:08', 'Поступил авансовый платеж по заказу № 38. Детали:\nhttp://weddingcars.pl.ua/orders/38', '+380952505553', 'Сообщения успешно отправлено', 1, '56537a29-57dd-88f6-750f-9e025eae4b61'),
(518, '2016-10-17 14:01:44', 'Новый заказ на Ваш автомобиль. Детали: http://weddingcars.pl.ua/orders', '+380952505553', 'Сообщения успешно отправлено', 1, '3cc87ae9-5804-c535-eb8f-ac9580b9d8be'),
(519, '2016-11-05 09:35:48', 'Новый заказ на Ваш автомобиль. Детали: http://weddingcars.pl.ua/orders', '+380504074755', 'Сообщения успешно отправлено', 1, 'd0e83ab7-581d-3940-5b24-4c2ce6218d25');

-- --------------------------------------------------------

--
-- Структура таблицы `user`
--

CREATE TABLE IF NOT EXISTS `user` (
  `id` int(11) NOT NULL,
  `username` varchar(255) COLLATE utf8_unicode_ci NOT NULL,
  `fio` varchar(255) COLLATE utf8_unicode_ci NOT NULL,
  `phone` varchar(13) COLLATE utf8_unicode_ci NOT NULL,
  `type` varchar(8) COLLATE utf8_unicode_ci NOT NULL DEFAULT 'client',
  `partner` int(1) DEFAULT '0',
  `score` decimal(7,2) NOT NULL DEFAULT '0.00',
  `email` varchar(255) COLLATE utf8_unicode_ci NOT NULL,
  `password_hash` varchar(60) COLLATE utf8_unicode_ci NOT NULL,
  `auth_key` varchar(32) COLLATE utf8_unicode_ci NOT NULL,
  `confirmed_at` int(11) DEFAULT NULL,
  `unconfirmed_email` varchar(255) COLLATE utf8_unicode_ci DEFAULT NULL,
  `blocked_at` int(11) DEFAULT NULL,
  `registration_ip` varchar(45) COLLATE utf8_unicode_ci DEFAULT NULL,
  `created_at` int(11) NOT NULL,
  `updated_at` int(11) NOT NULL,
  `flags` int(11) NOT NULL DEFAULT '0'
) ENGINE=InnoDB AUTO_INCREMENT=130 DEFAULT CHARSET=utf8 COLLATE=utf8_unicode_ci;

--
-- Дамп данных таблицы `user`
--

INSERT INTO `user` (`id`, `username`, `fio`, `phone`, `type`, `partner`, `score`, `email`, `password_hash`, `auth_key`, `confirmed_at`, `unconfirmed_email`, `blocked_at`, `registration_ip`, `created_at`, `updated_at`, `flags`) VALUES
(1, 'admin', 'Админ Админ Админ', '+380663564463', 'admin', 0, 0.00, 'admin@weddingcars.pl.ua', '$2y$10$CM83.2Z/w2TPEewrCcZaJehbNprPxV64pBwrq5zPTVPNcfYgtV4XO', '7EX0wuILynhowgNsYBUDX2u3lAZeLV9T', 1470641008, '', NULL, '93.78.238.18', 1465814964, 1470730123, 0),
(11, 'driver', 'Водитель Водила Водилович', '+380663564463', 'driver', 0, 0.00, 'driver@gmail.com', '$2y$10$PnHdcpunOCSQwt7Spj7TvOFZ50W/dZ2yyEvSj0FhhYcMuzzE.Cvmy', 'fEO7XvyPBvhphC1aIrYt-blMD02qLVke', 1470666508, NULL, NULL, '93.78.238.18', 1470666414, 1470743558, 0),
(12, 'partner', 'Партнер Партнер Партнер', '+380000000000', 'driver', 1, 0.00, 'partner@gmail.com', '$2y$10$ZjLlsfGyXd5zFIaaB.wCyObdywMNcFLC4CaKp7HBecSTS1IGrRrnG', 'NIPi_guiFwKTORIdh7jMO82dvyt3OVoC', 1470666502, NULL, NULL, '93.78.238.18', 1470666494, 1470666494, 0),
(13, 'client', 'Клиентко Клиент Батькович', '+380000000000', 'client', 0, 0.00, 'client@gmail.com', '$2y$10$qZB.S0jJifbBEYzAFnWQA.QJ4LO9U1A4rXzuhE.HDbzVQrtPAKjTu', 'oL4fwDHAduWldnyDWTcK1R7LGCYt4C2y', NULL, NULL, NULL, '93.78.238.18', 1470666624, 1470666624, 0),
(52, 'Yana', 'Яна', '+380987771721', 'manager', 0, 0.00, 'hamedan.real@gmail.com', '$2y$10$0YJUpADotx/v04iZ/SVrEuP26IVR4N4uNknZKZRw3yUHZMX8/auum', 'YXwUZdtAGNB25RUqDstXw03GykEBE7rb', 1473765530, NULL, NULL, '93.78.238.18', 0, 0, 0),
(53, '0508250225', 'Александр', '+380508250225', 'driver', 0, 0.00, '0508250225@weddingcars.pl.ua', '$2y$10$fqWhJ2OsklCpxXIvRrTUNOt7KzXmpMLeGpRvCHuwOesWNoFItWcPu', '10npANJp_XwPKKQVcZs0y9OREq_jf9lJ', 1473765847, NULL, NULL, '93.78.238.18', 0, 0, 0),
(54, '0958820328', 'Дмитрий', '+380958820328', 'driver', 0, 0.00, '0958820328@weddingcars.pl.ua', '$2y$10$PnHuGMM31oI/qQZ/3JLXRe/pVMUCjwNQ69p29oJ1de4uPgydqsiIi', '46S9HjWqyuBdYpUru8t9j9FFyReovFS8', 1473770462, NULL, NULL, '93.78.238.18', 0, 0, 0),
(55, '0963343033', 'Валерий', '+380963343033', 'driver', 0, 0.00, '0963343033@weddingcars.pl.ua', '$2y$10$bE9eIcr9QbilgZgEZihWOuKRETVyNXsnvFfIq9ecFodt6WO90qz5q', 'iiGpgQH8ZnhT-VxVgu8Lcr_t5J8TnDR5', 1473771647, NULL, NULL, '93.78.238.18', 0, 0, 0),
(56, '0669056297', 'Иван', '+380669056297', 'driver', 0, 0.00, '0669056297@weddingcars.pl.ua', '$2y$10$SimS4On8y9DD5/e3s2cnlOUB0adozbtWRb4.x1mtC4zCVvm3OHvdi', 'S6-mtfuJ4wU_MFN-_odadkmloqT5QDIR', 1473772919, NULL, NULL, '93.78.238.18', 0, 0, 0),
(57, '0999622251', 'Сергей', '+380999622251', 'driver', 0, 0.00, '0999622251@weddingcars.pl.ua', '$2y$10$PYqiIguVGfBFq3/JoK.KoeKt1OypvDtNRN0vhrl/RUVFmtYPAtgla', '2Z960nfZIdQ-QHsOjAUn7NXHxkCFUPlZ', 1473844718, NULL, NULL, '93.78.238.18', 0, 0, 0),
(58, '0667661233', 'Артем', '+380667661233', 'driver', 0, 0.00, '0667661233@weddingcars.pl.ua', '$2y$10$.lBmX43e6c.HFSE27YBbsOP/IzQNUlyuuvrJHTvQ..C0vyl6mM8Ja', '8uQ8EN4A3ia5iDvw9iv02_iX_RkZ-9gu', 1473845308, NULL, NULL, '93.78.238.18', 0, 0, 0),
(59, '0664148410', 'Николай ', '+380664148410', 'driver', 0, 0.00, '0664148410@weddingcars.pl.ua', '$2y$10$P/uJmRqDMzZbuQEVZ3.VZe6bFk9p8tBDmajHVNalFnH5FQSUhnAfS', 'gpjIxRWTYButMsa7J66l2-cVNxKLrSDL', 1473846673, NULL, NULL, '93.78.238.18', 0, 0, 0),
(60, '0663232315', 'Александр ', '+380663232315', 'driver', 0, 0.00, '0663232315@weddingcars.pl.ua', '$2y$10$A30sNH45pRCv8cz5XHYssOFrnRhDLqZita9qsnu0hJQJXRCdsXD6W', '1S6T1zZfVEl2Vm_SFJhaHRPgaKYwwCcT', 1473847811, NULL, NULL, '93.78.238.18', 0, 0, 0),
(63, '0662745807', 'Александр  ', '+380662745807', 'driver', 0, 0.00, '0662745807@weddingcars.pl.ua', '$2y$10$vqeKnWqG9AcfFQl2RqEMweLvJK.NQE15xQeeTmZgaz8IEu3Am4Hoy', 'sFdQmyQSzFP1tUZdCaA251Cqkq9YxfPX', 1473850628, NULL, NULL, '93.78.238.18', 0, 0, 0),
(64, '0666434980', 'Евгений', '+380666434980', 'driver', 0, 0.00, '0666434980@weddingcars.pl.ua', '$2y$10$X6CEXENBRdu5LImAb4Ge0uRpRVjkA64YWMzsTG.hVVC.WWNM5p07.', '4ASlj2u-VIQtGxvw6AGxnEDCOk18dqur', 1473852791, NULL, NULL, '93.78.238.18', 0, 0, 0),
(65, '0994099741', 'Антон', '+380994099741', 'driver', 0, 0.00, '0994099741@weddingcars.pl.ua', '$2y$10$G.lENtVgpJz6aDmY/YB6KOdQQYfRcEbtySODvJOxa8TRfMjc5zXlG', 'hORwQn7C4Yef__JXu1nPKObr7Vxu6sai', 1473854413, NULL, NULL, '93.78.238.18', 0, 0, 0),
(66, '0506155442', 'Андрей', '+380506155442', 'driver', 0, 0.00, '0506155442@weddingcars.pl.ua', '$2y$10$7Vnm4CB7l0ER1uF285GYtu6RdsGuciqLSnzFdreDVa18sEM2H4eQ6', 'mN3dRQ_vnOSX3pCnvffwu0-XefnUDjXX', 1473856122, NULL, NULL, '93.78.238.18', 0, 0, 0),
(67, '0502520095', 'Виталий', '+380502520095', 'driver', 0, 0.00, '0502520095@weddingcars.pl.ua', '$2y$10$Nk0JPsLyW9fCKvLT5heDieeROYXgRe1Vawp6StvvQXyRqQni43zta', 'WOybFLVty6ZoOwdTAGiUmUkEOmzSRULA', 1473856553, NULL, NULL, '93.78.238.18', 0, 0, 0),
(68, '0996578964', 'Надежда', '+380996578964', 'driver', 0, 0.00, '0996578964@weddingcars.pl.ua', '$2y$10$AD8p7JN708qE6Mx0LWt8ceH2TtXzvr13IMiut4/GQD15XsGQPqD4K', 'iUeouRIGUsspl-B7y0Vg0s70mFaMLmhU', 1473856788, NULL, NULL, '93.78.238.18', 0, 0, 0),
(69, '0664234298', 'Владислав', '+380664234298', 'driver', 0, 0.00, '0664234298@weddingcars.pl.ua', '$2y$10$Q2xeXAa.2CbAvN/0TKD/qOK3JBOvDgZMZzE4JsQE6kPn2DwfiuyH6', 'SZY8HJ2jBCBYlHRb2322MeoID9VpxN3P', 1473856982, NULL, NULL, '93.78.238.18', 0, 0, 0),
(70, '0676666080', 'Максим', '+380676666080', 'driver', 0, 0.00, '0676666080@weddingcars.pl.ua', '$2y$10$08kjDOt9NuQP11S8i77TaO.PAF09Kd0hJ.5NzCze.v/ka2FrUlIQC', 'vVnm4Y0KX9ePG8ahfQFCJHCSkds1jgmN', 1473859560, NULL, NULL, '93.78.238.18', 0, 0, 0),
(71, 'Tharsv', 'Васильев Сергей Валентинович', '+380957829812', 'driver', 0, 0.00, 'user16@weddingcars.pl.ua', '$2y$10$aRlW.Z6RcfN7FjYB/e8kIOtV4muc.dgmpVouwelSV9VBjPG5KUIu6', 'KA4J0EIVc1u8b3HrEeyyQuKFD2wApj9k', 1473859964, NULL, NULL, '93.78.238.18', 0, 0, 0),
(72, '0665086363', 'Артур', '+380665086363', 'driver', 0, 0.00, '0665086363@weddingcars.pl.ua', '$2y$10$XRxDLbhzIk6CwmMAj/AnsOe5ss8rvmHmmRib2AXtP1mpiO4wGoGIS', 'mktVQL3NMJAs0bnE4og5YaHu8OkhH_1-', 1473860744, NULL, NULL, '93.78.238.18', 0, 0, 0),
(73, '0969705191', 'Александр', '+380969705191', 'driver', 0, 0.00, '096970519@weddingcars.pl.ua', '$2y$10$LELq7mNYTmtb8AfTbLbK2OzfVkMOn7kaF5z25WMtVkD8MeebDV8x.', 'ANRNDf915yAxB1ScXW6nkSx2jO7gvLiE', 1473861434, NULL, NULL, '93.78.238.18', 0, 0, 0),
(74, '0669272808', 'Дмитрий', '+380669272808', 'driver', 0, 0.00, '0669272808@weddingcars.pl.ua', '$2y$10$49DWCUPpCRuELD/oIkh.7.GbvwsW2Di983wmd1mVen1w9g3WlupWm', 'hpOIa8nj7VLlZP0v0VeWhTGjKIFVRjTs', 1473862404, NULL, NULL, '93.78.238.18', 0, 0, 0),
(75, '0503032277', 'Максим', '+380503032277', 'driver', 0, 0.00, '0503032277@weddingcars.pl.ua', '$2y$10$Smm0v9XED8bfejLQT7WV/.Y5i6mmTdH.LHGit.P5juQaTgpqEAdT2', '5H1ltq9ZshbapEVA26dTwqjv2bVccUIJ', 1473863157, NULL, NULL, '93.78.238.18', 0, 0, 0),
(76, '0992238965', 'Евгений', '+380992238965', 'driver', 0, 0.00, '0992238965@weddingcars.pl.ua', '$2y$10$INQquefDEMMNjTA6IU3x7.TyDWdkouTDUgERZTxBQQJk.wQf7qJkO', 'nu_xKpmuxvC8nWkzsNUHVJKeGTJEJDlr', 1473863857, NULL, NULL, '93.78.238.18', 0, 0, 0),
(77, '0665607255', 'Александр', '+380665607255', 'driver', 0, 0.00, '0665607255@weddingcars.pl.ua', '$2y$10$gkBJq1/mInkaj12cOiq8/uch4/odoacpx/HqwHVfHOtvQu.PMSEv2', 'lQSI7sbaqcZGwRs7Sj4ZTtQZImp1iom4', 1473864337, NULL, NULL, '93.78.238.18', 0, 0, 0),
(78, '0675236614', 'Владимир', '+380675236614', 'driver', 0, 0.00, '0675236614@weddingcars.pl.ua', '$2y$10$sCFgZs9xliAJmMkLsf3yVeGurU9uNlza4o118pwoQJTjxIcd8C9.O', '_vGmc42lIxaaO423ONlVQX-25upllaJy', 1473864869, NULL, NULL, '93.78.238.18', 0, 0, 0),
(79, '0507375444', 'Юрий', '+380507375444', 'driver', 0, 0.00, '0507375444@weddingcars.pl.ua', '$2y$10$9z278PScZJn2jdcjLlfJf.Be6ZkKExOfERo.Xwm06uJf10.0mqWtC', 'vrTCSthOJdbjXzFHHmIyzodmx4n9R_V-', 1473930105, NULL, NULL, '93.78.238.18', 0, 0, 0),
(80, '0664222049', 'Игорь', '+380664222049', 'driver', 0, 0.00, '0664222049@weddingcars.pl.ua', '$2y$10$AF4UlzM32aQgtL3N2E4Hg.Qs/LvzbAwU9W1wSJjFbYVd2wGeVyVzG', 'hu_2UiKEGOebGusJZpBldhfz756u6LS1', 1473930902, NULL, NULL, '93.78.238.18', 0, 0, 0),
(81, '0952563077', 'Владислав', '+380952563077', 'driver', 0, 0.00, '0952563077@weddingcars.pl.ua', '$2y$10$obRPoTauYkDrYoQeJ1MmpuZSobPHNjEGvTO8lo/uUi75MmqMWW6Fy', 'PGQFCbmMf8U1W7zn_03QIzYsV7W2wRCu', 1473931826, NULL, NULL, '93.78.238.18', 0, 0, 0),
(82, '0661858594', 'Евгений', '+380661858594', 'driver', 0, 0.00, '0661858594@weddingcars.pl.ua', '$2y$10$PZsG8gugMj/AtlwZRD2rfuT6uiajq8DfZ1AykbQZC/Ev.Ge/GwyEG', 'As5eYU49d8OVHwRwOvaAxspmnkBzJIgO', 1473932744, NULL, NULL, '93.78.238.18', 0, 0, 0),
(83, '0509023799', 'Александр', '+380509023799', 'driver', 0, 0.00, '0509023799@weddingcars.pl.ua', '$2y$10$lK/iE8wmv1pE8YR/SIlBh.7gxHc65oie0gkYIzcEYC8aidZJem3EG', 'Xoavh2o_95HxRppK-LK02OWCw7NvDPWB', 1473933414, NULL, NULL, '93.78.238.18', 0, 0, 0),
(84, '0506306530', 'Александр', '+380506306530', 'driver', 0, 0.00, '0506306530@weddingcars.pl.ua', '$2y$10$vl3ylb5tLWqFfnc0eWVosOsjsvqX4gOYX39EbYsxDUNZ/B5kbd0AC', '_kakuUDhpkz7NUvLf2FHZnW11dnoXRNn', 1473934429, NULL, NULL, '93.78.238.18', 0, 0, 0),
(85, 'kulbashev@mail.ru', 'Максим', '+380997180003', 'driver', 0, 0.00, 'kulbashev@mail.ru', '$2y$10$a8ZAF363hJKjHcWCmooB2evubJQ52P9pQY/R.1/DEX3xuHnwgvq2G', 'pxEUELvd-ipcYthYsM7Ym8J4tJinyO6x', 1473934820, NULL, NULL, '93.78.238.18', 0, 0, 0),
(86, 'neros3', 'Левченко Владимир Игоревич', '+380952505553', 'driver', 0, 0.00, 'neros3@yandex.ru', '$2y$10$RBevE4uRpEl4DSWV/zAtA.wyN38dRI4rsn7K/LXo9cyklgGFot/.e', 'nLeoPmj4HEWWNi9axkKNpkYEcksaXXIP', 1473939118, NULL, NULL, '93.78.238.18', 0, 0, 0),
(88, 'mxuser', 'Витренко Вячеслав Дмитриеич', '+380663564463', 'admin', 0, 0.00, 'mxuser@ya.ru', '$2y$10$Mq3QBXrixySjbDxhzfkjZeDLzTVU1n2A35kxXvOXJMIq/PiQrLjAK', 'GxM7IFR0y2Bf5Vgg4Y8VbW0YcI777ckH', 1473939790, NULL, NULL, '93.78.238.18', 0, 0, 0),
(90, '0668051890', 'Евгений Лещенко', '+380668051890', 'driver', 0, 0.00, 'dlinnnij@yandex.ru', '$2y$10$zD5W7VdR6B0gCBjoIBi2AehUANNjJHG3oeeuWLRRGAz0zJ57IT9x6', 'I-Jax7_IN75mjhKf9kfEm9A9KCSlEGrO', 1473950141, NULL, NULL, '93.78.238.18', 0, 0, 0),
(91, '0950119025', 'Сергей ', '+380950119025', 'driver', 0, 0.00, '0950119025@weddingcars.pl.ua', '$2y$10$7IllWQXZT2BTkwdnDhcyoOz8WV1WzkdsQb0va0H5tAhURmzIXRa/G', 'kG6TFUGe2UDeDGSon3vs7rlbSfdAVmJf', 1473950735, NULL, NULL, '93.78.238.18', 0, 0, 0),
(92, 'slavavitrenko', 'Клиент Клиент Клиентй', '+380000000000', 'client', 0, 0.00, 'slavavitrenko@gmail.com', '$2y$10$R/2HWEGo0H8AVNmZ9FXd9e.JHWPgFF4cFFfL.SiJ1pwScrXxnZiZ2', '4ZqvFgJl5435zV7p_f3_dzX_5bgPi6rt', 1474027461, NULL, NULL, '93.78.238.18', 0, 0, 0),
(93, '0950630002', 'Александр ', '+380950630002', 'driver', 0, 0.00, 'dangerous1987@yandex.ru', '$2y$10$ZKR4Yope6JrGvL3iIbpCje3dhgpG/ClUYgZ0KfdFK6Gt0azFp2Xla', 'Ojry2e-JgoEwk4FSpC5z7-AcPIL7Ag_U', 1474028124, NULL, NULL, '93.78.238.18', 0, 0, 0),
(94, '0663138175', 'Виктор  ', '+380663138175', 'driver', 0, 0.00, 'chernopv@gmail.com', '$2y$10$BLW5uTX7aFOUP0hLWlZw9.J/UrPdEVb4u5EzjJRctSxNoaN6r4WdK', 'TnAlkVFjPFr-uk97aJ_wdtlECePrIvZT', 1474029283, NULL, NULL, '93.78.238.18', 0, 0, 0),
(95, '0955244022', 'Виталий  ', '+380955244022', 'driver', 0, 0.00, 'kostenko01.08.1984@mail.ru', '$2y$10$tn9.GsLT3dU8T8P9AH4BYOp.RBceZvGzs0IuBdXShXpE3oYW/6OuC', 'Amh7Y-IYoMEI2AgqayYAIDKrqJp8Gedp', 1474029943, NULL, NULL, '93.78.238.18', 0, 0, 0),
(96, 'fedor.veremenich', 'Веременич Федор Георгиевич', '+380506309956', 'driver', 0, 0.00, 'fedor.veremenich@mail.ru', '$2y$10$YEq6/fkQE1UwCoFzT1k9LO768fdPHi.9I7yL/QkjMwAk2agE9UTTe', 'aW2wIDSbedy3ivyX3dmijoKjmJmP5RS2', 1474097810, NULL, NULL, '46.133.40.214', 0, 0, 0),
(97, 'dimakobzon144', 'лукашенко', '+380506778705', 'driver', 0, 0.00, 'dimakobzon144@mail.ru', '$2y$10$PGsQYzOtfpW3H3zN9ZXwMurn8e4fm2b8ZHx0RgqaZr.GAdQL.z4ta', 'nWjkJHJbU09fYq6JeBuG-dGXnlMsfthQ', 1474097942, NULL, NULL, '93.78.248.3', 0, 0, 0),
(98, 'fedor', 'Веременич Федор Георгиевич', '+380506309956', 'driver', 0, 0.00, 'fedor@veremenich.mail.ru', '$2y$10$EwPL.Ij6aTmX2WoWoPrAu.WupewDDJXj2ujWhmGuui61fR7309yCe', 'k-niXRQ7qzu8n2JBSIR_7h2gMcYUmx7L', 1474098841, NULL, NULL, '46.133.40.214', 0, 0, 0),
(100, 'neiron', 'Левченко Владимир Игоревич', '+380952505553', 'admin', 0, 0.00, 'neros354@gmail.com', '$2y$10$0IkPyGOO6kN3NgG/WOTQZ.3eMKvmMfCuAToDC/XHmUYCR8Atu1eDO', '3Cau9FiK3sN0JgFCyZYNzJd0LaRXaBRD', 1474108011, NULL, NULL, '93.78.238.18', 1474108011, 0, 0),
(101, '0938155787', 'Анастасия  ', '+380938155787', 'driver', 0, 0.00, 'limo61@ukr.net', '$2y$10$wDsOQtN7iR6CZKt4ZSfjhOXM713LXdatvJQPzJGDTS6G14HUsiU86', 'DR6-KguEv1yrX1ikB3TfBZc-zulqL7PL', 1474287444, NULL, NULL, '93.78.238.18', 1474287444, 0, 0),
(102, '0993489710', 'Руслан   ', '+380993489710', 'driver', 0, 0.00, 'alina.boiko270190@mail.ru', '$2y$10$13SltlizHpalDXbjODEHlemg5vRImrOurbD2O96DCbgyKw4H2V9uu', 'l-UkXMDOMz3sj8wFygUhv9NWy596zs2z', 1474293401, NULL, NULL, '93.78.238.18', 1474293401, 0, 0),
(103, '0668395696', 'Алексей  ', '+380668395696', 'driver', 0, 0.00, 'aleksey.chaykin123@gmail.com', '$2y$10$.XEk5VffCTDPVHU/WYwVjOmSQ310Ije2FzVSbyh7XtsW9XzI8rrA6', 'lhiqpn5Q3MFGw9kmAw1CZcc5zvtcW_mN', 1474293903, NULL, NULL, '93.78.238.18', 1474293903, 0, 0),
(104, '0667373570', 'Евгений   ', '+380667373570', 'driver', 0, 0.00, 'evgeniygrunin@gmail.com', '$2y$10$9GCjgX2R49KNyxJEXNxHweYJ0uTyuZCFfigqfMVyJVBtaUimvtX5K', '4Focrl7G1qgxJIomDN6TCiPsD36DxrQ_', 1474296460, NULL, NULL, '93.78.238.18', 1474296460, 0, 0),
(105, 'g0lubec', 'Голуб Андрей Викторович', '+380989268472', 'client', 0, 0.00, 'andreygolub@mail.ru', '$2y$10$sSPtmFyv/eM4PPVOLB7N..oco0ciu9LoveYR17JNXSS8sKO9F9wCO', 'f37XTN31w1-6AfJK4daJ9I0aM-2hzELX', 1474365901, NULL, NULL, '93.78.239.127', 1474365901, 0, 0),
(106, '0504074755', 'Анна  ', '+380504074755', 'driver', 0, 0.00, 'avtomir_plus@ukr.net', '$2y$10$YGktnftz7q3hD9L/FN2e6OxqtcHM6FHpLLY76.NO4A/d8LonwJ1Z2', 'ylVX-vYmCKUSRHPALe74y-YD2Hf7EDAH', 1474380047, NULL, NULL, '93.78.238.18', 1474380047, 0, 0),
(107, '0667128501', 'Сергей   667128501', '+380667128501', 'driver', 0, 0.00, 'pl190685psm@gmail.com', '$2y$10$ofGGmQLAyqK/H2R.rKDZ.OKLRB.PSZyH53CFjr5JXA0k9D8GpAoii', 'nz8mHXqU2wuMJ8da_FkBPj1T3btM21b2', 1474463671, NULL, NULL, '93.78.238.18', 1474463671, 0, 0),
(108, 'arenda_avto_poltava', 'Максим', '+380505975092', 'driver', 0, 0.00, 'mike_vazovski@list.ru', '$2y$10$aGZGbjrdbDv92BYsxpDcFuSFnop51lD3gAK/Ty4q9rnCpF773zfqe', 'cluipApTD5-ff9ny_nQFZT5RqntL4jVc', 1474669681, NULL, NULL, '93.78.155.224', 1474669681, 0, 0),
(109, 'anatoliyenes', 'Энес Анатолий Иванович', '+380958349324', 'driver', 0, 0.00, 'anatoliyenes@mail.ru', '$2y$10$3CVeQxok22nFZ..WgxwhIeGu36rSx/jYhcu/D9F0bD1PVpRu0m3ca', 'WcDVlKfSSN9S82XZOwFhP_Q8hRPiK3oY', 1475043461, NULL, NULL, '46.133.39.217', 1475043461, 0, 0),
(110, '0997349267', 'Анатолий', '+380997349267', 'driver', 0, 0.00, 'tolik.rom@meta.ua', '$2y$10$fuJG8Osi.cEkTtrQyYu5AuXi6tZogF3AsoiytxTSlSA5zc3FrudRi', 'lB01_ajACQvXJ1MTgqeg96_AWLS6xXDB', 1475844235, NULL, NULL, '93.78.239.131', 1475844235, 0, 0),
(111, 'maksimledenko', 'Леденко Максим Владимирович', '+380993736006', 'driver', 0, 0.00, 'exbuta4r@bk.ru', '$2y$10$UGrX/bs3Ltt5n6SZ8K8Jtu9.Jmpil1gYOubzgguMwyiLnRkSM7CGG', 'aW8nwnJXknwy0ke-0DbUd_7wIvqb9pUQ', 1476137991, NULL, NULL, '37.57.38.12', 1476137991, 0, 0),
(112, 'aleksa79', 'Александр', '+380997559275', 'driver', 0, 0.00, 'aleksa79@rambler.ru', '$2y$10$OrX9kAkOOTHrNyeJ6y6AsuuVBExeLdNle1cyBi1t9cxJrNX/7M/pa', 'QHdGAt4n_okzr_-WnbEU8MKqk14hPkib', 1476167124, NULL, NULL, '194.44.39.20', 1476167124, 0, 0),
(113, '530921dinara', 'Мирзоева Динара Яшаровна', '+380994812716', 'driver', 0, 0.00, '530921dinara@mail.ru', '$2y$10$NGDz/BKB5mAUJaqbV4zX6uhf5ejOOH.75iJQRK5nKQcZpC5Humv1a', '_szWQgS81so7TZASYitUS27N-3Yl9IsR', 1476533430, NULL, NULL, '5.248.180.62', 1476533430, 0, 0),
(114, 'admin114', 'Роман Свадебные Авто', '+380952505553', 'client', 0, 0.00, 'admin@react-logic.com', '$2y$10$P.y67xSU4bL/uUMJyLY2ouAajnipoKq94zfoRhQRFZhZ./Hd8oS9i', '21NjeJRsOTAOryIvFoUiUAdOXmG-AMpY', 1476712902, NULL, NULL, '93.78.238.18', 1476712902, 0, 0),
(115, 'polo.sedan2016', 'Алексей', '+380975055884', 'driver', 0, 0.00, 'polo.sedan2016@yandex.ru', '$2y$10$kqVZtdZBza1.S9ySxcZedelSeqK/kbeKmeRhCerVI4LjtTdQItmj2', 'esNpF75cnVrrW63e9nYe4EWzOugbycBp', 1476810313, NULL, NULL, '87.244.149.198', 1476810313, 0, 0),
(116, 'mel.oleg2014', 'Мельник Олег Анатольевич', '+380997625265', 'driver', 0, 0.00, 'mel.oleg2014@gmail.com', '$2y$10$lDYp6QBuTCq4N7wrvhKUZuNm3jesI7cZopO8Va0oYRmxGViqO48zu', 'QyMU56EOzjFJ5imxNFajnb9bByHfCACh', 1477658098, NULL, NULL, '93.78.230.139', 1477658098, 0, 0),
(117, 'dima.belan.67', 'Дмитрий', '+380953973979', 'driver', 0, 0.00, 'dima.belan.67@mail.ru', '$2y$10$cbNNn3G22NK6pwozNwQ9du2rimDGf5VhNlCQVFtQR6pjCZ2IzuJwG', 'QJmm5uaqiXCUGGXXF7sV-YjalZd_pshj', 1478003964, NULL, NULL, '159.224.107.239', 1478003964, 0, 0),
(118, 'volodymyr.blyzniuk', 'Близнюк Владимир Иванович', '+380661464591', 'driver', 0, 0.00, 'volodymyr.blyzniuk@ukr.net', '$2y$10$MExPChEnHkqc.xX9ufZyq.Z7bf682gxEhQHqYluDEoiy/Ql19zV0.', 'IF00D11IZ3FuM8uu2k-kjiie4j9eX1Yw', 1478111659, NULL, NULL, '94.178.218.175', 1478111659, 0, 0),
(119, 'yuzef22012', 'Близнюк Юрий Иванович', '+380662643232', 'driver', 0, 0.00, 'yuzef22012@gmai.com', '$2y$10$kqrEe5kE5F66/ErluKBNUuC.75Qgxw6WR.I59wsN5I8uBlXD98CpO', 'xrrRRtlpRQkPqG_bPa_sBSLZCNN3ONLg', 1478321431, NULL, NULL, '77.121.11.29', 1478321431, 0, 0),
(120, 'tsukvip', 'Цюк Сергей', '+380664364524', 'client', 0, 0.00, 'tsukvip@ukr.net', '$2y$10$qXAPOu0ciyJ7TS5PI7dPROYdrd88X6Q2oeGyhKzSBhqoWHfU6.p3a', 'UJhc91LtJ3naoz0pAjKg0OucegEzycZS', 1478338546, NULL, NULL, '46.211.6.224', 1478338546, 0, 0),
(121, 'sb.arenda_avto', 'Белоконь Сергей Анатолиевич', '+380505390188', 'driver', 0, 0.00, 'sb.arenda_avto@rambler.ru', '$2y$10$pAwTHYlV40wnwaB08PlYqeor9pX3POsexd8n/QfzgRy6.vufZYMmW', 'nvzlWqpj6cAy0M1qQTCZnsHtUP0OhXbD', 1478953429, NULL, NULL, '46.133.122.162', 1478953429, 0, 0),
(122, 'info', 'Watcher', '+380678301688', 'client', 0, 0.00, 'info@react-logic.com', '$2y$10$AsWYmkWEq2onOoCiJzEhgef8FJkVmc2G5PcgkPNWKo.rXvv5aZVDq', 'k4PmULl8RvUMkeaHvTu19baTSdUXwGm_', 1479241483, NULL, NULL, '93.78.238.18', 1479241483, 0, 0),
(123, 'romaoven', 'Норкин Роман Геннадиевич', '+380503044261', 'driver', 0, 0.00, 'romaoven@yandex.ru', '$2y$10$haZ.xZsVVaPpZoe7lsSxVO9Ky.EjxKYw0O8ZO.NnPCJCJ0/JNKGY6', 'wgWaMVniCJd7y4waxpwhtiZp59g6TJPL', 1479398577, NULL, NULL, '93.78.225.166', 1479398577, 0, 0),
(124, 'Karpusha0705', 'Карпенко Дмитрий Евгенийович', '+380999847085', 'driver', 0, 0.00, 'Karpusha0705@yandex.ru', '$2y$10$ZKZxd0DuiC4RBFdM36K2SeKvxy17QoOzzbnRFVsE1Dkc6qryvLH66', 'y82ZoGVZAMUEzj1Prv2Bl2EAvf9wzzC_', 1479496338, NULL, NULL, '95.133.184.244', 1479496338, 0, 0),
(125, 'Dino2015', 'Плишивый Андрей Геннадьевичь', '+380507313133', 'driver', 0, 0.00, 'Dino2015@yandex.ru', '$2y$10$ro9JQOGvfKlcP2jKnIR4jevlyr0ZOL/yDR0EVD7Cz5SYRprKCI6fK', 'OYf8O1MFdvBs-iLW-cIuMcJwQpkEIOx9', 1480257734, NULL, NULL, '178.137.158.185', 1480257734, 0, 0),
(126, 'anatol.ba', 'Баландин Анатолий Владимирович', '+380951252373', 'driver', 0, 0.00, 'anatol.ba@rambler.ru', '$2y$10$ll55J0xQFdEvWnfkSI3aPOhG8Haei9ALyTTVLxc7vGLNIelTBrkeS', 'CQwg5q-G5py-OOUVg5T3xdX1swZ0qA_k', 1480345007, NULL, NULL, '77.121.11.25', 1480345007, 0, 0),
(127, 'bivahnov', 'Ивахнов Богдан Олегович', '+380662638289', 'driver', 0, 0.00, 'bivahnov@mail.ru', '$2y$10$/elwnSWLss13G30LluImCuW5Y3FBErd7b3mnYLjksxpDxWPWDh9J2', 'Z2whmhcXqs5Wz9vgRobUv5TpWuSi-24g', 1481096619, NULL, NULL, '93.78.238.18', 1481096619, 0, 0),
(128, 'v.sidko', 'Сидько Валерий Викторович', '+380954210839', 'driver', 0, 0.00, 'v.sidko@bk.ru', '$2y$10$Mx6zbaAzxjiN4cUOG7YFwukx3zs3IKxlKRWsQ1CxqXgK5SY.ygIOO', 'J17nVMAggHEIbD6O6FNZM-ZZxUpnBpl-', 1481376239, NULL, NULL, '46.133.136.20', 1481376239, 0, 0),
(129, '6_sone4ko_9', 'Бондаренко Виктория Викторовна', '+380956083861', 'driver', 0, 0.00, '6_sone4ko_9@mail.ru', '$2y$10$GEHsIdlTYqUdlBIpC99RVOqPfoeH6DwuGFA3gEjCeUO9QdMy1Y4Qy', 'bkCWNmBxX3yhlwq-rBwgJN5HTcCX6jwC', 1481525117, NULL, NULL, '37.57.91.206', 1481525117, 0, 0);

--
-- Индексы сохранённых таблиц
--

--
-- Индексы таблицы `access_log`
--
ALTER TABLE `access_log`
  ADD PRIMARY KEY (`id`),
  ADD KEY `item_id` (`item_id`),
  ADD KEY `user_id` (`user_id`),
  ADD KEY `action` (`action`);

--
-- Индексы таблицы `auth_assignment`
--
ALTER TABLE `auth_assignment`
  ADD PRIMARY KEY (`item_name`,`user_id`),
  ADD KEY `item_name` (`item_name`),
  ADD KEY `user_id` (`user_id`);

--
-- Индексы таблицы `auth_item`
--
ALTER TABLE `auth_item`
  ADD PRIMARY KEY (`name`),
  ADD KEY `rule_name` (`rule_name`),
  ADD KEY `idx-auth_item-type` (`type`);

--
-- Индексы таблицы `auth_item_child`
--
ALTER TABLE `auth_item_child`
  ADD PRIMARY KEY (`parent`,`child`),
  ADD KEY `child` (`child`);

--
-- Индексы таблицы `auth_rule`
--
ALTER TABLE `auth_rule`
  ADD PRIMARY KEY (`name`);

--
-- Индексы таблицы `auto`
--
ALTER TABLE `auto`
  ADD PRIMARY KEY (`id`),
  ADD KEY `user_id` (`user_id`),
  ADD KEY `brand` (`brand`(191)),
  ADD KEY `model` (`model`(191)),
  ADD KEY `category_id` (`category_id`),
  ADD KEY `few_hours_cost` (`few_hours_cost`),
  ADD KEY `hour_cost` (`hour_cost`),
  ADD KEY `outside_cost` (`outside_cost`),
  ADD KEY `popularity` (`popularity`),
  ADD KEY `car_number` (`car_number`),
  ADD KEY `created_at` (`created_at`);

--
-- Индексы таблицы `brands`
--
ALTER TABLE `brands`
  ADD PRIMARY KEY (`id`);

--
-- Индексы таблицы `cache`
--
ALTER TABLE `cache`
  ADD PRIMARY KEY (`id`);

--
-- Индексы таблицы `categories`
--
ALTER TABLE `categories`
  ADD PRIMARY KEY (`id`),
  ADD KEY `idx_name_9034_00` (`name`);

--
-- Индексы таблицы `combo`
--
ALTER TABLE `combo`
  ADD PRIMARY KEY (`id`),
  ADD KEY `idx_name_9051_01` (`name`),
  ADD KEY `idx_price_9051_02` (`price`);

--
-- Индексы таблицы `combo_meals`
--
ALTER TABLE `combo_meals`
  ADD PRIMARY KEY (`id`),
  ADD KEY `idx_combo_id_9065_03` (`combo_id`),
  ADD KEY `idx_meal_id_9065_04` (`meal_id`);

--
-- Индексы таблицы `comments`
--
ALTER TABLE `comments`
  ADD PRIMARY KEY (`id`),
  ADD KEY `auto_id` (`auto_id`);

--
-- Индексы таблицы `gallery`
--
ALTER TABLE `gallery`
  ADD PRIMARY KEY (`id`),
  ADD KEY `idx_title_9076_05` (`title`),
  ADD KEY `idx_order_9076_06` (`order`);

--
-- Индексы таблицы `images`
--
ALTER TABLE `images`
  ADD PRIMARY KEY (`id`);

--
-- Индексы таблицы `meals`
--
ALTER TABLE `meals`
  ADD PRIMARY KEY (`id`),
  ADD KEY `idx_name_9088_07` (`name`),
  ADD KEY `idx_category_id_9089_08` (`category_id`),
  ADD KEY `idx_price_9089_09` (`price`);

--
-- Индексы таблицы `meals_images`
--
ALTER TABLE `meals_images`
  ADD PRIMARY KEY (`id`),
  ADD KEY `idx_meal_id_9101_10` (`meal_id`);

--
-- Индексы таблицы `migration`
--
ALTER TABLE `migration`
  ADD PRIMARY KEY (`version`);

--
-- Индексы таблицы `models`
--
ALTER TABLE `models`
  ADD PRIMARY KEY (`id`),
  ADD KEY `brand_id` (`brand_id`);

--
-- Индексы таблицы `news`
--
ALTER TABLE `news`
  ADD PRIMARY KEY (`id`),
  ADD KEY `idx_title_912_11` (`title`),
  ADD KEY `idx_offer_9121_12` (`offer`),
  ADD KEY `idx_order_9121_13` (`order`),
  ADD KEY `idx_created_at_9121_14` (`created_at`);

--
-- Индексы таблицы `notifications`
--
ALTER TABLE `notifications`
  ADD PRIMARY KEY (`id`);

--
-- Индексы таблицы `orders`
--
ALTER TABLE `orders`
  ADD PRIMARY KEY (`id`),
  ADD KEY `user_id` (`user_id`),
  ADD KEY `car_id` (`car_id`),
  ADD KEY `created_at` (`created_at`),
  ADD KEY `accept` (`confirmed`);

--
-- Индексы таблицы `pages`
--
ALTER TABLE `pages`
  ADD PRIMARY KEY (`id`);

--
-- Индексы таблицы `places`
--
ALTER TABLE `places`
  ADD PRIMARY KEY (`id`),
  ADD KEY `idx_name_9143_15` (`name`);

--
-- Индексы таблицы `profile`
--
ALTER TABLE `profile`
  ADD PRIMARY KEY (`user_id`);

--
-- Индексы таблицы `regions`
--
ALTER TABLE `regions`
  ADD PRIMARY KEY (`id`);

--
-- Индексы таблицы `settings`
--
ALTER TABLE `settings`
  ADD PRIMARY KEY (`admin_email`);

--
-- Индексы таблицы `social_account`
--
ALTER TABLE `social_account`
  ADD PRIMARY KEY (`id`),
  ADD UNIQUE KEY `account_unique` (`provider`,`client_id`),
  ADD UNIQUE KEY `account_unique_code` (`code`),
  ADD KEY `fk_user_account` (`user_id`);

--
-- Индексы таблицы `staff`
--
ALTER TABLE `staff`
  ADD PRIMARY KEY (`id`);

--
-- Индексы таблицы `token`
--
ALTER TABLE `token`
  ADD UNIQUE KEY `token_unique` (`user_id`,`code`,`type`);

--
-- Индексы таблицы `turbo_sms_sent`
--
ALTER TABLE `turbo_sms_sent`
  ADD PRIMARY KEY (`id`);

--
-- Индексы таблицы `user`
--
ALTER TABLE `user`
  ADD PRIMARY KEY (`id`),
  ADD UNIQUE KEY `user_unique_email` (`email`),
  ADD UNIQUE KEY `user_unique_username` (`username`),
  ADD KEY `fio` (`fio`),
  ADD KEY `phone` (`phone`),
  ADD KEY `type` (`type`);

--
-- AUTO_INCREMENT для сохранённых таблиц
--

--
-- AUTO_INCREMENT для таблицы `access_log`
--
ALTER TABLE `access_log`
  MODIFY `id` int(11) NOT NULL AUTO_INCREMENT,AUTO_INCREMENT=241;
--
-- AUTO_INCREMENT для таблицы `auto`
--
ALTER TABLE `auto`
  MODIFY `id` int(11) NOT NULL AUTO_INCREMENT,AUTO_INCREMENT=100;
--
-- AUTO_INCREMENT для таблицы `brands`
--
ALTER TABLE `brands`
  MODIFY `id` int(11) NOT NULL AUTO_INCREMENT,AUTO_INCREMENT=65;
--
-- AUTO_INCREMENT для таблицы `categories`
--
ALTER TABLE `categories`
  MODIFY `id` int(11) NOT NULL AUTO_INCREMENT,AUTO_INCREMENT=46;
--
-- AUTO_INCREMENT для таблицы `combo`
--
ALTER TABLE `combo`
  MODIFY `id` int(11) NOT NULL AUTO_INCREMENT;
--
-- AUTO_INCREMENT для таблицы `combo_meals`
--
ALTER TABLE `combo_meals`
  MODIFY `id` int(11) NOT NULL AUTO_INCREMENT;
--
-- AUTO_INCREMENT для таблицы `comments`
--
ALTER TABLE `comments`
  MODIFY `id` int(11) NOT NULL AUTO_INCREMENT;
--
-- AUTO_INCREMENT для таблицы `gallery`
--
ALTER TABLE `gallery`
  MODIFY `id` int(11) NOT NULL AUTO_INCREMENT;
--
-- AUTO_INCREMENT для таблицы `images`
--
ALTER TABLE `images`
  MODIFY `id` int(11) NOT NULL AUTO_INCREMENT,AUTO_INCREMENT=419;
--
-- AUTO_INCREMENT для таблицы `meals`
--
ALTER TABLE `meals`
  MODIFY `id` int(11) NOT NULL AUTO_INCREMENT;
--
-- AUTO_INCREMENT для таблицы `meals_images`
--
ALTER TABLE `meals_images`
  MODIFY `id` int(11) NOT NULL AUTO_INCREMENT;
--
-- AUTO_INCREMENT для таблицы `models`
--
ALTER TABLE `models`
  MODIFY `id` int(11) NOT NULL AUTO_INCREMENT,AUTO_INCREMENT=506;
--
-- AUTO_INCREMENT для таблицы `news`
--
ALTER TABLE `news`
  MODIFY `id` int(11) NOT NULL AUTO_INCREMENT;
--
-- AUTO_INCREMENT для таблицы `notifications`
--
ALTER TABLE `notifications`
  MODIFY `id` int(11) NOT NULL AUTO_INCREMENT;
--
-- AUTO_INCREMENT для таблицы `orders`
--
ALTER TABLE `orders`
  MODIFY `id` int(11) NOT NULL AUTO_INCREMENT,AUTO_INCREMENT=41;
--
-- AUTO_INCREMENT для таблицы `pages`
--
ALTER TABLE `pages`
  MODIFY `id` int(11) NOT NULL AUTO_INCREMENT,AUTO_INCREMENT=13;
--
-- AUTO_INCREMENT для таблицы `places`
--
ALTER TABLE `places`
  MODIFY `id` int(11) NOT NULL AUTO_INCREMENT;
--
-- AUTO_INCREMENT для таблицы `regions`
--
ALTER TABLE `regions`
  MODIFY `id` int(11) NOT NULL AUTO_INCREMENT,AUTO_INCREMENT=9;
--
-- AUTO_INCREMENT для таблицы `social_account`
--
ALTER TABLE `social_account`
  MODIFY `id` int(11) NOT NULL AUTO_INCREMENT,AUTO_INCREMENT=266;
--
-- AUTO_INCREMENT для таблицы `staff`
--
ALTER TABLE `staff`
  MODIFY `id` int(11) NOT NULL AUTO_INCREMENT;
--
-- AUTO_INCREMENT для таблицы `turbo_sms_sent`
--
ALTER TABLE `turbo_sms_sent`
  MODIFY `id` int(11) NOT NULL AUTO_INCREMENT,AUTO_INCREMENT=520;
--
-- AUTO_INCREMENT для таблицы `user`
--
ALTER TABLE `user`
  MODIFY `id` int(11) NOT NULL AUTO_INCREMENT,AUTO_INCREMENT=130;
--
-- Ограничения внешнего ключа сохраненных таблиц
--

--
-- Ограничения внешнего ключа таблицы `auth_item`
--
ALTER TABLE `auth_item`
  ADD CONSTRAINT `auth_item_ibfk_1` FOREIGN KEY (`rule_name`) REFERENCES `auth_rule` (`name`) ON DELETE SET NULL ON UPDATE CASCADE;

/*!40101 SET CHARACTER_SET_CLIENT=@OLD_CHARACTER_SET_CLIENT */;
/*!40101 SET CHARACTER_SET_RESULTS=@OLD_CHARACTER_SET_RESULTS */;
/*!40101 SET COLLATION_CONNECTION=@OLD_COLLATION_CONNECTION */;
